date,time,comp,round,day,venue,result,gf,ga,opponent,xg,xga,poss,attendance,captain,formation,opp formation,referee,match report,sh,sot,dist,fk,pk,pkatt,team,season,match_month,matchweek_num,season_period,high_scoring_flag,low_attendance_flag,points,xg_diff
2020-09-12,12:30,Premier League,Matchweek 1,Sat,Away,W,3,0,Fulham,1.9,0.1,54,,Pierre-Emerick Aubameyang,,4-2-3-1,Chris Kavanagh,Match Report,13,5,14.1,2,0,0,Arsenal,2021,September,1,Early season,False,,3,1.1
2020-09-19,20:00,Premier League,Matchweek 2,Sat,Home,W,2,1,West Ham United,1.1,2.0,62,,Pierre-Emerick Aubameyang,,,Michael Oliver,Match Report,7,3,14.8,0,0,0,Arsenal,2021,September,2,Early season,False,,3,0.9
2020-09-28,20:00,Premier League,Matchweek 3,Mon,Away,L,1,3,Liverpool,1.3,2.7,34,,Pierre-Emerick Aubameyang,,,Craig Pawson,Match Report,4,3,15.0,0,0,0,Arsenal,2021,September,3,Early season,False,,0,-0.3
2020-10-04,14:00,Premier League,Matchweek 4,Sun,Home,W,2,1,Sheffield United,0.6,0.2,64,,Pierre-Emerick Aubameyang,,,Lee Mason,Match Report,6,5,16.3,0,0,0,Arsenal,2021,October,4,Early season,False,,3,1.4
2020-10-17,17:30,Premier League,Matchweek 5,Sat,Away,L,0,1,Manchester City,0.9,1.3,42,,Pierre-Emerick Aubameyang,,3-1-4-2,Chris Kavanagh,Match Report,11,3,18.4,2,0,0,Arsenal,2021,October,5,Early season,False,,0,-0.9
2020-10-25,19:15,Premier League,Matchweek 6,Sun,Home,L,0,1,Leicester City,0.7,0.7,56,,Pierre-Emerick Aubameyang,,,Craig Pawson,Match Report,12,4,15.0,1,0,0,Arsenal,2021,October,6,Early season,False,,0,-0.7
2020-11-01,16:30,Premier League,Matchweek 7,Sun,Away,W,1,0,Manchester United,1.0,0.4,46,,Pierre-Emerick Aubameyang,,4-1-2-1-2,Mike Dean,Match Report,6,1,24.6,0,1,1,Arsenal,2021,November,7,Early season,False,,3,0.0
2020-11-08,19:15,Premier League,Matchweek 8,Sun,Home,L,0,3,Aston Villa,1.5,1.8,59,,Pierre-Emerick Aubameyang,,4-2-3-1,Martin Atkinson,Match Report,13,2,16.4,0,0,0,Arsenal,2021,November,8,Early season,False,,0,-1.5
2020-11-22,16:30,Premier League,Matchweek 9,Sun,Away,D,0,0,Leeds United,0.9,1.8,34,,Pierre-Emerick Aubameyang,4-2-3-1,4-1-4-1,Anthony Taylor,Match Report,9,2,19.6,2,0,0,Arsenal,2021,November,9,Early season,False,,1,-0.9
2020-11-29,19:15,Premier League,Matchweek 10,Sun,Home,L,1,2,Wolverhampton Wanderers,1.5,1.8,56,,Pierre-Emerick Aubameyang,4-2-3-1,4-2-3-1,Michael Oliver,Match Report,13,2,15.6,2,0,0,Arsenal,2021,November,10,Early season,False,,0,-0.5
2020-12-06,16:30,Premier League,Matchweek 11,Sun,Away,L,0,2,Tottenham Hotspur,0.6,0.3,69,2000.0,Pierre-Emerick Aubameyang,4-2-3-1,4-2-3-1,Martin Atkinson,Match Report,11,2,16.8,1,0,0,Arsenal,2021,December,11,Early season,False,True,0,-0.6
2020-12-13,19:15,Premier League,Matchweek 12,Sun,Home,L,0,1,Burnley,1.6,1.4,65,2000.0,Pierre-Emerick Aubameyang,4-2-3-1,4-4-1-1,Graham Scott,Match Report,18,6,17.6,0,0,0,Arsenal,2021,December,12,Early season,False,True,0,-1.6
2020-12-16,18:00,Premier League,Matchweek 13,Wed,Home,D,1,1,Southampton,0.6,1.2,36,,Pierre-Emerick Aubameyang,,,Paul Tierney,Match Report,9,4,22.3,0,0,0,Arsenal,2021,December,13,Early season,False,,1,0.4
2020-12-19,17:30,Premier League,Matchweek 14,Sat,Away,L,1,2,Everton,1.4,0.6,57,,Rob Holding,,4-2-3-1,Andre Marriner,Match Report,12,1,18.9,1,1,1,Arsenal,2021,December,14,Mid season,False,,0,-0.4
2020-12-26,17:30,Premier League,Matchweek 15,Sat,Home,W,3,1,Chelsea,2.0,2.6,40,,Héctor Bellerín,4-2-3-1,,Michael Oliver,Match Report,14,6,17.9,1,1,1,Arsenal,2021,December,15,Mid season,False,,3,1.0
2020-12-29,18:00,Premier League,Matchweek 16,Tue,Away,W,1,0,Brighton And Hove Albion,1.1,0.8,50,,Pierre-Emerick Aubameyang,4-2-3-1,,Martin Atkinson,Match Report,11,3,14.5,1,0,0,Arsenal,2021,December,16,Mid season,False,,3,-0.1
2021-01-02,20:00,Premier League,Matchweek 17,Sat,Away,W,4,0,West Bromwich Albion,3.7,1.0,61,,Pierre-Emerick Aubameyang,4-2-3-1,4-4-1-1,Martin Atkinson,Match Report,21,11,15.2,0,0,0,Arsenal,2021,January,17,Mid season,False,,3,0.3
2021-01-14,20:00,Premier League,Matchweek 18,Thu,Home,D,0,0,Crystal Palace,0.4,0.8,67,,Pierre-Emerick Aubameyang,4-2-3-1,,Andre Marriner,Match Report,11,4,20.1,0,0,0,Arsenal,2021,January,18,Mid season,False,,1,-0.4
2021-01-18,20:00,Premier League,Matchweek 19,Mon,Home,W,3,0,Newcastle United,2.4,0.2,66,,Pierre-Emerick Aubameyang,4-2-3-1,,David Coote,Match Report,20,6,16.6,1,0,0,Arsenal,2021,January,19,Mid season,False,,3,0.6
2021-01-26,20:15,Premier League,Matchweek 20,Tue,Away,W,3,1,Southampton,2.2,0.8,42,,Héctor Bellerín,4-2-3-1,,Kevin Friend,Match Report,9,4,15.2,0,0,0,Arsenal,2021,January,20,Mid season,False,,3,0.8
2021-01-30,17:30,Premier League,Matchweek 21,Sat,Home,D,0,0,Manchester United,0.9,1.6,43,,Héctor Bellerín,4-2-3-1,4-2-3-1,Michael Oliver,Match Report,17,3,20.8,3,0,0,Arsenal,2021,January,21,Mid season,False,,1,-0.9
2021-02-02,18:00,Premier League,Matchweek 22,Tue,Away,L,1,2,Wolverhampton Wanderers,0.8,1.5,45,,Héctor Bellerín,4-2-3-1,4-2-3-1,Craig Pawson,Match Report,9,3,18.7,0,0,0,Arsenal,2021,February,22,Mid season,False,,0,0.2
2021-02-06,12:30,Premier League,Matchweek 23,Sat,Away,L,0,1,Aston Villa,0.8,1.2,65,,Héctor Bellerín,4-2-3-1,4-2-3-1,Chris Kavanagh,Match Report,14,3,17.3,1,0,0,Arsenal,2021,February,23,Mid season,False,,0,-0.8
2021-02-14,16:30,Premier League,Matchweek 24,Sun,Home,W,4,2,Leeds United,2.3,0.9,46,,Pierre-Emerick Aubameyang,4-2-3-1,4-1-4-1,Stuart Attwell,Match Report,12,4,19.1,0,1,1,Arsenal,2021,February,24,Mid season,False,,3,1.7
2021-02-21,16:30,Premier League,Matchweek 25,Sun,Home,L,0,1,Manchester City,0.3,1.8,45,,Pierre-Emerick Aubameyang,4-2-3-1,,Jonathan Moss,Match Report,7,1,19.5,0,0,0,Arsenal,2021,February,25,Mid season,False,,0,-0.3
2021-02-28,12:00,Premier League,Matchweek 26,Sun,Away,W,3,1,Leicester City,2.3,0.4,56,,Alexandre Lacazette,4-2-3-1,,Paul Tierney,Match Report,11,3,18.5,0,1,1,Arsenal,2021,February,26,Late season,False,,3,0.7
2021-03-06,12:30,Premier League,Matchweek 27,Sat,Away,D,1,1,Burnley,2.5,1.1,59,,Pierre-Emerick Aubameyang,4-2-3-1,,Andre Marriner,Match Report,15,2,15.5,0,0,0,Arsenal,2021,March,27,Late season,False,,1,-1.5
2021-03-14,16:30,Premier League,Matchweek 28,Sun,Home,W,2,1,Tottenham Hotspur,1.7,0.4,52,,Alexandre Lacazette,4-2-3-1,4-2-3-1,Michael Oliver,Match Report,12,2,22.5,0,1,1,Arsenal,2021,March,28,Late season,False,,3,0.3
2021-03-21,15:00,Premier League,Matchweek 29,Sun,Away,D,3,3,West Ham United,1.4,2.4,62,,Pierre-Emerick Aubameyang,4-2-3-1,4-2-3-1,Jonathan Moss,Match Report,16,6,18.2,0,0,0,Arsenal,2021,March,29,Late season,False,,1,1.6
2021-04-03,20:00,Premier League,Matchweek 30,Sat,Home,L,0,3,Liverpool,0.1,2.4,36,,Pierre-Emerick Aubameyang,4-2-3-1,,Stuart Attwell,Match Report,3,2,18.9,0,0,0,Arsenal,2021,April,30,Late season,False,,0,-0.1
2021-04-11,19:00,Premier League,Matchweek 31,Sun,Away,W,3,0,Sheffield United,1.7,0.3,55,,Alexandre Lacazette,4-2-3-1,,Peter Bankes,Match Report,14,5,18.3,1,0,0,Arsenal,2021,April,31,Late season,False,,3,1.3
2021-04-18,13:30,Premier League,Matchweek 32,Sun,Home,D,1,1,Fulham,2.7,0.9,69,,Héctor Bellerín,4-2-3-1,,Craig Pawson,Match Report,18,5,16.0,1,0,0,Arsenal,2021,April,32,Late season,False,,1,-1.7
2021-04-23,20:00,Premier League,Matchweek 33,Fri,Home,L,0,1,Everton,0.8,0.5,59,,Rob Holding,4-2-3-1,4-2-3-1,Jonathan Moss,Match Report,14,3,18.3,0,0,0,Arsenal,2021,April,33,Late season,False,,0,-0.8
2021-05-02,14:00,Premier League,Matchweek 34,Sun,Away,W,2,0,Newcastle United,2.0,0.3,61,,Pierre-Emerick Aubameyang,4-2-3-1,,Mike Dean,Match Report,19,4,17.0,1,0,0,Arsenal,2021,May,34,Late season,False,,3,0.0
2021-05-09,19:00,Premier League,Matchweek 35,Sun,Home,W,3,1,West Bromwich Albion,0.9,1.8,65,,Rob Holding,4-2-3-1,4-4-1-1,Peter Bankes,Match Report,15,7,19.7,1,0,0,Arsenal,2021,May,35,Late season,False,,3,2.1
2021-05-12,20:15,Premier League,Matchweek 36,Wed,Away,W,1,0,Chelsea,0.6,1.8,33,,Pierre-Emerick Aubameyang,,,Andre Marriner,Match Report,5,2,20.7,0,0,0,Arsenal,2021,May,36,Late season,False,,3,0.4
2021-05-19,19:00,Premier League,Matchweek 37,Wed,Away,W,3,1,Crystal Palace,1.8,1.0,68,6500.0,Pierre-Emerick Aubameyang,4-2-3-1,,Anthony Taylor,Match Report,6,3,14.2,0,0,0,Arsenal,2021,May,37,Late season,False,False,3,1.2
2021-05-23,16:00,Premier League,Matchweek 38,Sun,Home,W,2,0,Brighton And Hove Albion,0.8,0.2,54,10000.0,Pierre-Emerick Aubameyang,4-2-3-1,,Jonathan Moss,Match Report,16,5,20.8,1,0,0,Arsenal,2021,May,38,Late season,False,False,3,1.2
2021-08-13,20:00,Premier League,Matchweek 1,Fri,Away,L,0,2,Brentford,1.3,1.2,64,16479.0,Granit Xhaka,4-2-3-1,,Michael Oliver,Match Report,22,4,19.0,1,0,0,Arsenal,2022,August,1,Early season,False,False,0,-1.3
2021-08-22,16:30,Premier League,Matchweek 2,Sun,Home,L,0,2,Chelsea,0.3,3.1,35,58729.0,Granit Xhaka,4-2-3-1,,Paul Tierney,Match Report,6,3,18.7,0,0,0,Arsenal,2022,August,2,Early season,False,False,0,-0.3
2021-08-28,12:30,Premier League,Matchweek 3,Sat,Away,L,0,5,Manchester City,0.2,4.4,20,52276.0,Pierre-Emerick Aubameyang,,,Martin Atkinson,Match Report,1,0,6.8,0,0,0,Arsenal,2022,August,3,Early season,False,False,0,-0.2
2021-09-11,15:00,Premier League,Matchweek 4,Sat,Home,W,1,0,Norwich City,2.7,0.7,51,58000.0,Pierre-Emerick Aubameyang,4-2-3-1,,Michael Oliver,Match Report,30,6,16.9,1,0,0,Arsenal,2022,September,4,Early season,False,False,3,-1.7
2021-09-18,15:00,Premier League,Matchweek 5,Sat,Away,W,1,0,Burnley,1.1,1.0,54,20000.0,Pierre-Emerick Aubameyang,4-1-4-1,,Anthony Taylor,Match Report,13,3,20.7,1,0,0,Arsenal,2022,September,5,Early season,False,False,3,-0.1
2021-09-26,16:30,Premier League,Matchweek 6,Sun,Home,W,3,1,Tottenham Hotspur,1.1,1.0,46,59919.0,Pierre-Emerick Aubameyang,4-2-3-1,,Craig Pawson,Match Report,12,7,17.7,0,0,0,Arsenal,2022,September,6,Early season,False,False,3,1.9
2021-10-02,17:30,Premier League,Matchweek 7,Sat,Away,D,0,0,Brighton And Hove Albion,0.4,1.1,42,31266.0,Pierre-Emerick Aubameyang,4-2-3-1,,Jonathan Moss,Match Report,8,2,21.1,1,0,0,Arsenal,2022,October,7,Early season,False,False,1,-0.4
2021-10-18,20:00,Premier League,Matchweek 8,Mon,Home,D,2,2,Crystal Palace,1.7,0.7,54,59475.0,Pierre-Emerick Aubameyang,4-1-4-1,4-2-3-1,Mike Dean,Match Report,17,6,17.6,1,0,0,Arsenal,2022,October,8,Early season,False,False,1,0.3
2021-10-22,20:00,Premier League,Matchweek 9,Fri,Home,W,3,1,Aston Villa,2.7,1.4,53,59496.0,Pierre-Emerick Aubameyang,4-2-3-1,3-4-1-2,Craig Pawson,Match Report,21,8,17.3,1,0,1,Arsenal,2022,October,9,Early season,False,False,3,0.3
2021-10-30,12:30,Premier League,Matchweek 10,Sat,Away,W,2,0,Leicester City,0.7,1.3,36,32209.0,Pierre-Emerick Aubameyang,4-4-1-1,3-4-1-2,Michael Oliver,Match Report,9,5,16.7,0,0,0,Arsenal,2022,October,10,Early season,False,False,3,1.3
2021-11-07,14:00,Premier League,Matchweek 11,Sun,Home,W,1,0,Watford,1.6,0.5,60,59833.0,Pierre-Emerick Aubameyang,4-4-1-1,4-1-4-1,Kevin Friend,Match Report,13,5,21.1,1,0,1,Arsenal,2022,November,11,Early season,False,False,3,-0.6
2021-11-20,17:30,Premier League,Matchweek 12,Sat,Away,L,0,4,Liverpool,0.4,4.3,38,53092.0,Pierre-Emerick Aubameyang,4-4-1-1,,Michael Oliver,Match Report,5,3,19.9,0,0,0,Arsenal,2022,November,12,Early season,False,False,0,-0.4
2021-11-27,12:30,Premier League,Matchweek 13,Sat,Home,W,2,0,Newcastle United,2.5,0.3,66,59886.0,Pierre-Emerick Aubameyang,4-4-1-1,,Stuart Attwell,Match Report,24,6,17.8,1,0,0,Arsenal,2022,November,13,Early season,False,False,3,-0.5
2021-12-02,20:15,Premier League,Matchweek 14,Thu,Away,L,2,3,Manchester United,1.4,1.9,56,73123.0,Pierre-Emerick Aubameyang,4-4-1-1,4-2-3-1,Martin Atkinson,Match Report,17,7,16.5,1,0,0,Arsenal,2022,December,14,Mid season,False,False,0,0.6
2021-12-06,20:00,Premier League,Matchweek 15,Mon,Away,L,1,2,Everton,1.0,0.9,63,38906.0,Alexandre Lacazette,4-2-3-1,4-4-1-1,Mike Dean,Match Report,10,3,16.1,0,0,0,Arsenal,2022,December,15,Mid season,False,False,0,0.0
2021-12-11,15:00,Premier League,Matchweek 16,Sat,Home,W,3,0,Southampton,1.8,0.6,61,59653.0,Alexandre Lacazette,4-4-1-1,,Jarred Gillett,Match Report,15,5,15.7,0,0,0,Arsenal,2022,December,16,Mid season,False,False,3,1.2
2021-12-15,20:00,Premier League,Matchweek 17,Wed,Home,W,2,0,West Ham United,2.8,0.4,55,59777.0,Alexandre Lacazette,4-4-1-1,4-2-3-1,Anthony Taylor,Match Report,20,7,19.6,2,0,1,Arsenal,2022,December,17,Mid season,False,False,3,-0.8
2021-12-18,17:30,Premier League,Matchweek 18,Sat,Away,W,4,1,Leeds United,3.5,1.6,49,36166.0,Alexandre Lacazette,4-2-3-1,4-2-3-1,Andre Marriner,Match Report,21,12,16.7,0,0,0,Arsenal,2022,December,18,Mid season,False,False,3,0.5
2021-12-26,15:00,Premier League,Matchweek 19,Sun,Away,W,5,0,Norwich City,2.5,0.1,64,26940.0,Alexandre Lacazette,4-2-3-1,4-2-3-1,Graham Scott,Match Report,15,5,17.7,1,1,1,Arsenal,2022,December,19,Mid season,False,False,3,2.5
2022-01-01,12:30,Premier League,Matchweek 21,Sat,Home,L,1,2,Manchester City,0.8,2.0,29,59757.0,Alexandre Lacazette,4-2-3-1,4-2-3-1,Stuart Attwell,Match Report,7,2,15.6,0,0,0,Arsenal,2022,January,21,Mid season,False,False,0,0.2
2022-01-23,14:00,Premier League,Matchweek 23,Sun,Home,D,0,0,Burnley,1.2,0.4,75,59255.0,Alexandre Lacazette,4-1-4-1,,David Coote,Match Report,20,5,18.8,2,0,0,Arsenal,2022,January,23,Mid season,False,False,1,-1.2
2022-02-10,19:45,Premier League,Matchweek 24,Thu,Away,W,1,0,Wolverhampton Wanderers,1.8,0.8,42,31523.0,Alexandre Lacazette,4-2-3-1,,Michael Oliver,Match Report,12,2,17.2,0,0,0,Arsenal,2022,February,24,Mid season,False,False,3,-0.8
2022-02-19,15:00,Premier League,Matchweek 26,Sat,Home,W,2,1,Brentford,1.7,0.6,66,59249.0,Alexandre Lacazette,4-2-3-1,,Jonathan Moss,Match Report,24,7,16.0,0,0,0,Arsenal,2022,February,26,Late season,False,False,3,0.3
2022-02-24,19:45,Premier League,Matchweek 20,Thu,Home,W,2,1,Wolverhampton Wanderers,3.1,1.0,56,59888.0,Alexandre Lacazette,4-2-3-1,,Martin Atkinson,Match Report,26,5,15.6,1,0,0,Arsenal,2022,February,20,Mid season,False,False,3,-1.1
2022-03-06,14:00,Premier League,Matchweek 28,Sun,Away,W,3,2,Watford,1.0,1.0,56,21142.0,Alexandre Lacazette,4-2-3-1,,Craig Pawson,Match Report,16,4,17.3,0,0,0,Arsenal,2022,March,28,Late season,False,False,3,2.0
2022-03-13,16:30,Premier League,Matchweek 29,Sun,Home,W,2,0,Leicester City,2.4,0.4,46,60111.0,Alexandre Lacazette,4-2-3-1,4-2-3-1,Anthony Taylor,Match Report,20,6,16.2,0,1,1,Arsenal,2022,March,29,Late season,False,False,3,-0.4
2022-03-16,20:15,Premier League,Matchweek 27,Wed,Home,L,0,2,Liverpool,0.5,0.8,49,59968.0,Alexandre Lacazette,4-2-3-1,,Andre Marriner,Match Report,9,2,22.5,0,0,0,Arsenal,2022,March,27,Late season,False,False,0,-0.5
2022-03-19,12:30,Premier League,Matchweek 30,Sat,Away,W,1,0,Aston Villa,1.3,0.5,53,41956.0,Alexandre Lacazette,4-2-3-1,4-3-2-1,Andy Madley,Match Report,10,3,19.5,0,0,0,Arsenal,2022,March,30,Late season,False,False,3,-0.3
2022-04-04,20:00,Premier League,Matchweek 31,Mon,Away,L,0,3,Crystal Palace,0.8,1.5,68,25149.0,Alexandre Lacazette,4-2-3-1,4-2-3-1,Paul Tierney,Match Report,12,3,18.5,0,0,0,Arsenal,2022,April,31,Late season,False,False,0,-0.8
2022-04-09,15:00,Premier League,Matchweek 32,Sat,Home,L,1,2,Brighton And Hove Albion,1.9,0.6,64,60112.0,Alexandre Lacazette,4-2-3-1,,David Coote,Match Report,20,4,16.7,2,0,0,Arsenal,2022,April,32,Late season,False,False,0,-0.9
2022-04-16,15:00,Premier League,Matchweek 33,Sat,Away,L,0,1,Southampton,1.7,0.8,75,31465.0,Martin Ødegaard,4-2-3-1,,Peter Bankes,Match Report,23,6,18.3,1,0,0,Arsenal,2022,April,33,Late season,False,False,0,-1.7
2022-04-20,19:45,Premier League,Matchweek 25,Wed,Away,W,4,2,Chelsea,2.0,0.7,33,32249.0,Martin Ødegaard,4-2-3-1,3-4-1-2,Jonathan Moss,Match Report,13,3,19.5,0,1,1,Arsenal,2022,April,25,Mid season,False,False,3,2.0
2022-04-23,12:30,Premier League,Matchweek 34,Sat,Home,W,3,1,Manchester United,2.3,1.8,54,60223.0,Martin Ødegaard,4-2-3-1,4-2-3-1,Craig Pawson,Match Report,13,6,19.3,1,1,1,Arsenal,2022,April,34,Late season,False,False,3,0.7
2022-05-01,16:30,Premier League,Matchweek 35,Sun,Away,W,2,1,West Ham United,0.9,0.5,43,59959.0,Martin Ødegaard,4-2-3-1,4-2-3-1,Mike Dean,Match Report,13,7,19.3,0,0,0,Arsenal,2022,May,35,Late season,False,False,3,1.1
2022-05-08,14:00,Premier League,Matchweek 36,Sun,Home,W,2,1,Leeds United,2.0,0.3,64,60108.0,Martin Ødegaard,4-2-3-1,4-2-3-1,Chris Kavanagh,Match Report,19,9,14.3,2,0,0,Arsenal,2022,May,36,Late season,False,False,3,0.0
2022-05-12,19:45,Premier League,Matchweek 22,Thu,Away,L,0,3,Tottenham Hotspur,0.5,2.7,43,62027.0,Martin Ødegaard,,,Paul Tierney,Match Report,9,5,24.0,0,0,0,Arsenal,2022,May,22,Mid season,False,False,0,-0.5
2022-05-16,20:00,Premier League,Matchweek 37,Mon,Away,L,0,2,Newcastle United,0.6,1.6,49,52274.0,Martin Ødegaard,4-2-3-1,,Darren England,Match Report,11,2,21.1,0,0,0,Arsenal,2022,May,37,Late season,False,False,0,-0.6
2022-05-22,16:00,Premier League,Matchweek 38,Sun,Home,W,5,1,Everton,4.2,1.1,73,60201.0,Martin Ødegaard,4-2-3-1,,Andre Marriner,Match Report,25,8,17.0,0,1,1,Arsenal,2022,May,38,Late season,False,False,3,0.8
2022-08-05,20:00,Premier League,Matchweek 1,Fri,Away,W,2,0,Crystal Palace,1.0,1.2,44,25286.0,Martin Ødegaard,,4-2-3-1,Anthony Taylor,Match Report,10,2,14.6,1,0,0,Arsenal,2023,August,1,Early season,False,False,3,1.0
2022-08-13,15:00,Premier League,Matchweek 2,Sat,Home,W,4,2,Leicester City,2.7,0.5,50,60033.0,Martin Ødegaard,,3-5-1-1,Darren England,Match Report,19,7,13.0,0,0,0,Arsenal,2023,August,2,Early season,False,False,3,1.3
2022-08-20,17:30,Premier League,Matchweek 3,Sat,Away,W,3,0,Bournemouth,1.3,0.3,57,10423.0,Martin Ødegaard,,3-1-4-2,Craig Pawson,Match Report,14,6,14.8,0,0,0,Arsenal,2023,August,3,Early season,False,False,3,1.7
2022-08-27,17:30,Premier League,Matchweek 4,Sat,Home,W,2,1,Fulham,2.6,0.8,71,60164.0,Martin Ødegaard,,4-2-3-1,Jarred Gillett,Match Report,22,8,15.5,1,0,0,Arsenal,2023,August,4,Early season,False,False,3,-0.6
2022-08-31,19:30,Premier League,Matchweek 5,Wed,Home,W,2,1,Aston Villa,2.4,0.4,59,60012.0,Martin Ødegaard,,,Robert Jones,Match Report,22,8,16.3,1,0,0,Arsenal,2023,August,5,Early season,False,False,3,-0.4
2022-09-04,16:30,Premier League,Matchweek 6,Sun,Away,L,1,3,Manchester United,1.3,1.5,60,73431.0,Martin Ødegaard,,4-2-3-1,Paul Tierney,Match Report,16,3,18.6,1,0,0,Arsenal,2023,September,6,Early season,False,False,0,-0.3
2022-09-18,12:00,Premier League,Matchweek 8,Sun,Away,W,3,0,Brentford,1.5,0.5,63,17122.0,Granit Xhaka,,,David Coote,Match Report,13,7,18.2,0,0,0,Arsenal,2023,September,8,Early season,False,False,3,1.5
2022-10-01,12:30,Premier League,Matchweek 9,Sat,Home,W,3,1,Tottenham Hotspur,2.4,1.6,64,60278.0,Martin Ødegaard,,,Anthony Taylor,Match Report,22,9,18.6,1,0,0,Arsenal,2023,October,9,Early season,False,False,3,0.6
2022-10-09,16:30,Premier League,Matchweek 10,Sun,Home,W,3,2,Liverpool,2.7,1.1,43,60059.0,Martin Ødegaard,,4-2-3-1,Michael Oliver,Match Report,10,6,14.3,0,1,1,Arsenal,2023,October,10,Early season,False,False,3,0.3
2022-10-16,14:00,Premier League,Matchweek 11,Sun,Away,W,1,0,Leeds United,0.5,1.8,53,36700.0,Martin Ødegaard,,4-2-3-1,Chris Kavanagh,Match Report,9,4,16.6,1,0,0,Arsenal,2023,October,11,Early season,False,False,3,0.5
2022-10-23,14:00,Premier League,Matchweek 13,Sun,Away,D,1,1,Southampton,1.0,0.7,59,31145.0,Martin Ødegaard,,,Robert Jones,Match Report,12,3,17.2,0,0,0,Arsenal,2023,October,13,Early season,False,False,1,0.0
2022-10-30,14:00,Premier League,Matchweek 14,Sun,Home,W,5,0,Nottingham Forest,2.3,0.4,69,60263.0,Martin Ødegaard,,,Simon Hooper,Match Report,24,9,16.0,1,0,0,Arsenal,2023,October,14,Mid season,False,False,3,2.7
2022-11-06,12:00,Premier League,Matchweek 15,Sun,Away,W,1,0,Chelsea,2.1,0.3,55,40142.0,Martin Ødegaard,,4-2-3-1,Michael Oliver,Match Report,14,2,14.5,0,0,0,Arsenal,2023,November,15,Mid season,False,False,3,-1.1
2022-11-12,19:45,Premier League,Matchweek 16,Sat,Away,W,2,0,Wolverhampton Wanderers,2.1,0.7,62,34624.0,Martin Ødegaard,,,Stuart Attwell,Match Report,14,3,13.7,0,0,0,Arsenal,2023,November,16,Mid season,False,False,3,-0.1
2022-12-26,20:00,Premier League,Matchweek 17,Mon,Home,W,3,1,West Ham United,2.1,1.0,66,60125.0,Martin Ødegaard,,4-2-3-1,Michael Oliver,Match Report,16,5,18.2,1,0,0,Arsenal,2023,December,17,Mid season,False,False,3,0.9
2022-12-31,17:30,Premier League,Matchweek 18,Sat,Away,W,4,2,Brighton And Hove Albion,2.9,1.2,32,31647.0,Martin Ødegaard,,4-2-3-1,Anthony Taylor,Match Report,14,7,11.2,0,0,0,Arsenal,2023,December,18,Mid season,False,False,3,1.1
2023-01-03,19:45,Premier League,Matchweek 19,Tue,Home,D,0,0,Newcastle United,1.1,1.0,66,60319.0,Martin Ødegaard,,,Andy Madley,Match Report,17,4,17.0,0,0,0,Arsenal,2023,January,19,Mid season,False,False,1,-1.1
2023-01-15,16:30,Premier League,Matchweek 20,Sun,Away,W,2,0,Tottenham Hotspur,1.8,1.6,49,61870.0,Martin Ødegaard,,,Craig Pawson,Match Report,14,5,17.9,2,0,0,Arsenal,2023,January,20,Mid season,False,False,3,0.2
2023-01-22,16:30,Premier League,Matchweek 21,Sun,Home,W,3,2,Manchester United,3.1,0.4,57,60325.0,Martin Ødegaard,,4-2-3-1,Anthony Taylor,Match Report,25,5,14.2,0,0,0,Arsenal,2023,January,21,Mid season,False,False,3,-0.1
2023-02-04,12:30,Premier League,Matchweek 22,Sat,Away,L,0,1,Everton,0.9,1.7,70,39314.0,Martin Ødegaard,,,David Coote,Match Report,15,2,17.6,0,0,0,Arsenal,2023,February,22,Mid season,False,False,0,-0.9
2023-02-11,15:00,Premier League,Matchweek 23,Sat,Home,D,1,1,Brentford,1.6,2.0,69,60254.0,Martin Ødegaard,,,Peter Bankes,Match Report,23,7,19.6,0,0,0,Arsenal,2023,February,23,Mid season,False,False,1,-0.6
2023-02-15,19:30,Premier League,Matchweek 12,Wed,Home,L,1,3,Manchester City,1.6,1.8,63,60276.0,Martin Ødegaard,,4-1-4-1,Anthony Taylor,Match Report,9,0,19.2,0,1,1,Arsenal,2023,February,12,Early season,False,False,0,-0.6
2023-02-18,12:30,Premier League,Matchweek 24,Sat,Away,W,4,2,Aston Villa,3.2,0.5,67,42066.0,Martin Ødegaard,,,Simon Hooper,Match Report,20,5,15.7,0,0,0,Arsenal,2023,February,24,Mid season,False,False,3,0.8
2023-02-25,15:00,Premier League,Matchweek 25,Sat,Away,W,1,0,Leicester City,0.7,0.0,65,32227.0,Oleksandr Zinchenko,,,Craig Pawson,Match Report,10,2,19.4,1,0,0,Arsenal,2023,February,25,Mid season,False,False,3,0.3
2023-03-01,19:45,Premier League,Matchweek 7,Wed,Home,W,4,0,Everton,2.4,1.2,73,60213.0,Martin Ødegaard,,,Michael Oliver,Match Report,15,5,12.9,0,0,0,Arsenal,2023,March,7,Early season,False,False,3,1.6
2023-03-04,15:00,Premier League,Matchweek 26,Sat,Home,W,3,2,Bournemouth,2.1,1.3,79,60222.0,Martin Ødegaard,,,Chris Kavanagh,Match Report,31,9,18.1,2,0,0,Arsenal,2023,March,26,Late season,False,False,3,0.9
2023-03-12,14:00,Premier League,Matchweek 27,Sun,Away,W,3,0,Fulham,2.3,0.8,55,24426.0,Martin Ødegaard,,4-2-3-1,David Coote,Match Report,15,7,15.2,1,0,0,Arsenal,2023,March,27,Late season,False,False,3,0.7
2023-03-19,14:00,Premier League,Matchweek 28,Sun,Home,W,4,1,Crystal Palace,1.6,0.8,62,60247.0,Martin Ødegaard,,4-2-3-1,Stuart Attwell,Match Report,15,5,16.4,0,0,0,Arsenal,2023,March,28,Late season,False,False,3,2.4
2023-04-01,15:00,Premier League,Matchweek 29,Sat,Home,W,4,1,Leeds United,3.8,0.7,66,60283.0,Martin Ødegaard,,,Darren England,Match Report,12,4,13.9,0,1,1,Arsenal,2023,April,29,Late season,False,False,3,0.2
2023-04-09,16:30,Premier League,Matchweek 30,Sun,Away,D,2,2,Liverpool,1.4,3.9,41,53267.0,Martin Ødegaard,,,Paul Tierney,Match Report,9,5,15.7,0,0,0,Arsenal,2023,April,30,Late season,False,False,1,0.6
2023-04-16,14:00,Premier League,Matchweek 31,Sun,Away,D,2,2,West Ham United,2.7,1.8,70,62481.0,Martin Ødegaard,,,David Coote,Match Report,10,5,13.9,0,0,1,Arsenal,2023,April,31,Late season,False,False,1,-0.7
2023-04-21,20:00,Premier League,Matchweek 32,Fri,Home,D,3,3,Southampton,2.4,1.3,74,60175.0,Martin Ødegaard,,,Simon Hooper,Match Report,25,5,15.3,0,0,0,Arsenal,2023,April,32,Late season,False,False,1,0.6
2023-04-26,20:00,Premier League,Matchweek 33,Wed,Away,L,1,4,Manchester City,0.5,2.5,48,53482.0,Martin Ødegaard,,,Michael Oliver,Match Report,8,2,18.0,1,0,0,Arsenal,2023,April,33,Late season,False,False,0,0.5
2023-05-02,20:00,Premier League,Matchweek 34,Tue,Home,W,3,1,Chelsea,1.7,0.8,55,60144.0,Martin Ødegaard,,,Robert Jones,Match Report,16,9,13.0,0,0,0,Arsenal,2023,May,34,Late season,False,False,3,1.3
2023-05-07,16:30,Premier League,Matchweek 35,Sun,Away,W,2,0,Newcastle United,1.3,1.3,45,50267.0,Martin Ødegaard,,,Chris Kavanagh,Match Report,10,6,16.6,0,0,0,Arsenal,2023,May,35,Late season,False,False,3,0.7
2023-05-14,16:30,Premier League,Matchweek 36,Sun,Home,L,0,3,Brighton And Hove Albion,0.9,1.7,41,60139.0,Martin Ødegaard,,4-2-3-1,Andy Madley,Match Report,14,2,16.4,0,0,0,Arsenal,2023,May,36,Late season,False,False,0,-0.9
2023-05-20,17:30,Premier League,Matchweek 37,Sat,Away,L,0,1,Nottingham Forest,0.6,0.6,81,29514.0,Martin Ødegaard,,,Anthony Taylor,Match Report,11,3,16.4,0,0,0,Arsenal,2023,May,37,Late season,False,False,0,-0.6
2023-05-28,16:30,Premier League,Matchweek 38,Sun,Home,W,5,0,Wolverhampton Wanderers,2.8,0.5,51,60095.0,Martin Ødegaard,,,Andre Marriner,Match Report,14,8,13.7,1,0,0,Arsenal,2023,May,38,Late season,False,False,3,2.2
2023-08-12,12:30,Premier League,Matchweek 1,Sat,Home,W,2,1,Nottingham Forest,0.8,1.2,78,59984.0,Martin Ødegaard,,,Michael Oliver,Match Report,15,7,19.1,0,0,0,Arsenal,2024,August,1,Early season,False,False,3,1.2
2023-08-21,20:00,Premier League,Matchweek 2,Mon,Away,W,1,0,Crystal Palace,2.0,1.0,53,24189.0,Martin Ødegaard,,4-2-3-1,David Coote,Match Report,13,2,16.4,0,1,1,Arsenal,2024,August,2,Early season,False,False,3,-1.0
2023-08-26,15:00,Premier League,Matchweek 3,Sat,Home,D,2,2,Fulham,3.2,0.6,71,59961.0,Martin Ødegaard,,,Paul Tierney,Match Report,18,9,13.8,0,1,1,Arsenal,2024,August,3,Early season,False,False,1,-1.2
2023-09-03,16:30,Premier League,Matchweek 4,Sun,Home,W,3,1,Manchester United,2.3,0.9,55,60192.0,Martin Ødegaard,,4-2-3-1,Anthony Taylor,Match Report,17,5,15.0,0,0,0,Arsenal,2024,September,4,Early season,False,False,3,0.7
2023-09-17,16:30,Premier League,Matchweek 5,Sun,Away,W,1,0,Everton,1.0,0.3,74,39217.0,Martin Ødegaard,,,Simon Hooper,Match Report,13,4,17.4,0,0,0,Arsenal,2024,September,5,Early season,False,False,3,0.0
2023-09-24,14:00,Premier League,Matchweek 6,Sun,Home,D,2,2,Tottenham Hotspur,1.8,1.4,47,60156.0,Martin Ødegaard,,4-2-3-1,Robert Jones,Match Report,12,4,16.9,0,1,1,Arsenal,2024,September,6,Early season,False,False,1,0.2
2023-09-30,15:00,Premier League,Matchweek 7,Sat,Away,W,4,0,Bournemouth,3.4,0.6,57,11193.0,Martin Ødegaard,,4-2-3-1,Michael Salisbury,Match Report,13,6,15.5,0,2,2,Arsenal,2024,September,7,Early season,False,False,3,0.6
2023-10-08,16:30,Premier League,Matchweek 8,Sun,Home,W,1,0,Manchester City,0.4,0.5,49,60233.0,Martin Ødegaard,,,Michael Oliver,Match Report,12,2,19.2,0,0,0,Arsenal,2024,October,8,Early season,False,False,3,0.6
2023-10-21,17:30,Premier League,Matchweek 9,Sat,Away,D,2,2,Chelsea,1.0,1.3,56,39723.0,Martin Ødegaard,,4-2-3-1,Chris Kavanagh,Match Report,13,3,14.3,0,0,0,Arsenal,2024,October,9,Early season,False,False,1,1.0
2023-10-28,15:00,Premier League,Matchweek 10,Sat,Home,W,5,0,Sheffield United,2.8,0.0,67,60153.0,Bukayo Saka,,,Tim Robinson,Match Report,12,6,17.0,0,1,1,Arsenal,2024,October,10,Early season,False,False,3,2.2
2023-11-04,17:30,Premier League,Matchweek 11,Sat,Away,L,0,1,Newcastle United,0.6,1.0,58,52194.0,Jorginho,,,Stuart Attwell,Match Report,14,1,20.7,0,0,0,Arsenal,2024,November,11,Early season,False,False,0,-0.6
2023-11-11,15:00,Premier League,Matchweek 12,Sat,Home,W,3,1,Burnley,1.8,0.3,63,60232.0,Jorginho,,,Michael Oliver,Match Report,16,6,13.8,0,0,0,Arsenal,2024,November,12,Early season,False,False,3,1.2
2023-11-25,17:30,Premier League,Matchweek 13,Sat,Away,W,1,0,Brentford,1.6,1.1,63,17201.0,Martin Ødegaard,,,Tim Robinson,Match Report,15,4,15.2,0,0,0,Arsenal,2024,November,13,Early season,False,False,3,-0.6
2023-12-02,15:00,Premier League,Matchweek 14,Sat,Home,W,2,1,Wolverhampton Wanderers,2.8,0.7,57,60262.0,Martin Ødegaard,,,Peter Bankes,Match Report,19,6,15.6,0,0,0,Arsenal,2024,December,14,Mid season,False,False,3,-0.8
2023-12-05,20:15,Premier League,Matchweek 15,Tue,Away,W,4,3,Luton Town,2.2,0.5,66,11031.0,Martin Ødegaard,,,Samuel Barrott,Match Report,23,9,15.5,0,0,0,Arsenal,2024,December,15,Mid season,False,False,3,1.8
2023-12-09,17:30,Premier League,Matchweek 16,Sat,Away,L,0,1,Aston Villa,1.4,0.6,61,42000.0,Martin Ødegaard,,4-4-1-1,Jarred Gillett,Match Report,12,3,14.8,1,0,0,Arsenal,2024,December,16,Mid season,False,False,0,-1.4
2023-12-17,14:00,Premier League,Matchweek 17,Sun,Home,W,2,0,Brighton And Hove Albion,2.3,0.7,49,60257.0,Martin Ødegaard,,4-2-3-1,Tim Robinson,Match Report,26,8,14.2,0,0,0,Arsenal,2024,December,17,Mid season,False,False,3,-0.3
2023-12-23,17:30,Premier League,Matchweek 18,Sat,Away,D,1,1,Liverpool,0.7,1.0,48,57548.0,Martin Ødegaard,,,Chris Kavanagh,Match Report,13,2,17.2,0,0,0,Arsenal,2024,December,18,Mid season,False,False,1,0.3
2023-12-28,20:15,Premier League,Matchweek 19,Thu,Home,L,0,2,West Ham United,2.7,1.4,73,60261.0,Martin Ødegaard,,4-2-3-1,Michael Oliver,Match Report,30,8,16.8,0,0,0,Arsenal,2024,December,19,Mid season,False,False,0,-2.7
2023-12-31,14:00,Premier League,Matchweek 20,Sun,Away,L,1,2,Fulham,1.6,1.2,60,24444.0,Martin Ødegaard,,4-2-3-1,Joshua Smith,Match Report,13,3,15.4,1,0,0,Arsenal,2024,December,20,Mid season,False,False,0,-0.6
2024-01-20,12:30,Premier League,Matchweek 21,Sat,Home,W,5,0,Crystal Palace,3.3,0.3,60,60284.0,Martin Ødegaard,,,Paul Tierney,Match Report,21,7,16.7,0,0,0,Arsenal,2024,January,21,Mid season,False,False,3,1.7
2024-01-30,19:30,Premier League,Matchweek 22,Tue,Away,W,2,1,Nottingham Forest,1.2,0.5,73,29387.0,Martin Ødegaard,,4-2-3-1,Simon Hooper,Match Report,19,3,17.6,0,0,0,Arsenal,2024,January,22,Mid season,False,False,3,0.8
2024-02-04,16:30,Premier League,Matchweek 23,Sun,Home,W,3,1,Liverpool,3.5,0.4,43,60374.0,Martin Ødegaard,,,Anthony Taylor,Match Report,15,7,14.2,0,0,0,Arsenal,2024,February,23,Mid season,False,False,3,-0.5
2024-02-11,14:00,Premier League,Matchweek 24,Sun,Away,W,6,0,West Ham United,3.6,0.2,70,62475.0,Martin Ødegaard,,4-2-3-1,Craig Pawson,Match Report,24,11,16.0,0,1,1,Arsenal,2024,February,24,Mid season,False,False,3,2.4
2024-02-17,15:00,Premier League,Matchweek 25,Sat,Away,W,5,0,Burnley,2.3,0.3,64,21311.0,Martin Ødegaard,,,Jarred Gillett,Match Report,15,6,16.8,1,1,1,Arsenal,2024,February,25,Mid season,False,False,3,2.7
2024-02-24,20:00,Premier League,Matchweek 26,Sat,Home,W,4,1,Newcastle United,2.8,0.2,55,60298.0,Martin Ødegaard,,,Paul Tierney,Match Report,18,7,13.8,0,0,0,Arsenal,2024,February,26,Late season,False,False,3,1.2
2024-03-04,20:00,Premier League,Matchweek 27,Mon,Away,W,6,0,Sheffield United,2.3,0.2,80,29157.0,Martin Ødegaard,,,Samuel Barrott,Match Report,22,9,15.6,1,0,0,Arsenal,2024,March,27,Late season,False,False,3,3.7
2024-03-09,17:30,Premier League,Matchweek 28,Sat,Home,W,2,1,Brentford,1.3,1.0,71,60331.0,Martin Ødegaard,,,Robert Jones,Match Report,17,5,16.4,0,0,0,Arsenal,2024,March,28,Late season,False,False,3,0.7
2024-03-31,16:30,Premier League,Matchweek 30,Sun,Away,D,0,0,Manchester City,0.7,1.0,28,52178.0,Martin Ødegaard,,4-1-4-1,Anthony Taylor,Match Report,6,2,14.2,0,0,0,Arsenal,2024,March,30,Late season,False,False,1,-0.7
2024-04-03,19:30,Premier League,Matchweek 31,Wed,Home,W,2,0,Luton Town,0.7,0.3,58,60262.0,Martin Ødegaard,,,Craig Pawson,Match Report,13,4,17.8,0,0,0,Arsenal,2024,April,31,Late season,False,False,3,1.3
2024-04-06,17:30,Premier League,Matchweek 32,Sat,Away,W,3,0,Brighton And Hove Albion,3.4,0.5,46,31677.0,Martin Ødegaard,,4-2-3-1,John Brooks,Match Report,19,6,12.4,0,1,1,Arsenal,2024,April,32,Late season,False,False,3,-0.4
2024-04-14,16:30,Premier League,Matchweek 33,Sun,Home,L,0,2,Aston Villa,1.6,0.9,52,60350.0,Martin Ødegaard,,4-2-3-1,David Coote,Match Report,18,4,17.2,1,0,0,Arsenal,2024,April,33,Late season,False,False,0,-1.6
2024-04-20,19:30,Premier League,Matchweek 34,Sat,Away,W,2,0,Wolverhampton Wanderers,1.2,0.2,54,31621.0,Martin Ødegaard,,,Paul Tierney,Match Report,24,9,17.8,0,0,0,Arsenal,2024,April,34,Late season,False,False,3,0.8
2024-04-23,20:00,Premier League,Matchweek 29,Tue,Home,W,5,0,Chelsea,3.3,1.6,45,60238.0,Martin Ødegaard,,4-2-3-1,Simon Hooper,Match Report,27,10,16.3,0,0,0,Arsenal,2024,April,29,Late season,False,False,3,1.7
2024-04-28,14:00,Premier League,Matchweek 35,Sun,Away,W,3,2,Tottenham Hotspur,1.0,2.3,38,61554.0,Martin Ødegaard,,4-2-3-1,Michael Oliver,Match Report,9,3,14.3,1,0,0,Arsenal,2024,April,35,Late season,False,False,3,2.0
2024-05-04,12:30,Premier League,Matchweek 36,Sat,Home,W,3,0,Bournemouth,3.3,0.5,55,60348.0,Martin Ødegaard,,,David Coote,Match Report,24,8,14.0,0,1,1,Arsenal,2024,May,36,Late season,False,False,3,-0.3
2024-05-12,16:30,Premier League,Matchweek 37,Sun,Away,W,1,0,Manchester United,1.5,0.5,46,73600.0,Martin Ødegaard,,4-2-3-1,Paul Tierney,Match Report,11,5,13.4,0,0,0,Arsenal,2024,May,37,Late season,False,False,3,-0.5
2024-05-19,16:00,Premier League,Matchweek 38,Sun,Home,W,2,1,Everton,2.9,0.6,68,60312.0,Martin Ødegaard,,4-4-1-1,Michael Oliver,Match Report,26,5,14.1,0,0,0,Arsenal,2024,May,38,Late season,False,False,3,-0.9
2024-08-17,15:00,Premier League,Matchweek 1,Sat,Home,W,2,0,Wolverhampton Wanderers,1.2,0.5,53,60261.0,Martin Ødegaard,,4-2-3-1,Jarred Gillett,Match Report,18,6,17.3,0,0,0,Arsenal,2025,August,1,Early season,False,False,3,0.8
2024-08-24,17:30,Premier League,Matchweek 2,Sat,Away,W,2,0,Aston Villa,0.9,1.2,60,41587.0,Martin Ødegaard,,,Michael Oliver,Match Report,9,4,18.8,0,0,0,Arsenal,2025,August,2,Early season,False,False,3,1.1
2024-08-31,12:30,Premier League,Matchweek 3,Sat,Home,D,1,1,Brighton And Hove Albion,2.1,1.7,36,60326.0,Martin Ødegaard,,4-2-3-1,Chris Kavanagh,Match Report,11,7,12.9,0,0,0,Arsenal,2025,August,3,Early season,False,False,1,-1.1
2024-09-15,14:00,Premier League,Matchweek 4,Sun,Away,W,1,0,Tottenham Hotspur,0.7,0.7,37,61645.0,Jorginho,,,Jarred Gillett,Match Report,7,4,12.1,0,0,0,Arsenal,2025,September,4,Early season,False,False,3,0.3
2024-09-22,16:30,Premier League,Matchweek 5,Sun,Away,D,2,2,Manchester City,0.7,2.1,23,52846.0,Bukayo Saka,,,Michael Oliver,Match Report,5,3,11.3,0,0,0,Arsenal,2025,September,5,Early season,False,False,1,1.3
2024-09-28,15:00,Premier League,Matchweek 6,Sat,Home,W,4,2,Leicester City,4.4,0.3,74,60323.0,Bukayo Saka,,4-2-3-1,Samuel Barrott,Match Report,35,16,14.1,0,0,0,Arsenal,2025,September,6,Early season,False,False,3,-0.4
2024-10-05,15:00,Premier League,Matchweek 7,Sat,Home,W,3,1,Southampton,2.8,0.6,59,60307.0,Jorginho,,,Tony Harrington,Match Report,29,6,14.6,0,0,0,Arsenal,2025,October,7,Early season,False,False,3,0.2
2024-10-19,17:30,Premier League,Matchweek 8,Sat,Away,L,0,2,Bournemouth,0.7,1.8,51,11235.0,Gabriel Magalhães,4-2-3-1,4-2-3-1,Robert Jones,Match Report,6,1,15.1,0,0,0,Arsenal,2025,October,8,Early season,False,False,0,-0.7
2024-10-27,16:30,Premier League,Matchweek 9,Sun,Home,D,2,2,Liverpool,0.9,0.8,45,60383.0,Bukayo Saka,,4-2-3-1,Anthony Taylor,Match Report,9,3,14.1,0,0,0,Arsenal,2025,October,9,Early season,False,False,1,1.1
2024-11-02,12:30,Premier League,Matchweek 10,Sat,Away,L,0,1,Newcastle United,1.1,0.5,63,52249.0,Bukayo Saka,,,John Brooks,Match Report,10,0,14.9,0,0,0,Arsenal,2025,November,10,Early season,False,False,0,-1.1
2024-11-10,16:30,Premier League,Matchweek 11,Sun,Away,D,1,1,Chelsea,1.5,1.5,51,39780.0,Martin Ødegaard,,4-2-3-1,Michael Oliver,Match Report,13,3,16.3,0,0,0,Arsenal,2025,November,11,Early season,False,False,1,-0.5
2024-11-23,15:00,Premier League,Matchweek 12,Sat,Home,W,3,0,Nottingham Forest,1.2,0.3,66,60298.0,Martin Ødegaard,,4-2-3-1,Simon Hooper,Match Report,19,6,17.7,0,0,0,Arsenal,2025,November,12,Early season,False,False,3,1.8
2024-11-30,17:30,Premier League,Matchweek 13,Sat,Away,W,5,2,West Ham United,3.5,1.5,60,62475.0,Martin Ødegaard,,4-2-3-1,Anthony Taylor,Match Report,14,5,15.4,1,2,2,Arsenal,2025,November,13,Early season,False,False,3,1.5
2024-12-04,20:15,Premier League,Matchweek 14,Wed,Home,W,2,0,Manchester United,2.1,0.2,51,60256.0,Martin Ødegaard,,,Samuel Barrott,Match Report,14,6,11.0,0,0,0,Arsenal,2025,December,14,Mid season,False,False,3,-0.1
2024-12-08,14:00,Premier League,Matchweek 15,Sun,Away,D,1,1,Fulham,1.8,0.2,66,26954.0,Martin Ødegaard,,4-2-3-1,Chris Kavanagh,Match Report,12,4,12.2,0,0,0,Arsenal,2025,December,15,Mid season,False,False,1,-0.8
2024-12-14,15:00,Premier League,Matchweek 16,Sat,Home,D,0,0,Everton,1.2,0.1,76,60176.0,Martin Ødegaard,,,Craig Pawson,Match Report,13,5,13.0,0,0,0,Arsenal,2025,December,16,Mid season,False,False,1,-1.2
2024-12-21,17:30,Premier League,Matchweek 17,Sat,Away,W,5,1,Crystal Palace,2.5,1.6,58,25167.0,Martin Ødegaard,,,Simon Hooper,Match Report,14,6,11.5,0,0,0,Arsenal,2025,December,17,Mid season,False,False,3,2.5
2024-12-27,20:15,Premier League,Matchweek 18,Fri,Home,W,1,0,Ipswich Town,1.8,0.2,68,60271.0,Martin Ødegaard,,,Darren England,Match Report,13,5,15.7,1,0,0,Arsenal,2025,December,18,Mid season,False,False,3,-0.8
2025-01-01,17:30,Premier League,Matchweek 19,Wed,Away,W,3,1,Brentford,1.9,0.3,50,47190.0,Martin Ødegaard,,4-3-1-2,Peter Bankes,Match Report,14,4,14.7,0,0,0,Arsenal,2025,January,19,Mid season,False,False,3,1.1
2025-01-04,17:30,Premier League,Matchweek 20,Sat,Away,D,1,1,Brighton And Hove Albion,0.9,1.5,55,31714.0,Jorginho,,4-2-3-1,Anthony Taylor,Match Report,9,3,15.3,0,0,0,Arsenal,2025,January,20,Mid season,False,False,1,0.1
2025-01-15,20:00,Premier League,Matchweek 21,Wed,Home,W,2,1,Tottenham Hotspur,1.4,0.8,53,60287.0,Martin Ødegaard,,,Simon Hooper,Match Report,14,4,15.2,0,0,0,Arsenal,2025,January,21,Mid season,False,False,3,0.6
2025-01-18,17:30,Premier League,Matchweek 22,Sat,Home,D,2,2,Aston Villa,1.3,1.0,66,60067.0,Martin Ødegaard,,4-2-3-1,Chris Kavanagh,Match Report,18,6,15.5,0,0,0,Arsenal,2025,January,22,Mid season,False,False,1,0.7
2025-01-25,15:00,Premier League,Matchweek 23,Sat,Away,W,1,0,Wolverhampton Wanderers,1.0,0.7,49,31503.0,Gabriel Magalhães,,,Michael Oliver,Match Report,9,3,14.8,1,0,0,Arsenal,2025,January,23,Mid season,False,False,3,0.0
2025-02-02,16:30,Premier League,Matchweek 24,Sun,Home,W,5,1,Manchester City,1.0,0.8,46,60355.0,Martin Ødegaard,,4-2-3-1,Peter Bankes,Match Report,12,7,15.8,0,0,0,Arsenal,2025,February,24,Mid season,False,False,3,4.0
2025-02-15,12:30,Premier League,Matchweek 25,Sat,Away,W,2,0,Leicester City,1.4,0.2,60,31968.0,Martin Ødegaard,,4-2-3-1,Samuel Barrott,Match Report,11,5,17.1,0,0,0,Arsenal,2025,February,25,Mid season,False,False,3,0.6
2025-02-22,15:00,Premier League,Matchweek 26,Sat,Home,L,0,1,West Ham United,1.2,1.1,68,60262.0,Martin Ødegaard,,,Craig Pawson,Match Report,20,2,16.2,1,0,0,Arsenal,2025,February,26,Late season,False,False,0,-1.2
2025-02-26,19:30,Premier League,Matchweek 27,Wed,Away,D,0,0,Nottingham Forest,1.0,0.4,64,30200.0,Martin Ødegaard,,4-2-3-1,Andy Madley,Match Report,13,1,14.1,0,0,0,Arsenal,2025,February,27,Late season,False,False,1,-1.0
2025-03-09,16:30,Premier League,Matchweek 28,Sun,Away,D,1,1,Manchester United,1.6,1.5,68,73812.0,Martin Ødegaard,,,Anthony Taylor,Match Report,17,6,19.6,1,0,0,Arsenal,2025,March,28,Late season,False,False,1,-0.6
2025-03-16,13:30,Premier League,Matchweek 29,Sun,Home,W,1,0,Chelsea,0.7,0.4,42,60311.0,Martin Ødegaard,,4-2-3-1,Chris Kavanagh,Match Report,12,4,16.2,1,0,0,Arsenal,2025,March,29,Late season,False,False,3,0.3
2025-04-01,19:45,Premier League,Matchweek 30,Tue,Home,W,2,1,Fulham,2.2,1.0,51,60256.0,Martin Ødegaard,,,John Brooks,Match Report,17,4,12.0,0,0,0,Arsenal,2025,April,30,Late season,False,False,3,-0.2
2025-04-05,12:30,Premier League,Matchweek 31,Sat,Away,D,1,1,Everton,1.8,1.1,69,39316.0,Jorginho,,4-2-3-1,Darren England,Match Report,14,4,13.3,2,0,0,Arsenal,2025,April,31,Late season,False,False,1,-0.8
2025-04-12,17:30,Premier League,Matchweek 32,Sat,Home,D,1,1,Brentford,1.0,0.2,63,60184.0,Jorginho,,,Simon Hooper,Match Report,14,3,18.3,0,0,0,Arsenal,2025,April,32,Late season,False,False,1,0.0
2025-04-20,14:00,Premier League,Matchweek 33,Sun,Away,W,4,0,Ipswich Town,2.4,0.2,75,29549.0,Martin Ødegaard,,4-4-1-1,Chris Kavanagh,Match Report,24,7,15.2,1,0,0,Arsenal,2025,April,33,Late season,False,False,3,1.6
2025-04-23,20:00,Premier League,Matchweek 34,Wed,Home,D,2,2,Crystal Palace,1.2,1.7,67,60167.0,Martin Ødegaard,,,Michael Salisbury,Match Report,12,4,15.0,0,0,0,Arsenal,2025,April,34,Late season,False,False,1,0.8
2025-05-03,17:30,Premier League,Matchweek 35,Sat,Home,L,1,2,Bournemouth,1.4,0.9,51,60110.0,Martin Ødegaard,,4-2-3-1,Jarred Gillett,Match Report,13,4,14.1,1,0,0,Arsenal,2025,May,35,Late season,False,False,0,-0.4
2025-05-11,16:30,Premier League,Matchweek 36,Sun,Away,D,2,2,Liverpool,2.6,2.4,55,60324.0,Martin Ødegaard,,4-2-3-1,Anthony Taylor,Match Report,15,6,15.5,0,0,0,Arsenal,2025,May,36,Late season,False,False,1,-0.6
2025-05-18,16:30,Premier League,Matchweek 37,Sun,Home,W,1,0,Newcastle United,0.6,1.5,51,60160.0,Martin Ødegaard,,,Simon Hooper,Match Report,12,4,18.1,0,0,0,Arsenal,2025,May,37,Late season,False,False,3,0.4
2025-05-25,16:00,Premier League,Matchweek 38,Sun,Away,W,2,1,Southampton,2.3,0.6,62,31289.0,Declan Rice,4-2-3-1,,Darren Bond,Match Report,23,7,15.9,0,0,0,Arsenal,2025,May,38,Late season,False,False,3,-0.3
2020-09-21,18:00,Premier League,Matchweek 2,Mon,Home,W,1,0,Sheffield United,1.0,0.9,71,,Jack Grealish,,,Graham Scott,Match Report,18,2,17.4,0,0,0,Aston Villa,2021,September,2,Early season,False,,3,0.0
2020-09-28,17:45,Premier League,Matchweek 3,Mon,Away,W,3,0,Fulham,1.4,0.7,36,,Jack Grealish,,,Stuart Attwell,Match Report,12,5,14.5,0,0,0,Aston Villa,2021,September,3,Early season,False,,3,1.6
2020-10-04,19:15,Premier League,Matchweek 4,Sun,Home,W,7,2,Liverpool,2.7,1.8,31,,Jack Grealish,4-2-3-1,,Martin Atkinson,Match Report,18,11,16.7,0,0,0,Aston Villa,2021,October,4,Early season,False,,3,4.3
2020-10-18,19:15,Premier League,Matchweek 5,Sun,Away,W,1,0,Leicester City,0.7,0.6,50,,Jack Grealish,4-2-3-1,4-1-4-1,Jonathan Moss,Match Report,10,4,19.4,1,0,0,Aston Villa,2021,October,5,Early season,False,,3,0.3
2020-10-23,20:00,Premier League,Matchweek 6,Fri,Home,L,0,3,Leeds United,1.4,2.7,41,,Jack Grealish,4-2-3-1,4-4-1-1,Paul Tierney,Match Report,12,3,18.5,0,0,0,Aston Villa,2021,October,6,Early season,False,,0,-1.4
2020-11-01,12:00,Premier League,Matchweek 7,Sun,Home,L,3,4,Southampton,1.9,0.7,56,,Jack Grealish,4-2-3-1,,Darren England,Match Report,18,9,15.9,1,1,1,Aston Villa,2021,November,7,Early season,False,,0,1.1
2020-11-08,19:15,Premier League,Matchweek 8,Sun,Away,W,3,0,Arsenal,1.8,1.5,41,,Jack Grealish,4-2-3-1,,Martin Atkinson,Match Report,15,5,12.7,0,0,0,Aston Villa,2021,November,8,Early season,False,,3,1.2
2020-11-21,15:00,Premier League,Matchweek 9,Sat,Home,L,1,2,Brighton And Hove Albion,1.5,1.4,56,,Jack Grealish,4-2-3-1,3-4-1-2,Michael Oliver,Match Report,15,4,18.2,0,0,0,Aston Villa,2021,November,9,Early season,False,,0,-0.5
2020-11-30,20:00,Premier League,Matchweek 10,Mon,Away,L,1,2,West Ham United,2.5,0.4,66,,Jack Grealish,,,Peter Bankes,Match Report,15,6,18.5,2,0,1,Aston Villa,2021,November,10,Early season,False,,0,-1.5
2020-12-12,12:30,Premier League,Matchweek 12,Sat,Away,W,1,0,Wolverhampton Wanderers,1.4,1.1,50,,Jack Grealish,,4-2-3-1,Mike Dean,Match Report,12,1,20.1,1,1,1,Aston Villa,2021,December,12,Early season,False,,3,-0.4
2020-12-17,18:00,Premier League,Matchweek 13,Thu,Home,D,0,0,Burnley,1.5,0.3,59,,Jack Grealish,4-2-3-1,,Craig Pawson,Match Report,27,6,17.0,1,0,0,Aston Villa,2021,December,13,Early season,False,,1,-1.5
2020-12-20,19:15,Premier League,Matchweek 14,Sun,Away,W,3,0,West Bromwich Albion,2.4,0.0,67,,Jack Grealish,4-2-3-1,4-1-4-1,Martin Atkinson,Match Report,18,9,19.7,1,1,1,Aston Villa,2021,December,14,Mid season,False,,3,0.6
2020-12-26,15:00,Premier League,Matchweek 15,Sat,Home,W,3,0,Crystal Palace,3.9,0.9,39,,Jack Grealish,4-2-3-1,,Anthony Taylor,Match Report,20,9,12.3,0,0,0,Aston Villa,2021,December,15,Mid season,False,,3,-0.9
2020-12-28,17:30,Premier League,Matchweek 16,Mon,Away,D,1,1,Chelsea,0.7,1.7,37,,Jack Grealish,4-2-3-1,,Stuart Attwell,Match Report,10,2,17.5,0,0,0,Aston Villa,2021,December,16,Mid season,False,,1,0.3
2021-01-01,20:00,Premier League,Matchweek 17,Fri,Away,L,1,2,Manchester United,1.4,2.1,52,,Jack Grealish,4-2-3-1,4-2-3-1,Michael Oliver,Match Report,15,5,14.4,1,0,0,Aston Villa,2021,January,17,Mid season,False,,0,-0.4
2021-01-20,18:00,Premier League,Matchweek 1,Wed,Away,L,0,2,Manchester City,0.6,3.4,31,,Jack Grealish,4-2-3-1,,Jonathan Moss,Match Report,11,4,18.6,1,0,0,Aston Villa,2021,January,1,Early season,False,,0,-0.6
2021-01-23,20:00,Premier League,Matchweek 11,Sat,Home,W,2,0,Newcastle United,2.3,0.5,58,,Jack Grealish,4-2-3-1,,Simon Hooper,Match Report,14,5,17.4,0,0,0,Aston Villa,2021,January,11,Early season,False,,3,-0.3
2021-01-27,18:00,Premier League,Matchweek 20,Wed,Away,L,2,3,Burnley,2.2,0.5,61,,Jack Grealish,4-2-3-1,,Paul Tierney,Match Report,18,10,15.1,1,0,0,Aston Villa,2021,January,20,Mid season,False,,0,-0.2
2021-01-30,20:00,Premier League,Matchweek 21,Sat,Away,W,1,0,Southampton,0.6,1.9,41,,Jack Grealish,4-2-3-1,,Lee Mason,Match Report,8,4,16.2,0,0,0,Aston Villa,2021,January,21,Mid season,False,,3,0.4
2021-02-03,20:15,Premier League,Matchweek 22,Wed,Home,L,1,3,West Ham United,0.7,1.7,56,,Jack Grealish,4-2-3-1,4-2-3-1,Andy Madley,Match Report,9,2,17.5,1,0,0,Aston Villa,2021,February,22,Mid season,False,,0,0.3
2021-02-06,12:30,Premier League,Matchweek 23,Sat,Home,W,1,0,Arsenal,1.2,0.8,35,,Jack Grealish,4-2-3-1,4-2-3-1,Chris Kavanagh,Match Report,12,8,16.6,0,0,0,Aston Villa,2021,February,23,Mid season,False,,3,-0.2
2021-02-13,20:00,Premier League,Matchweek 24,Sat,Away,D,0,0,Brighton And Hove Albion,0.1,2.2,42,,Jack Grealish,4-2-3-1,4-1-3-2,Darren England,Match Report,4,1,23.9,0,0,0,Aston Villa,2021,February,24,Mid season,False,,1,-0.1
2021-02-21,14:05,Premier League,Matchweek 25,Sun,Home,L,1,2,Leicester City,1.4,1.1,51,,Tyrone Mings,4-2-3-1,4-2-3-1,Michael Oliver,Match Report,11,2,16.6,0,0,0,Aston Villa,2021,February,25,Mid season,False,,0,-0.4
2021-02-27,17:30,Premier League,Matchweek 26,Sat,Away,W,1,0,Leeds United,0.7,0.9,31,,Tyrone Mings,,4-1-4-1,Peter Bankes,Match Report,9,4,15.8,0,0,0,Aston Villa,2021,February,26,Late season,False,,3,0.3
2021-03-03,18:00,Premier League,Matchweek 29,Wed,Away,L,0,1,Sheffield United,2.3,0.9,72,,Tyrone Mings,,,Robert Jones,Match Report,16,4,16.1,1,0,0,Aston Villa,2021,March,29,Late season,False,,0,-2.3
2021-03-06,17:30,Premier League,Matchweek 27,Sat,Home,D,0,0,Wolverhampton Wanderers,0.6,1.6,49,,Tyrone Mings,,,Andy Madley,Match Report,9,1,18.0,0,0,0,Aston Villa,2021,March,27,Late season,False,,1,-0.6
2021-03-12,20:00,Premier League,Matchweek 28,Fri,Away,D,1,1,Newcastle United,0.9,1.5,51,,Tyrone Mings,,,Paul Tierney,Match Report,15,6,20.1,0,0,0,Aston Villa,2021,March,28,Late season,False,,1,0.1
2021-03-21,19:30,Premier League,Matchweek 18,Sun,Home,L,0,2,Tottenham Hotspur,0.4,1.8,50,,Tyrone Mings,4-2-3-1,,Mike Dean,Match Report,8,1,19.9,0,0,0,Aston Villa,2021,March,18,Mid season,False,,0,-0.4
2021-04-04,16:30,Premier League,Matchweek 30,Sun,Home,W,3,1,Fulham,1.5,1.0,53,,Tyrone Mings,4-2-3-1,4-2-3-1,Andy Madley,Match Report,14,4,19.7,0,0,0,Aston Villa,2021,April,30,Late season,False,,3,1.5
2021-04-10,15:00,Premier League,Matchweek 31,Sat,Away,L,1,2,Liverpool,0.5,2.3,35,,Tyrone Mings,,,Paul Tierney,Match Report,9,5,17.4,0,0,0,Aston Villa,2021,April,31,Late season,False,,0,0.5
2021-04-21,20:15,Premier League,Matchweek 32,Wed,Home,L,1,2,Manchester City,0.7,1.2,28,,Tyrone Mings,4-1-4-1,,Peter Bankes,Match Report,8,3,14.6,0,0,0,Aston Villa,2021,April,32,Late season,False,,0,0.3
2021-04-25,19:00,Premier League,Matchweek 33,Sun,Home,D,2,2,West Bromwich Albion,3.2,1.5,70,,Tyrone Mings,4-2-3-1,4-1-4-1,Stuart Attwell,Match Report,23,10,16.1,0,1,1,Aston Villa,2021,April,33,Late season,False,,1,-1.2
2021-05-01,20:00,Premier League,Matchweek 34,Sat,Away,W,2,1,Everton,1.6,1.0,53,,Tyrone Mings,4-2-3-1,4-2-3-1,Simon Hooper,Match Report,13,5,19.6,1,0,0,Aston Villa,2021,May,34,Late season,False,,3,0.4
2021-05-09,14:05,Premier League,Matchweek 35,Sun,Home,L,1,3,Manchester United,0.5,1.7,41,,Tyrone Mings,4-2-3-1,4-2-3-1,Chris Kavanagh,Match Report,11,5,20.5,0,0,0,Aston Villa,2021,May,35,Late season,False,,0,0.5
2021-05-13,18:00,Premier League,Matchweek 19,Thu,Home,D,0,0,Everton,0.6,1.0,58,,Tyrone Mings,4-2-3-1,,Martin Atkinson,Match Report,13,2,19.2,1,0,0,Aston Villa,2021,May,19,Mid season,False,,1,-0.6
2021-05-16,12:00,Premier League,Matchweek 36,Sun,Away,L,2,3,Crystal Palace,1.4,1.9,55,,John McGinn,,,David Coote,Match Report,19,5,17.9,2,0,0,Aston Villa,2021,May,36,Late season,False,,0,0.6
2021-05-19,18:00,Premier League,Matchweek 37,Wed,Away,W,2,1,Tottenham Hotspur,1.4,0.8,40,10000.0,Jack Grealish,4-2-3-1,4-2-3-1,Craig Pawson,Match Report,20,4,17.0,0,0,0,Aston Villa,2021,May,37,Late season,False,False,3,0.6
2021-05-23,16:00,Premier League,Matchweek 38,Sun,Home,W,2,1,Chelsea,1.1,3.3,29,10000.0,Jack Grealish,4-2-3-1,,Stuart Attwell,Match Report,5,2,21.4,0,1,1,Aston Villa,2021,May,38,Late season,False,False,3,0.9
2021-08-14,15:00,Premier League,Matchweek 1,Sat,Away,L,2,3,Watford,1.2,1.2,62,20051.0,Tyrone Mings,4-2-3-1,4-1-4-1,Mike Dean,Match Report,10,1,22.8,1,1,1,Aston Villa,2022,August,1,Early season,False,False,0,0.8
2021-08-21,15:00,Premier League,Matchweek 2,Sat,Home,W,2,0,Newcastle United,1.2,0.7,47,41964.0,Tyrone Mings,,,David Coote,Match Report,9,1,19.5,0,1,1,Aston Villa,2022,August,2,Early season,False,False,3,0.8
2021-08-28,15:00,Premier League,Matchweek 3,Sat,Home,D,1,1,Brentford,0.7,0.9,46,42045.0,Ezri Konsa,4-1-4-1,3-4-1-2,Peter Bankes,Match Report,7,5,13.8,0,0,0,Aston Villa,2022,August,3,Early season,False,False,1,0.3
2021-09-11,17:30,Premier League,Matchweek 4,Sat,Away,L,0,3,Chelsea,1.2,1.3,43,39969.0,Tyrone Mings,,,Stuart Attwell,Match Report,18,6,18.6,0,0,0,Aston Villa,2022,September,4,Early season,False,False,0,-1.2
2021-09-18,17:30,Premier League,Matchweek 5,Sat,Home,W,3,0,Everton,0.8,0.7,55,41888.0,Tyrone Mings,,4-4-1-1,Craig Pawson,Match Report,15,3,19.3,1,0,0,Aston Villa,2022,September,5,Early season,False,False,3,2.2
2021-09-25,12:30,Premier League,Matchweek 6,Sat,Away,W,1,0,Manchester United,1.0,2.2,41,72922.0,Tyrone Mings,,4-2-3-1,Mike Dean,Match Report,7,3,14.1,1,0,0,Aston Villa,2022,September,6,Early season,False,False,3,0.0
2021-10-03,14:00,Premier League,Matchweek 7,Sun,Away,L,1,2,Tottenham Hotspur,1.2,1.3,44,53076.0,Tyrone Mings,,4-2-3-1,Chris Kavanagh,Match Report,14,3,18.0,0,0,0,Aston Villa,2022,October,7,Early season,False,False,0,-0.2
2021-10-16,15:00,Premier League,Matchweek 8,Sat,Home,L,2,3,Wolverhampton Wanderers,1.0,2.0,48,41951.0,Tyrone Mings,3-4-1-2,,Michael Oliver,Match Report,14,5,18.0,0,0,0,Aston Villa,2022,October,8,Early season,False,False,0,1.0
2021-10-22,20:00,Premier League,Matchweek 9,Fri,Away,L,1,3,Arsenal,1.4,2.7,47,59496.0,Tyrone Mings,3-4-1-2,4-2-3-1,Craig Pawson,Match Report,10,4,17.2,1,0,0,Aston Villa,2022,October,9,Early season,False,False,0,-0.4
2021-10-31,16:30,Premier League,Matchweek 10,Sun,Home,L,1,4,West Ham United,0.7,2.3,43,41874.0,John McGinn,,4-2-3-1,Chris Kavanagh,Match Report,9,3,16.4,0,0,0,Aston Villa,2022,October,10,Early season,False,False,0,0.3
2021-11-05,20:00,Premier League,Matchweek 11,Fri,Away,L,0,1,Southampton,0.6,0.6,44,30178.0,Tyrone Mings,4-2-3-1,,Andy Madley,Match Report,14,3,19.5,1,0,0,Aston Villa,2022,November,11,Early season,False,False,0,-0.6
2021-11-20,15:00,Premier League,Matchweek 12,Sat,Home,W,2,0,Brighton And Hove Albion,0.7,0.4,38,41925.0,Tyrone Mings,,,Anthony Taylor,Match Report,9,5,16.5,0,0,0,Aston Villa,2022,November,12,Early season,False,False,3,1.3
2021-11-27,15:00,Premier League,Matchweek 13,Sat,Away,W,2,1,Crystal Palace,0.5,1.0,36,25203.0,Tyrone Mings,,4-2-3-1,Michael Salisbury,Match Report,10,3,20.5,2,0,0,Aston Villa,2022,November,13,Early season,False,False,3,1.5
2021-12-01,20:15,Premier League,Matchweek 14,Wed,Home,L,1,2,Manchester City,0.8,1.0,36,41400.0,Tyrone Mings,,4-2-3-1,Mike Dean,Match Report,9,3,13.1,0,0,0,Aston Villa,2022,December,14,Mid season,False,False,0,0.2
2021-12-05,16:30,Premier League,Matchweek 15,Sun,Home,W,2,1,Leicester City,2.1,1.1,41,41572.0,Tyrone Mings,,4-2-3-1,Michael Oliver,Match Report,13,4,13.9,0,0,0,Aston Villa,2022,December,15,Mid season,False,False,3,-0.1
2021-12-11,15:00,Premier League,Matchweek 16,Sat,Away,L,0,1,Liverpool,0.2,2.2,38,53093.0,Tyrone Mings,,,Stuart Attwell,Match Report,4,0,23.6,1,0,0,Aston Villa,2022,December,16,Mid season,False,False,0,-0.2
2021-12-14,19:45,Premier League,Matchweek 17,Tue,Away,W,2,0,Norwich City,2.0,0.5,50,26836.0,Tyrone Mings,,,David Coote,Match Report,17,6,16.7,0,0,0,Aston Villa,2022,December,17,Mid season,False,False,3,0.0
2021-12-26,17:30,Premier League,Matchweek 19,Sun,Home,L,1,3,Chelsea,0.4,2.6,42,41907.0,Tyrone Mings,4-3-1-2,,Martin Atkinson,Match Report,8,1,18.8,0,0,0,Aston Villa,2022,December,19,Mid season,False,False,0,0.6
2022-01-02,14:00,Premier League,Matchweek 21,Sun,Away,L,1,2,Brentford,0.8,0.6,55,16876.0,John McGinn,,,Craig Pawson,Match Report,16,5,17.1,0,0,0,Aston Villa,2022,January,21,Mid season,False,False,0,0.2
2022-01-15,17:30,Premier League,Matchweek 22,Sat,Home,D,2,2,Manchester United,1.9,1.0,54,41968.0,Tyrone Mings,,,David Coote,Match Report,13,9,12.7,0,0,0,Aston Villa,2022,January,22,Mid season,False,False,1,0.1
2022-01-22,12:30,Premier League,Matchweek 23,Sat,Away,W,1,0,Everton,0.8,1.6,50,38203.0,Tyrone Mings,,,Craig Pawson,Match Report,8,3,19.8,2,0,0,Aston Villa,2022,January,23,Mid season,False,False,3,0.2
2022-02-09,20:00,Premier League,Matchweek 24,Wed,Home,D,3,3,Leeds United,1.6,1.8,40,41927.0,Tyrone Mings,,4-2-3-1,Jarred Gillett,Match Report,12,4,15.7,0,0,0,Aston Villa,2022,February,24,Mid season,False,False,1,1.4
2022-02-13,14:00,Premier League,Matchweek 25,Sun,Away,L,0,1,Newcastle United,0.6,0.5,62,52207.0,Tyrone Mings,,,Craig Pawson,Match Report,11,1,19.9,1,0,0,Aston Villa,2022,February,25,Mid season,False,False,0,-0.6
2022-02-19,15:00,Premier League,Matchweek 26,Sat,Home,L,0,1,Watford,1.3,1.2,59,41936.0,Tyrone Mings,,,Robert Jones,Match Report,20,1,21.0,1,0,0,Aston Villa,2022,February,26,Late season,False,False,0,-1.3
2022-02-26,15:00,Premier League,Matchweek 27,Sat,Away,W,2,0,Brighton And Hove Albion,1.0,0.7,34,31475.0,Tyrone Mings,4-1-2-1-2◆,,John Brooks,Match Report,9,4,17.5,1,0,0,Aston Villa,2022,February,27,Late season,False,False,3,1.0
2022-03-05,15:00,Premier League,Matchweek 28,Sat,Home,W,4,0,Southampton,2.5,1.1,38,41855.0,Tyrone Mings,4-3-1-2,,Peter Bankes,Match Report,14,9,15.7,0,0,0,Aston Villa,2022,March,28,Late season,False,False,3,1.5
2022-03-10,19:45,Premier League,Matchweek 20,Thu,Away,W,3,0,Leeds United,1.5,0.2,49,36400.0,Tyrone Mings,4-3-1-2,4-2-3-1,Simon Hooper,Match Report,15,9,19.6,1,0,0,Aston Villa,2022,March,20,Mid season,False,False,3,1.5
2022-03-13,14:00,Premier League,Matchweek 29,Sun,Away,L,1,2,West Ham United,1.1,1.2,53,59957.0,Tyrone Mings,4-1-2-1-2◆,4-2-3-1,Jarred Gillett,Match Report,13,7,14.9,1,0,0,Aston Villa,2022,March,29,Late season,False,False,0,-0.1
2022-03-19,12:30,Premier League,Matchweek 30,Sat,Home,L,0,1,Arsenal,0.5,1.3,47,41956.0,Tyrone Mings,4-3-2-1,4-2-3-1,Andy Madley,Match Report,8,1,16.8,2,0,0,Aston Villa,2022,March,30,Late season,False,False,0,-0.5
2022-04-02,15:00,Premier League,Matchweek 31,Sat,Away,L,1,2,Wolverhampton Wanderers,2.1,1.3,51,31012.0,Tyrone Mings,4-3-1-2,,Darren England,Match Report,14,4,20.0,1,1,1,Aston Villa,2022,April,31,Late season,False,False,0,-1.1
2022-04-09,17:30,Premier League,Matchweek 32,Sat,Home,L,0,4,Tottenham Hotspur,1.6,1.1,52,41949.0,Tyrone Mings,4-3-1-2,,Graham Scott,Match Report,19,8,16.3,1,0,0,Aston Villa,2022,April,32,Late season,False,False,0,-1.6
2022-04-23,15:00,Premier League,Matchweek 34,Sat,Away,D,0,0,Leicester City,0.9,0.3,36,32185.0,Tyrone Mings,4-3-2-1,4-1-4-1,Andy Madley,Match Report,11,3,17.9,0,0,0,Aston Villa,2022,April,34,Late season,False,False,1,-0.9
2022-04-30,15:00,Premier League,Matchweek 35,Sat,Home,W,2,0,Norwich City,1.8,0.5,45,40290.0,Tyrone Mings,4-1-4-1,4-2-3-1,John Brooks,Match Report,21,6,15.7,0,0,0,Aston Villa,2022,April,35,Late season,False,False,3,0.2
2022-05-07,15:00,Premier League,Matchweek 36,Sat,Away,W,3,1,Burnley,2.1,1.9,51,20891.0,Tyrone Mings,4-1-2-1-2◆,,David Coote,Match Report,12,7,18.3,1,0,0,Aston Villa,2022,May,36,Late season,False,False,3,0.9
2022-05-10,20:00,Premier League,Matchweek 33,Tue,Home,L,1,2,Liverpool,1.4,1.8,40,41919.0,Tyrone Mings,4-3-1-2,,Jonathan Moss,Match Report,9,4,13.7,0,0,0,Aston Villa,2022,May,33,Late season,False,False,0,-0.4
2022-05-15,14:00,Premier League,Matchweek 37,Sun,Home,D,1,1,Crystal Palace,1.0,1.4,49,41136.0,Tyrone Mings,4-3-1-2,,Chris Kavanagh,Match Report,13,4,18.7,0,0,0,Aston Villa,2022,May,37,Late season,False,False,1,0.0
2022-05-19,20:00,Premier League,Matchweek 18,Thu,Home,D,1,1,Burnley,1.5,1.6,71,40468.0,Tyrone Mings,4-3-2-1,,Paul Tierney,Match Report,22,9,19.4,0,0,0,Aston Villa,2022,May,18,Mid season,False,False,1,-0.5
2022-05-22,16:00,Premier League,Matchweek 38,Sun,Away,L,2,3,Manchester City,0.2,3.4,29,53395.0,Tyrone Mings,4-3-2-1,,Michael Oliver,Match Report,4,2,16.8,0,0,0,Aston Villa,2022,May,38,Late season,False,False,0,1.8
2022-08-06,15:00,Premier League,Matchweek 1,Sat,Away,L,0,2,Bournemouth,0.7,0.6,65,11013.0,John McGinn,,,Peter Bankes,Match Report,15,2,24.6,0,0,0,Aston Villa,2023,August,1,Early season,False,False,0,-0.7
2022-08-13,12:30,Premier League,Matchweek 2,Sat,Home,W,2,1,Everton,2.3,1.6,57,41883.0,John McGinn,4-1-2-1-2◆,,Michael Oliver,Match Report,12,3,13.3,0,0,0,Aston Villa,2023,August,2,Early season,False,False,3,-0.3
2022-08-20,15:00,Premier League,Matchweek 3,Sat,Away,L,1,3,Crystal Palace,0.9,2.6,49,22012.0,John McGinn,,,Andy Madley,Match Report,13,5,17.8,0,0,0,Aston Villa,2023,August,3,Early season,False,False,0,0.1
2022-08-28,14:00,Premier League,Matchweek 4,Sun,Home,L,0,1,West Ham United,0.5,0.6,58,41796.0,John McGinn,4-3-1-2,,David Coote,Match Report,9,3,20.5,0,0,0,Aston Villa,2023,August,4,Early season,False,False,0,-0.5
2022-08-31,19:30,Premier League,Matchweek 5,Wed,Away,L,1,2,Arsenal,0.4,2.4,41,60012.0,John McGinn,,,Robert Jones,Match Report,4,3,19.2,0,0,0,Aston Villa,2023,August,5,Early season,False,False,0,0.6
2022-09-03,17:30,Premier League,Matchweek 6,Sat,Home,D,1,1,Manchester City,0.3,2.1,29,41830.0,John McGinn,4-3-2-1,,Simon Hooper,Match Report,3,1,16.8,0,0,0,Aston Villa,2023,September,6,Early season,False,False,1,0.7
2022-09-16,20:00,Premier League,Matchweek 8,Fri,Home,W,1,0,Southampton,1.5,0.3,53,40758.0,John McGinn,4-3-2-1,4-2-3-1,Tony Harrington,Match Report,11,3,20.7,1,0,0,Aston Villa,2023,September,8,Early season,False,False,3,-0.5
2022-10-02,16:30,Premier League,Matchweek 9,Sun,Away,D,0,0,Leeds United,2.2,0.4,56,36582.0,John McGinn,,4-2-3-1,Stuart Attwell,Match Report,19,6,17.8,0,0,0,Aston Villa,2023,October,9,Early season,False,False,1,-2.2
2022-10-10,20:00,Premier League,Matchweek 10,Mon,Away,D,1,1,Nottingham Forest,0.7,0.3,60,29208.0,John McGinn,,,Anthony Taylor,Match Report,12,2,20.2,3,0,0,Aston Villa,2023,October,10,Early season,False,False,1,0.3
2022-10-16,14:00,Premier League,Matchweek 11,Sun,Home,L,0,2,Chelsea,1.8,0.9,42,41754.0,John McGinn,,,Robert Jones,Match Report,18,7,15.3,1,0,0,Aston Villa,2023,October,11,Early season,False,False,0,-1.8
2022-10-20,19:30,Premier League,Matchweek 12,Thu,Away,L,0,3,Fulham,1.2,2.1,40,23508.0,John McGinn,4-3-2-1,4-2-3-1,Michael Oliver,Match Report,12,6,15.0,0,0,0,Aston Villa,2023,October,12,Early season,False,False,0,-1.2
2022-10-23,14:00,Premier League,Matchweek 13,Sun,Home,W,4,0,Brentford,2.8,0.9,45,41693.0,Emiliano Martínez,4-2-3-1,,Darren England,Match Report,18,10,18.7,0,1,1,Aston Villa,2023,October,13,Early season,False,False,3,1.2
2022-10-29,15:00,Premier League,Matchweek 14,Sat,Away,L,0,4,Newcastle United,0.4,3.4,41,52233.0,Emiliano Martínez,4-2-3-1,,Paul Tierney,Match Report,3,0,13.9,0,0,0,Aston Villa,2023,October,14,Mid season,False,False,0,-0.4
2022-11-06,14:00,Premier League,Matchweek 15,Sun,Home,W,3,1,Manchester United,0.6,0.5,42,42058.0,Emiliano Martínez,4-2-2-2,4-2-3-1,Anthony Taylor,Match Report,6,4,22.7,1,0,0,Aston Villa,2023,November,15,Mid season,False,False,3,2.4
2022-11-13,14:00,Premier League,Matchweek 16,Sun,Away,W,2,1,Brighton And Hove Albion,1.5,0.6,35,31581.0,John McGinn,,4-2-3-1,Chris Kavanagh,Match Report,7,1,25.1,0,1,1,Aston Villa,2023,November,16,Mid season,False,False,3,0.5
2022-12-26,17:30,Premier League,Matchweek 17,Mon,Home,L,1,3,Liverpool,1.4,2.7,48,42085.0,John McGinn,,,Paul Tierney,Match Report,12,6,15.3,0,0,0,Aston Villa,2023,December,17,Mid season,False,False,0,-0.4
2023-01-01,14:00,Premier League,Matchweek 18,Sun,Away,W,2,0,Tottenham Hotspur,1.0,0.7,41,61651.0,John McGinn,,,John Brooks,Match Report,13,4,20.8,1,0,0,Aston Villa,2023,January,18,Mid season,False,False,3,1.0
2023-01-04,20:00,Premier League,Matchweek 19,Wed,Home,D,1,1,Wolverhampton Wanderers,1.8,0.9,56,39978.0,Ashley Young,,4-2-3-1,Jarred Gillett,Match Report,13,3,19.2,1,0,0,Aston Villa,2023,January,19,Mid season,False,False,1,-0.8
2023-01-13,20:00,Premier League,Matchweek 20,Fri,Home,W,2,1,Leeds United,1.2,2.4,52,42008.0,Emiliano Martínez,,4-2-3-1,Michael Oliver,Match Report,11,5,16.9,0,0,0,Aston Villa,2023,January,20,Mid season,False,False,3,0.8
2023-01-21,15:00,Premier League,Matchweek 21,Sat,Away,W,1,0,Southampton,1.4,0.6,63,30158.0,Emiliano Martínez,,4-2-3-1,Michael Salisbury,Match Report,16,5,17.0,1,0,0,Aston Villa,2023,January,21,Mid season,False,False,3,-0.4
2023-02-04,15:00,Premier League,Matchweek 22,Sat,Home,L,2,4,Leicester City,1.7,2.6,62,42055.0,Emiliano Martínez,,4-2-3-1,Darren England,Match Report,19,4,17.5,0,0,0,Aston Villa,2023,February,22,Mid season,False,False,0,0.3
2023-02-12,16:30,Premier League,Matchweek 23,Sun,Away,L,1,3,Manchester City,0.3,3.3,33,53392.0,Emiliano Martínez,,3-2-4-1,Robert Jones,Match Report,6,2,22.8,0,0,0,Aston Villa,2023,February,23,Mid season,False,False,0,0.7
2023-02-18,12:30,Premier League,Matchweek 24,Sat,Home,L,2,4,Arsenal,0.5,3.2,33,42066.0,John McGinn,,,Simon Hooper,Match Report,7,5,23.3,1,0,0,Aston Villa,2023,February,24,Mid season,False,False,0,1.5
2023-02-25,15:00,Premier League,Matchweek 25,Sat,Away,W,2,0,Everton,1.9,1.6,53,39309.0,John McGinn,,4-1-4-1,Anthony Taylor,Match Report,8,4,22.1,1,1,1,Aston Villa,2023,February,25,Mid season,False,False,3,0.1
2023-03-04,15:00,Premier League,Matchweek 26,Sat,Home,W,1,0,Crystal Palace,1.2,0.2,58,41893.0,John McGinn,4-2-3-1,4-2-3-1,Craig Pawson,Match Report,8,1,14.8,0,0,0,Aston Villa,2023,March,26,Late season,False,False,3,-0.2
2023-03-12,14:00,Premier League,Matchweek 27,Sun,Away,D,1,1,West Ham United,1.5,2.1,59,62472.0,John McGinn,4-2-3-1,4-1-4-1,Chris Kavanagh,Match Report,12,4,13.3,0,0,0,Aston Villa,2023,March,27,Late season,False,False,1,-0.5
2023-03-18,15:00,Premier League,Matchweek 28,Sat,Home,W,3,0,Bournemouth,3.5,1.3,56,41021.0,John McGinn,4-2-3-1,4-4-1-1,Robert Jones,Match Report,20,9,13.9,0,0,0,Aston Villa,2023,March,28,Late season,False,False,3,-0.5
2023-04-01,17:30,Premier League,Matchweek 29,Sat,Away,W,2,0,Chelsea,0.9,2.1,31,40082.0,John McGinn,,,Andy Madley,Match Report,5,2,22.5,0,0,0,Aston Villa,2023,April,29,Late season,False,False,3,1.1
2023-04-04,19:45,Premier League,Matchweek 7,Tue,Away,W,2,1,Leicester City,1.0,0.5,64,32087.0,John McGinn,,,Graham Scott,Match Report,15,5,20.3,1,0,0,Aston Villa,2023,April,7,Early season,False,False,3,1.0
2023-04-08,15:00,Premier League,Matchweek 30,Sat,Home,W,2,0,Nottingham Forest,1.3,0.2,63,42076.0,John McGinn,,,Anthony Taylor,Match Report,8,3,12.4,0,0,0,Aston Villa,2023,April,30,Late season,False,False,3,0.7
2023-04-15,12:30,Premier League,Matchweek 31,Sat,Home,W,3,0,Newcastle United,1.9,0.5,52,42055.0,John McGinn,4-2-3-1,,John Brooks,Match Report,16,6,18.3,0,0,0,Aston Villa,2023,April,31,Late season,False,False,3,1.1
2023-04-22,15:00,Premier League,Matchweek 32,Sat,Away,D,1,1,Brentford,1.5,2.7,56,17098.0,John McGinn,4-2-3-1,,Michael Salisbury,Match Report,14,2,18.6,0,0,0,Aston Villa,2023,April,32,Late season,False,False,1,-0.5
2023-04-25,19:45,Premier League,Matchweek 33,Tue,Home,W,1,0,Fulham,1.0,0.1,51,41046.0,John McGinn,4-2-3-1,4-2-3-1,Thomas Bramall,Match Report,14,3,16.4,0,0,0,Aston Villa,2023,April,33,Late season,False,False,3,0.0
2023-04-30,14:00,Premier League,Matchweek 34,Sun,Away,L,0,1,Manchester United,0.6,1.2,43,73592.0,John McGinn,4-2-3-1,4-1-4-1,Jarred Gillett,Match Report,7,1,17.7,0,0,0,Aston Villa,2023,April,34,Late season,False,False,0,-0.6
2023-05-06,15:00,Premier League,Matchweek 35,Sat,Away,L,0,1,Wolverhampton Wanderers,1.5,0.8,62,31641.0,John McGinn,,,Stuart Attwell,Match Report,16,3,16.0,1,0,0,Aston Villa,2023,May,35,Late season,False,False,0,-1.5
2023-05-13,15:00,Premier League,Matchweek 36,Sat,Home,W,2,1,Tottenham Hotspur,1.2,1.4,48,42164.0,John McGinn,,,Peter Bankes,Match Report,8,4,15.4,1,0,0,Aston Villa,2023,May,36,Late season,False,False,3,0.8
2023-05-20,15:00,Premier League,Matchweek 37,Sat,Away,D,1,1,Liverpool,1.3,0.7,34,53306.0,John McGinn,4-2-3-1,,John Brooks,Match Report,5,3,19.5,0,0,1,Aston Villa,2023,May,37,Late season,False,False,1,-0.3
2023-05-28,16:30,Premier League,Matchweek 38,Sun,Home,W,2,1,Brighton And Hove Albion,2.8,1.4,41,,John McGinn,4-2-3-1,,David Coote,Match Report,12,5,18.2,4,0,0,Aston Villa,2023,May,38,Late season,False,,3,-0.8
2023-08-12,17:30,Premier League,Matchweek 1,Sat,Away,L,1,5,Newcastle United,1.8,3.3,48,52207.0,John McGinn,4-2-3-1,,Andy Madley,Match Report,16,6,14.5,1,0,0,Aston Villa,2024,August,1,Early season,False,False,0,-0.8
2023-08-20,14:00,Premier League,Matchweek 2,Sun,Home,W,4,0,Everton,2.9,0.6,60,41694.0,John McGinn,4-2-3-1,4-1-4-1,Anthony Taylor,Match Report,12,6,18.5,0,1,1,Aston Villa,2024,August,2,Early season,False,False,3,1.1
2023-08-27,14:00,Premier League,Matchweek 3,Sun,Away,W,3,1,Burnley,2.5,0.7,43,21591.0,John McGinn,,,Michael Salisbury,Match Report,16,6,13.4,0,0,0,Aston Villa,2024,August,3,Early season,False,False,3,0.5
2023-09-03,14:00,Premier League,Matchweek 4,Sun,Away,L,0,3,Liverpool,0.7,2.5,37,50109.0,John McGinn,,,Simon Hooper,Match Report,9,3,12.5,0,0,0,Aston Villa,2024,September,4,Early season,False,False,0,-0.7
2023-09-16,15:00,Premier League,Matchweek 5,Sat,Home,W,3,1,Crystal Palace,3.0,1.2,66,40809.0,John McGinn,4-2-3-1,4-4-1-1,Darren England,Match Report,15,4,16.2,0,1,1,Aston Villa,2024,September,5,Early season,False,False,3,0.0
2023-09-24,14:00,Premier League,Matchweek 6,Sun,Away,W,1,0,Chelsea,1.0,1.3,47,39700.0,John McGinn,4-2-3-1,4-2-3-1,Jarred Gillett,Match Report,15,7,18.2,1,0,0,Aston Villa,2024,September,6,Early season,False,False,3,0.0
2023-09-30,12:30,Premier League,Matchweek 7,Sat,Home,W,6,1,Brighton And Hove Albion,1.6,1.7,39,40636.0,John McGinn,4-2-3-1,4-2-3-1,Andy Madley,Match Report,19,9,17.9,1,0,0,Aston Villa,2024,September,7,Early season,False,False,3,4.4
2023-10-08,14:00,Premier League,Matchweek 8,Sun,Away,D,1,1,Wolverhampton Wanderers,1.6,1.7,53,31425.0,John McGinn,,,Robert Jones,Match Report,18,4,16.6,0,0,0,Aston Villa,2024,October,8,Early season,False,False,1,-0.6
2023-10-22,16:30,Premier League,Matchweek 9,Sun,Home,W,4,1,West Ham United,1.9,1.1,58,41734.0,John McGinn,,4-2-3-1,David Coote,Match Report,14,6,19.6,0,1,1,Aston Villa,2024,October,9,Early season,False,False,3,2.1
2023-10-29,14:00,Premier League,Matchweek 10,Sun,Home,W,3,1,Luton Town,2.3,0.5,70,41785.0,John McGinn,,,John Brooks,Match Report,17,6,14.5,0,0,0,Aston Villa,2024,October,10,Early season,False,False,3,0.7
2023-11-05,14:00,Premier League,Matchweek 11,Sun,Away,L,0,2,Nottingham Forest,1.2,0.4,73,29313.0,John McGinn,,,Jarred Gillett,Match Report,13,3,14.0,0,0,0,Aston Villa,2024,November,11,Early season,False,False,0,-1.2
2023-11-12,14:00,Premier League,Matchweek 12,Sun,Home,W,3,1,Fulham,3.0,0.9,51,41608.0,John McGinn,4-2-2-2,4-2-3-1,Simon Hooper,Match Report,12,6,13.5,0,0,0,Aston Villa,2024,November,12,Early season,False,False,3,0.0
2023-11-26,14:00,Premier League,Matchweek 13,Sun,Away,W,2,1,Tottenham Hotspur,1.7,2.3,38,61679.0,John McGinn,,4-2-3-1,Robert Jones,Match Report,15,5,16.6,1,0,0,Aston Villa,2024,November,13,Early season,False,False,3,0.3
2023-12-03,14:00,Premier League,Matchweek 14,Sun,Away,D,2,2,Bournemouth,0.7,2.0,62,11191.0,John McGinn,,4-2-3-1,Thomas Bramall,Match Report,11,3,19.2,1,0,0,Aston Villa,2024,December,14,Mid season,False,False,1,1.3
2023-12-06,20:15,Premier League,Matchweek 15,Wed,Home,W,1,0,Manchester City,2.3,0.6,46,41421.0,John McGinn,4-4-1-1,3-2-4-1,John Brooks,Match Report,22,7,18.9,0,0,0,Aston Villa,2024,December,15,Mid season,False,False,3,-1.3
2023-12-09,17:30,Premier League,Matchweek 16,Sat,Home,W,1,0,Arsenal,0.6,1.4,39,42000.0,John McGinn,4-4-1-1,,Jarred Gillett,Match Report,10,3,20.8,1,0,0,Aston Villa,2024,December,16,Mid season,False,False,3,0.4
2023-12-17,14:00,Premier League,Matchweek 17,Sun,Away,W,2,1,Brentford,1.4,0.5,66,17034.0,John McGinn,,,David Coote,Match Report,15,5,16.7,0,0,0,Aston Villa,2024,December,17,Mid season,False,False,3,0.6
2023-12-22,20:00,Premier League,Matchweek 18,Fri,Home,D,1,1,Sheffield United,0.9,0.6,77,41651.0,John McGinn,4-4-1-1,,Anthony Taylor,Match Report,12,4,17.5,0,0,0,Aston Villa,2024,December,18,Mid season,False,False,1,0.1
2023-12-26,20:00,Premier League,Matchweek 19,Tue,Away,L,2,3,Manchester United,1.7,1.1,54,73574.0,John McGinn,4-2-3-1,4-2-3-1,Craig Pawson,Match Report,10,3,14.6,1,0,0,Aston Villa,2024,December,19,Mid season,False,False,0,0.3
2023-12-30,15:00,Premier League,Matchweek 20,Sat,Home,W,3,2,Burnley,3.2,1.2,64,41613.0,John McGinn,4-4-1-1,,Stuart Attwell,Match Report,18,6,16.9,1,1,1,Aston Villa,2024,December,20,Mid season,False,False,3,-0.2
2024-01-14,14:00,Premier League,Matchweek 21,Sun,Away,D,0,0,Everton,1.2,1.1,68,39284.0,John McGinn,,4-2-3-1,David Coote,Match Report,16,4,14.2,0,0,0,Aston Villa,2024,January,21,Mid season,False,False,1,-1.2
2024-01-30,20:15,Premier League,Matchweek 22,Tue,Home,L,1,3,Newcastle United,1.4,2.6,61,42191.0,John McGinn,,,John Brooks,Match Report,12,5,14.3,0,0,0,Aston Villa,2024,January,22,Mid season,False,False,0,-0.4
2024-02-03,17:30,Premier League,Matchweek 23,Sat,Away,W,5,0,Sheffield United,2.2,1.4,63,30187.0,John McGinn,4-2-3-1,,Paul Tierney,Match Report,14,9,15.8,1,0,0,Aston Villa,2024,February,23,Mid season,False,False,3,2.8
2024-02-11,16:30,Premier League,Matchweek 24,Sun,Home,L,1,2,Manchester United,2.4,1.8,56,42185.0,John McGinn,4-2-3-1,4-2-3-1,Robert Jones,Match Report,23,9,16.7,1,0,0,Aston Villa,2024,February,24,Mid season,False,False,0,-1.4
2024-02-17,15:00,Premier League,Matchweek 25,Sat,Away,W,2,1,Fulham,1.5,1.5,48,24401.0,John McGinn,4-2-3-1,4-2-3-1,Lewis Smith,Match Report,12,3,16.8,1,0,0,Aston Villa,2024,February,25,Mid season,False,False,3,0.5
2024-02-24,15:00,Premier League,Matchweek 26,Sat,Home,W,4,2,Nottingham Forest,3.6,2.6,58,42131.0,John McGinn,4-2-3-1,4-2-3-1,Samuel Barrott,Match Report,16,6,14.3,2,0,0,Aston Villa,2024,February,26,Late season,False,False,3,0.4
2024-03-02,17:30,Premier League,Matchweek 27,Sat,Away,W,3,2,Luton Town,1.9,1.8,54,11594.0,John McGinn,4-2-3-1,,Michael Oliver,Match Report,12,8,12.5,0,0,0,Aston Villa,2024,March,27,Late season,False,False,3,1.1
2024-03-10,13:00,Premier League,Matchweek 28,Sun,Home,L,0,4,Tottenham Hotspur,0.8,1.5,32,42310.0,John McGinn,,4-2-3-1,Chris Kavanagh,Match Report,10,1,14.1,0,0,0,Aston Villa,2024,March,28,Late season,False,False,0,-0.8
2024-03-17,14:00,Premier League,Matchweek 29,Sun,Away,D,1,1,West Ham United,0.7,2.0,69,62461.0,Emiliano Martínez,,4-2-3-1,Jarred Gillett,Match Report,13,5,20.6,0,0,0,Aston Villa,2024,March,29,Late season,False,False,1,0.3
2024-03-30,17:30,Premier League,Matchweek 30,Sat,Home,W,2,0,Wolverhampton Wanderers,1.0,1.5,48,42640.0,Emiliano Martínez,,,Paul Tierney,Match Report,11,5,14.7,0,0,0,Aston Villa,2024,March,30,Late season,False,False,3,1.0
2024-04-03,20:15,Premier League,Matchweek 31,Wed,Away,L,1,4,Manchester City,0.8,3.4,33,53422.0,Douglas Luiz,4-2-3-1,4-2-3-1,Darren England,Match Report,8,3,12.4,0,0,0,Aston Villa,2024,April,31,Late season,False,False,0,0.2
2024-04-06,15:00,Premier League,Matchweek 32,Sat,Home,D,3,3,Brentford,1.5,1.5,69,42118.0,John McGinn,4-4-1-1,,Michael Salisbury,Match Report,11,3,12.1,1,0,0,Aston Villa,2024,April,32,Late season,False,False,1,1.5
2024-04-14,16:30,Premier League,Matchweek 33,Sun,Away,W,2,0,Arsenal,0.9,1.6,48,60350.0,John McGinn,4-2-3-1,,David Coote,Match Report,11,2,18.8,1,0,0,Aston Villa,2024,April,33,Late season,False,False,3,1.1
2024-04-21,15:00,Premier League,Matchweek 34,Sun,Home,W,3,1,Bournemouth,2.4,1.8,56,42189.0,John McGinn,4-2-3-1,4-2-3-1,Tim Robinson,Match Report,15,5,14.8,0,0,0,Aston Villa,2024,April,34,Late season,False,False,3,0.6
2024-04-27,20:00,Premier League,Matchweek 35,Sat,Home,D,2,2,Chelsea,1.1,1.6,29,42354.0,John McGinn,4-4-1-1,4-2-3-1,Craig Pawson,Match Report,9,4,15.0,0,0,0,Aston Villa,2024,April,35,Late season,False,False,1,0.9
2024-05-05,14:00,Premier League,Matchweek 36,Sun,Away,L,0,1,Brighton And Hove Albion,0.1,2.5,48,31596.0,John McGinn,4-2-3-1,4-2-3-1,Robert Jones,Match Report,2,1,23.2,0,0,0,Aston Villa,2024,May,36,Late season,False,False,0,-0.1
2024-05-13,20:00,Premier League,Matchweek 37,Mon,Home,D,3,3,Liverpool,3.1,1.7,41,42241.0,John McGinn,4-2-3-1,,Simon Hooper,Match Report,19,5,15.2,0,0,0,Aston Villa,2024,May,37,Late season,False,False,1,-0.1
2024-05-19,16:00,Premier League,Matchweek 38,Sun,Away,L,0,5,Crystal Palace,0.9,2.5,46,25191.0,John McGinn,,,Darren Bond,Match Report,8,2,13.8,0,0,0,Aston Villa,2024,May,38,Late season,False,False,0,-0.9
2024-08-17,17:30,Premier League,Matchweek 1,Sat,Away,W,2,1,West Ham United,2.0,2.3,48,62463.0,John McGinn,4-2-3-1,4-1-4-1,Tony Harrington,Match Report,15,3,15.2,0,0,0,Aston Villa,2025,August,1,Early season,False,False,3,0.0
2024-08-24,17:30,Premier League,Matchweek 2,Sat,Home,L,0,2,Arsenal,1.2,0.9,40,41587.0,John McGinn,,,Michael Oliver,Match Report,11,3,16.0,0,0,0,Aston Villa,2025,August,2,Early season,False,False,0,-1.2
2024-08-31,15:00,Premier League,Matchweek 3,Sat,Away,W,2,1,Leicester City,1.4,0.4,43,31725.0,John McGinn,,4-2-3-1,David Coote,Match Report,10,5,17.9,0,0,0,Aston Villa,2025,August,3,Early season,False,False,3,0.6
2024-09-14,17:30,Premier League,Matchweek 4,Sat,Home,W,3,2,Everton,2.1,0.9,72,41573.0,John McGinn,4-2-3-1,4-2-3-1,Craig Pawson,Match Report,17,7,14.0,0,0,0,Aston Villa,2025,September,4,Early season,False,False,3,0.9
2024-09-21,15:00,Premier League,Matchweek 5,Sat,Home,W,3,1,Wolverhampton Wanderers,1.7,0.5,53,39978.0,John McGinn,4-2-3-1,4-1-4-1,Tim Robinson,Match Report,9,3,13.7,1,0,0,Aston Villa,2025,September,5,Early season,False,False,3,1.3
2024-09-29,14:00,Premier League,Matchweek 6,Sun,Away,D,2,2,Ipswich Town,0.8,1.2,56,29943.0,Emiliano Martínez,4-2-3-1,4-2-3-1,Stuart Attwell,Match Report,7,3,19.0,1,0,0,Aston Villa,2025,September,6,Early season,False,False,1,1.2
2024-10-06,14:00,Premier League,Matchweek 7,Sun,Home,D,0,0,Manchester United,0.5,0.6,53,42682.0,Emiliano Martínez,4-2-3-1,4-2-3-1,Robert Jones,Match Report,11,1,20.3,1,0,0,Aston Villa,2025,October,7,Early season,False,False,1,-0.5
2024-10-19,15:00,Premier League,Matchweek 8,Sat,Away,W,3,1,Fulham,1.6,1.8,48,26743.0,Emiliano Martínez,4-2-3-1,4-2-3-1,Darren England,Match Report,14,5,15.1,1,0,0,Aston Villa,2025,October,8,Early season,False,False,3,1.4
2024-10-26,15:00,Premier League,Matchweek 9,Sat,Home,D,1,1,Bournemouth,1.8,0.3,57,42165.0,John McGinn,4-4-1-1,4-2-3-1,Chris Kavanagh,Match Report,18,8,15.1,0,0,0,Aston Villa,2025,October,9,Early season,False,False,1,-0.8
2024-11-03,14:00,Premier League,Matchweek 10,Sun,Away,L,1,4,Tottenham Hotspur,1.8,2.4,49,61253.0,John McGinn,4-2-3-1,,Craig Pawson,Match Report,12,1,16.2,0,0,0,Aston Villa,2025,November,10,Early season,False,False,0,-0.8
2024-11-09,20:00,Premier League,Matchweek 11,Sat,Away,L,0,2,Liverpool,1.2,2.0,38,60292.0,Emiliano Martínez,4-2-3-1,4-2-3-1,David Coote,Match Report,12,2,11.6,0,0,0,Aston Villa,2025,November,11,Early season,False,False,0,-1.2
2024-11-23,15:00,Premier League,Matchweek 12,Sat,Home,D,2,2,Crystal Palace,3.0,1.3,69,42175.0,John McGinn,4-2-3-1,,Tim Robinson,Match Report,16,4,14.9,0,0,1,Aston Villa,2025,November,12,Early season,False,False,1,-1.0
2024-12-01,13:30,Premier League,Matchweek 13,Sun,Away,L,0,3,Chelsea,1.2,1.6,36,40853.0,John McGinn,4-2-3-1,4-2-3-1,Stuart Attwell,Match Report,10,3,13.4,0,0,0,Aston Villa,2025,December,13,Early season,False,False,0,-1.2
2024-12-04,20:15,Premier League,Matchweek 14,Wed,Home,W,3,1,Brentford,2.4,0.9,49,42148.0,John McGinn,4-2-3-1,,Lewis Smith,Match Report,19,9,15.0,0,1,1,Aston Villa,2025,December,14,Mid season,False,False,3,0.6
2024-12-07,15:00,Premier League,Matchweek 15,Sat,Home,W,1,0,Southampton,2.3,0.3,47,42453.0,John McGinn,4-2-3-1,,Darren Bond,Match Report,18,4,14.2,0,0,0,Aston Villa,2025,December,15,Mid season,False,False,3,-1.3
2024-12-14,17:30,Premier League,Matchweek 16,Sat,Away,L,1,2,Nottingham Forest,0.4,1.7,50,30117.0,John McGinn,4-2-3-1,4-2-3-1,Samuel Barrott,Match Report,8,2,15.6,0,0,0,Aston Villa,2025,December,16,Mid season,False,False,0,0.6
2024-12-21,12:30,Premier League,Matchweek 17,Sat,Home,W,2,1,Manchester City,1.6,1.0,44,42345.0,John McGinn,4-2-3-1,4-2-3-1,Peter Bankes,Match Report,11,6,13.9,0,0,0,Aston Villa,2025,December,17,Mid season,False,False,3,0.4
2024-12-26,15:00,Premier League,Matchweek 18,Thu,Away,L,0,3,Newcastle United,0.3,2.7,38,52168.0,John McGinn,4-2-3-1,,Anthony Taylor,Match Report,4,1,17.0,1,0,0,Aston Villa,2025,December,18,Mid season,False,False,0,-0.3
2024-12-30,19:45,Premier League,Matchweek 19,Mon,Home,D,2,2,Brighton And Hove Albion,1.8,1.1,59,41414.0,John McGinn,4-2-3-1,4-2-3-1,Craig Pawson,Match Report,19,3,17.9,0,1,1,Aston Villa,2025,December,19,Mid season,False,False,1,0.2
2025-01-04,15:00,Premier League,Matchweek 20,Sat,Home,W,2,1,Leicester City,1.4,0.4,60,42386.0,John McGinn,4-2-3-1,4-2-3-1,Jarred Gillett,Match Report,13,5,15.9,0,0,0,Aston Villa,2025,January,20,Mid season,False,False,3,0.6
2025-01-15,19:30,Premier League,Matchweek 21,Wed,Away,W,1,0,Everton,1.2,1.1,50,39085.0,Emiliano Martínez,4-2-3-1,4-2-3-1,Samuel Barrott,Match Report,11,3,20.5,1,0,0,Aston Villa,2025,January,21,Mid season,False,False,3,-0.2
2025-01-18,17:30,Premier League,Matchweek 22,Sat,Away,D,2,2,Arsenal,1.0,1.3,34,60067.0,Emiliano Martínez,4-2-3-1,,Chris Kavanagh,Match Report,8,4,16.9,0,0,0,Aston Villa,2025,January,22,Mid season,False,False,1,1.0
2025-01-26,16:30,Premier League,Matchweek 23,Sun,Home,D,1,1,West Ham United,0.9,1.3,46,41628.0,Emiliano Martínez,4-2-3-1,,Peter Bankes,Match Report,14,4,18.0,1,0,0,Aston Villa,2025,January,23,Mid season,False,False,1,0.1
2025-02-01,17:30,Premier League,Matchweek 24,Sat,Away,L,0,2,Wolverhampton Wanderers,0.4,1.6,68,31385.0,John McGinn,4-2-3-1,,Andy Madley,Match Report,10,3,20.9,0,0,0,Aston Villa,2025,February,24,Mid season,False,False,0,-0.4
2025-02-15,15:00,Premier League,Matchweek 25,Sat,Home,D,1,1,Ipswich Town,2.4,0.4,75,42510.0,John McGinn,4-2-3-1,4-2-3-1,Robert Jones,Match Report,25,6,18.6,2,0,0,Aston Villa,2025,February,25,Mid season,False,False,1,-1.4
2025-02-19,19:30,Premier League,Matchweek 29,Wed,Home,D,2,2,Liverpool,0.6,2.5,52,41910.0,John McGinn,4-2-3-1,4-2-3-1,Craig Pawson,Match Report,9,3,18.0,0,0,0,Aston Villa,2025,February,29,Late season,False,False,1,1.4
2025-02-22,17:30,Premier League,Matchweek 26,Sat,Home,W,2,1,Chelsea,2.3,2.3,52,42423.0,John McGinn,4-2-3-1,4-2-3-1,Michael Oliver,Match Report,12,6,13.2,0,0,0,Aston Villa,2025,February,26,Late season,False,False,3,-0.3
2025-02-25,19:30,Premier League,Matchweek 27,Tue,Away,L,1,4,Crystal Palace,0.4,4.3,64,24712.0,John McGinn,,,Samuel Barrott,Match Report,6,2,10.0,0,0,0,Aston Villa,2025,February,27,Late season,False,False,0,0.6
2025-03-08,17:30,Premier League,Matchweek 28,Sat,Away,W,1,0,Brentford,1.3,0.8,41,17171.0,John McGinn,4-2-3-1,4-2-3-1,Jarred Gillett,Match Report,12,4,16.9,1,0,0,Aston Villa,2025,March,28,Late season,False,False,3,-0.3
2025-04-02,19:45,Premier League,Matchweek 30,Wed,Away,W,3,0,Brighton And Hove Albion,1.2,0.9,44,27895.0,John McGinn,4-2-3-1,4-2-3-1,Stuart Attwell,Match Report,8,5,14.1,0,0,0,Aston Villa,2025,April,30,Late season,False,False,3,1.8
2025-04-05,17:30,Premier League,Matchweek 31,Sat,Home,W,2,1,Nottingham Forest,3.0,1.5,52,42743.0,Emiliano Martínez,4-2-3-1,3-4-1-2,Simon Hooper,Match Report,17,8,16.4,1,0,0,Aston Villa,2025,April,31,Late season,False,False,3,-1.0
2025-04-12,15:00,Premier League,Matchweek 32,Sat,Away,W,3,0,Southampton,3.0,0.3,60,30199.0,Emiliano Martínez,4-2-3-1,,Thomas Bramall,Match Report,23,8,21.1,1,0,2,Aston Villa,2025,April,32,Late season,False,False,3,0.0
2025-04-19,17:30,Premier League,Matchweek 33,Sat,Home,W,4,1,Newcastle United,2.2,1.0,48,42618.0,John McGinn,4-2-3-1,,Jarred Gillett,Match Report,23,9,14.3,0,0,0,Aston Villa,2025,April,33,Late season,False,False,3,1.8
2025-04-22,20:00,Premier League,Matchweek 34,Tue,Away,L,1,2,Manchester City,1.8,1.3,39,51834.0,Emiliano Martínez,4-2-3-1,4-1-4-1,Craig Pawson,Match Report,6,2,16.2,0,1,1,Aston Villa,2025,April,34,Late season,False,False,0,-0.8
2025-05-03,12:30,Premier League,Matchweek 35,Sat,Home,W,1,0,Fulham,1.0,0.9,52,42515.0,John McGinn,4-2-3-1,4-2-3-1,Robert Jones,Match Report,10,3,15.8,0,0,0,Aston Villa,2025,May,35,Late season,False,False,3,0.0
2025-05-10,17:30,Premier League,Matchweek 36,Sat,Away,W,1,0,Bournemouth,1.0,0.8,34,11187.0,Emiliano Martínez,4-2-3-1,4-2-3-1,Stuart Attwell,Match Report,6,3,14.9,0,0,0,Aston Villa,2025,May,36,Late season,False,False,3,0.0
2025-05-16,19:30,Premier League,Matchweek 37,Fri,Home,W,2,0,Tottenham Hotspur,1.4,0.5,67,42239.0,John McGinn,4-2-3-1,4-2-3-1,Peter Bankes,Match Report,18,7,17.2,0,0,0,Aston Villa,2025,May,37,Late season,False,False,3,0.6
2025-05-25,16:00,Premier League,Matchweek 38,Sun,Away,L,0,2,Manchester United,0.4,2.9,33,73839.0,John McGinn,4-2-3-1,,Thomas Bramall,Match Report,6,1,19.5,0,0,0,Aston Villa,2025,May,38,Late season,False,False,0,-0.4
2022-08-06,15:00,Premier League,Matchweek 1,Sat,Home,W,2,0,Aston Villa,0.6,0.7,35,11013.0,Lloyd Kelly,,,Peter Bankes,Match Report,7,3,15.7,0,0,0,Bournemouth,2023,August,1,Early season,False,False,3,1.4
2022-08-13,15:00,Premier League,Matchweek 2,Sat,Away,L,0,4,Manchester City,0.1,1.7,33,53453.0,Lloyd Kelly,,4-2-3-1,David Coote,Match Report,3,1,20.6,0,0,0,Bournemouth,2023,August,2,Early season,False,False,0,-0.1
2022-08-20,17:30,Premier League,Matchweek 3,Sat,Home,L,0,3,Arsenal,0.3,1.3,43,10423.0,Lloyd Kelly,3-1-4-2,,Craig Pawson,Match Report,6,1,18.5,1,0,0,Bournemouth,2023,August,3,Early season,False,False,0,-0.3
2022-08-27,15:00,Premier League,Matchweek 4,Sat,Away,L,0,9,Liverpool,0.3,3.3,31,53328.0,Adam Smith,4-2-3-1,,Stuart Attwell,Match Report,5,2,18.2,0,0,0,Bournemouth,2023,August,4,Early season,True,False,0,-0.3
2022-08-31,19:30,Premier League,Matchweek 5,Wed,Home,D,0,0,Wolverhampton Wanderers,0.4,1.5,35,10113.0,Lloyd Kelly,,,Anthony Taylor,Match Report,5,2,16.1,0,0,0,Bournemouth,2023,August,5,Early season,False,False,1,-0.4
2022-09-03,15:00,Premier League,Matchweek 6,Sat,Away,W,3,2,Nottingham Forest,0.8,1.9,48,28720.0,Lloyd Kelly,4-2-3-1,,Michael Oliver,Match Report,8,3,17.5,0,0,0,Bournemouth,2023,September,6,Early season,False,False,3,2.2
2022-09-17,15:00,Premier League,Matchweek 8,Sat,Away,D,1,1,Newcastle United,0.7,1.9,28,52238.0,Adam Smith,4-2-3-1,,Craig Pawson,Match Report,10,3,18.1,0,0,0,Bournemouth,2023,September,8,Early season,False,False,1,0.3
2022-10-01,15:00,Premier League,Matchweek 9,Sat,Home,D,0,0,Brentford,0.4,0.9,42,10126.0,Adam Smith,,,Thomas Bramall,Match Report,7,0,15.5,1,0,0,Bournemouth,2023,October,9,Early season,False,False,1,-0.4
2022-10-08,15:00,Premier League,Matchweek 10,Sat,Home,W,2,1,Leicester City,1.1,1.0,45,10272.0,Adam Smith,,4-1-4-1,Michael Salisbury,Match Report,10,4,15.0,1,0,0,Bournemouth,2023,October,10,Early season,False,False,3,0.9
2022-10-15,15:00,Premier League,Matchweek 11,Sat,Away,D,2,2,Fulham,1.0,2.1,31,22541.0,Adam Smith,4-2-3-1,4-2-3-1,Graham Scott,Match Report,10,6,13.0,0,0,0,Bournemouth,2023,October,11,Early season,False,False,1,1.0
2022-10-19,19:30,Premier League,Matchweek 12,Wed,Home,L,0,1,Southampton,1.0,1.0,54,10405.0,Adam Smith,,,John Brooks,Match Report,15,3,17.6,1,0,0,Bournemouth,2023,October,12,Early season,False,False,0,-1.0
2022-10-24,20:00,Premier League,Matchweek 13,Mon,Away,L,0,2,West Ham United,0.4,1.9,45,62447.0,Adam Smith,4-2-3-1,4-2-3-1,David Coote,Match Report,5,3,13.6,0,0,0,Bournemouth,2023,October,13,Early season,False,False,0,-0.4
2022-10-29,15:00,Premier League,Matchweek 14,Sat,Home,L,2,3,Tottenham Hotspur,0.5,2.0,31,10430.0,Adam Smith,3-5-1-1,,Anthony Taylor,Match Report,6,4,14.0,0,0,0,Bournemouth,2023,October,14,Mid season,False,False,0,1.5
2022-11-05,15:00,Premier League,Matchweek 15,Sat,Away,L,3,4,Leeds United,1.5,2.2,40,36304.0,Adam Smith,,4-2-3-1,Tony Harrington,Match Report,9,5,12.4,0,0,0,Bournemouth,2023,November,15,Mid season,False,False,0,1.5
2022-11-12,15:00,Premier League,Matchweek 16,Sat,Home,W,3,0,Everton,2.4,0.8,36,10382.0,Adam Smith,,,Craig Pawson,Match Report,16,8,13.6,0,0,0,Bournemouth,2023,November,16,Mid season,False,False,3,0.6
2022-12-27,17:30,Premier League,Matchweek 17,Tue,Away,L,0,2,Chelsea,0.5,1.8,40,40046.0,Lloyd Kelly,,,Simon Hooper,Match Report,9,4,21.0,2,0,0,Bournemouth,2023,December,17,Mid season,False,False,0,-0.5
2022-12-31,15:00,Premier League,Matchweek 18,Sat,Home,L,0,2,Crystal Palace,0.6,1.6,59,9972.0,Lloyd Kelly,,4-2-3-1,Andre Marriner,Match Report,6,2,14.8,0,0,0,Bournemouth,2023,December,18,Mid season,False,False,0,-0.6
2023-01-03,20:00,Premier League,Matchweek 19,Tue,Away,L,0,3,Manchester United,0.6,2.2,42,73322.0,Lloyd Kelly,,4-2-3-1,Michael Salisbury,Match Report,7,4,15.7,1,0,0,Bournemouth,2023,January,19,Mid season,False,False,0,-0.6
2023-01-14,17:30,Premier League,Matchweek 20,Sat,Away,L,0,2,Brentford,0.6,1.4,50,17031.0,Lloyd Kelly,4-4-1-1,,Jarred Gillett,Match Report,7,2,18.1,0,0,0,Bournemouth,2023,January,20,Mid season,False,False,0,-0.6
2023-01-21,15:00,Premier League,Matchweek 21,Sat,Home,D,1,1,Nottingham Forest,1.4,1.9,43,10248.0,Lloyd Kelly,,4-3-1-2,Andy Madley,Match Report,16,3,15.4,2,0,0,Bournemouth,2023,January,21,Mid season,False,False,1,-0.4
2023-02-04,15:00,Premier League,Matchweek 22,Sat,Away,L,0,1,Brighton And Hove Albion,1.1,2.2,29,31600.0,Neto,4-4-1-1,,Craig Pawson,Match Report,12,2,15.3,0,0,0,Bournemouth,2023,February,22,Mid season,False,False,0,-1.1
2023-02-11,17:30,Premier League,Matchweek 23,Sat,Home,D,1,1,Newcastle United,1.5,1.3,34,10419.0,Neto,4-4-1-1,,Stuart Attwell,Match Report,11,4,16.5,1,0,0,Bournemouth,2023,February,23,Mid season,False,False,1,-0.5
2023-02-18,15:00,Premier League,Matchweek 24,Sat,Away,W,1,0,Wolverhampton Wanderers,1.1,1.3,32,31222.0,Neto,4-2-3-1,4-2-3-1,Michael Salisbury,Match Report,5,1,14.0,0,0,0,Bournemouth,2023,February,24,Mid season,False,False,3,-0.1
2023-02-25,17:30,Premier League,Matchweek 25,Sat,Home,L,1,4,Manchester City,1.0,2.4,35,10481.0,Neto,,3-2-4-1,Paul Tierney,Match Report,13,2,14.2,0,0,0,Bournemouth,2023,February,25,Mid season,False,False,0,0.0
2023-03-04,15:00,Premier League,Matchweek 26,Sat,Away,L,2,3,Arsenal,1.3,2.1,21,60222.0,Neto,,,Chris Kavanagh,Match Report,4,4,8.1,0,0,0,Bournemouth,2023,March,26,Late season,False,False,0,0.7
2023-03-11,12:30,Premier League,Matchweek 27,Sat,Home,W,1,0,Liverpool,0.9,1.7,31,10536.0,Neto,4-4-1-1,,John Brooks,Match Report,5,2,12.3,0,0,0,Bournemouth,2023,March,27,Late season,False,False,3,0.1
2023-03-18,15:00,Premier League,Matchweek 28,Sat,Away,L,0,3,Aston Villa,1.3,3.5,44,41021.0,Neto,4-4-1-1,4-2-3-1,Robert Jones,Match Report,10,3,12.6,1,0,0,Bournemouth,2023,March,28,Late season,False,False,0,-1.3
2023-04-01,15:00,Premier League,Matchweek 29,Sat,Home,W,2,1,Fulham,2.6,0.8,43,10305.0,Neto,4-4-1-1,4-2-3-1,Peter Bankes,Match Report,12,6,12.5,0,0,0,Bournemouth,2023,April,29,Late season,False,False,3,-0.6
2023-04-04,19:45,Premier League,Matchweek 7,Tue,Home,L,0,2,Brighton And Hove Albion,1.7,2.7,37,10266.0,Neto,4-4-1-1,4-2-3-1,Darren Bond,Match Report,14,3,15.8,0,0,0,Bournemouth,2023,April,7,Early season,False,False,0,-1.7
2023-04-08,15:00,Premier League,Matchweek 30,Sat,Away,W,1,0,Leicester City,1.9,0.6,49,32094.0,Neto,4-2-3-1,4-2-3-1,David Coote,Match Report,19,7,14.7,1,0,0,Bournemouth,2023,April,30,Late season,False,False,3,-0.9
2023-04-15,15:00,Premier League,Matchweek 31,Sat,Away,W,3,2,Tottenham Hotspur,1.3,2.2,42,61369.0,Neto,,,Andy Madley,Match Report,9,6,17.9,0,0,0,Bournemouth,2023,April,31,Late season,False,False,3,1.7
2023-04-23,14:00,Premier League,Matchweek 32,Sun,Home,L,0,4,West Ham United,1.5,2.4,64,10465.0,Neto,,,Anthony Taylor,Match Report,17,5,17.4,0,0,0,Bournemouth,2023,April,32,Late season,False,False,0,-1.5
2023-04-27,19:45,Premier League,Matchweek 33,Thu,Away,W,1,0,Southampton,0.9,0.5,43,30414.0,Neto,,,Darren England,Match Report,16,2,17.6,0,0,0,Bournemouth,2023,April,33,Late season,False,False,3,0.1
2023-04-30,14:00,Premier League,Matchweek 34,Sun,Home,W,4,1,Leeds United,1.9,1.6,42,10434.0,Neto,4-2-3-1,,Chris Kavanagh,Match Report,12,7,12.5,0,0,0,Bournemouth,2023,April,34,Late season,False,False,3,2.1
2023-05-06,15:00,Premier League,Matchweek 35,Sat,Home,L,1,3,Chelsea,1.2,1.3,35,10357.0,Neto,4-2-3-1,,John Brooks,Match Report,10,4,14.5,0,0,0,Bournemouth,2023,May,35,Late season,False,False,0,-0.2
2023-05-13,15:00,Premier League,Matchweek 36,Sat,Away,L,0,2,Crystal Palace,0.3,1.5,41,25034.0,Neto,4-2-3-1,4-2-3-1,Michael Salisbury,Match Report,5,0,19.4,1,0,0,Bournemouth,2023,May,36,Late season,False,False,0,-0.3
2023-05-20,15:00,Premier League,Matchweek 37,Sat,Home,L,0,1,Manchester United,1.0,1.4,41,10240.0,Neto,4-2-3-1,4-2-3-1,Chris Kavanagh,Match Report,10,4,16.2,1,0,0,Bournemouth,2023,May,37,Late season,False,False,0,-1.0
2023-05-28,16:30,Premier League,Matchweek 38,Sun,Away,L,0,1,Everton,0.5,1.0,62,39201.0,Adam Smith,4-2-3-1,,Stuart Attwell,Match Report,7,1,14.5,0,0,0,Bournemouth,2023,May,38,Late season,False,False,0,-0.5
2023-08-12,15:00,Premier League,Matchweek 1,Sat,Home,D,1,1,West Ham United,1.3,1.1,62,11245.0,Neto,4-2-3-1,4-2-3-1,Peter Bankes,Match Report,14,5,20.7,1,0,0,Bournemouth,2024,August,1,Early season,False,False,1,-0.3
2023-08-19,15:00,Premier League,Matchweek 2,Sat,Away,L,1,3,Liverpool,1.3,3.0,36,53145.0,Neto,4-2-3-1,,Thomas Bramall,Match Report,13,5,19.7,1,0,0,Bournemouth,2024,August,2,Early season,False,False,0,-0.3
2023-08-26,12:30,Premier League,Matchweek 3,Sat,Home,L,0,2,Tottenham Hotspur,0.7,2.1,44,10567.0,Neto,4-2-3-1,4-2-3-1,Tim Robinson,Match Report,11,3,17.8,0,0,0,Bournemouth,2024,August,3,Early season,False,False,0,-0.7
2023-09-02,15:00,Premier League,Matchweek 4,Sat,Away,D,2,2,Brentford,2.1,2.9,40,16973.0,Neto,4-2-3-1,,Robert Madley,Match Report,12,5,15.1,0,0,0,Bournemouth,2024,September,4,Early season,False,False,1,-0.1
2023-09-17,14:00,Premier League,Matchweek 5,Sun,Home,D,0,0,Chelsea,1.0,1.8,36,10421.0,Neto,4-2-3-1,4-2-3-1,David Coote,Match Report,13,4,16.7,1,0,0,Bournemouth,2024,September,5,Early season,False,False,1,-1.0
2023-09-24,14:00,Premier League,Matchweek 6,Sun,Away,L,1,3,Brighton And Hove Albion,1.1,1.9,39,31617.0,Neto,4-2-3-1,4-2-3-1,John Brooks,Match Report,12,3,17.6,1,0,0,Bournemouth,2024,September,6,Early season,False,False,0,-0.1
2023-09-30,15:00,Premier League,Matchweek 7,Sat,Home,L,0,4,Arsenal,0.6,3.4,43,11193.0,Neto,4-2-3-1,,Michael Salisbury,Match Report,8,1,14.1,0,0,0,Bournemouth,2024,September,7,Early season,False,False,0,-0.6
2023-10-07,15:00,Premier League,Matchweek 8,Sat,Away,L,0,3,Everton,0.7,2.4,52,38815.0,Neto,4-2-3-1,4-4-1-1,David Coote,Match Report,11,3,16.2,0,0,0,Bournemouth,2024,October,8,Early season,False,False,0,-0.7
2023-10-21,15:00,Premier League,Matchweek 9,Sat,Home,L,1,2,Wolverhampton Wanderers,0.6,2.4,35,11175.0,Neto,4-2-3-1,,Paul Tierney,Match Report,7,4,17.1,0,0,0,Bournemouth,2024,October,9,Early season,False,False,0,0.4
2023-10-28,15:00,Premier League,Matchweek 10,Sat,Home,W,2,1,Burnley,1.1,0.8,45,11152.0,Lloyd Kelly,4-2-3-1,,Samuel Barrott,Match Report,13,6,19.5,2,0,0,Bournemouth,2024,October,10,Early season,False,False,3,0.9
2023-11-04,15:00,Premier League,Matchweek 11,Sat,Away,L,1,6,Manchester City,0.9,1.9,35,53358.0,Lloyd Kelly,,,Craig Pawson,Match Report,5,1,11.4,0,0,0,Bournemouth,2024,November,11,Early season,False,False,0,0.1
2023-11-11,17:30,Premier League,Matchweek 12,Sat,Home,W,2,0,Newcastle United,2.4,0.5,48,11201.0,Neto,4-2-3-1,,Chris Kavanagh,Match Report,19,10,14.9,0,0,0,Bournemouth,2024,November,12,Early season,False,False,3,-0.4
2023-11-25,15:00,Premier League,Matchweek 13,Sat,Away,W,3,1,Sheffield United,2.9,0.8,54,30208.0,Neto,4-2-3-1,,Andy Madley,Match Report,23,11,15.7,0,0,0,Bournemouth,2024,November,13,Early season,False,False,3,0.1
2023-12-03,14:00,Premier League,Matchweek 14,Sun,Home,D,2,2,Aston Villa,2.0,0.7,38,11191.0,Neto,4-2-3-1,,Thomas Bramall,Match Report,15,7,13.6,0,0,0,Bournemouth,2024,December,14,Mid season,False,False,1,0.0
2023-12-06,19:30,Premier League,Matchweek 15,Wed,Away,W,2,0,Crystal Palace,1.8,1.0,41,25078.0,Neto,4-2-3-1,4-2-3-1,Craig Pawson,Match Report,11,4,11.5,0,0,0,Bournemouth,2024,December,15,Mid season,False,False,3,0.2
2023-12-09,15:00,Premier League,Matchweek 16,Sat,Away,W,3,0,Manchester United,1.5,1.1,32,73427.0,Neto,4-2-3-1,4-2-3-1,Peter Bankes,Match Report,10,4,12.7,0,0,0,Bournemouth,2024,December,16,Mid season,False,False,3,1.5
2023-12-23,15:00,Premier League,Matchweek 18,Sat,Away,W,3,2,Nottingham Forest,1.6,1.0,66,29188.0,Neto,4-2-3-1,4-2-3-1,Robert Jones,Match Report,18,6,15.9,1,0,0,Bournemouth,2024,December,18,Mid season,False,False,3,1.4
2023-12-26,15:00,Premier League,Matchweek 19,Tue,Home,W,3,0,Fulham,1.8,0.3,43,11099.0,Neto,4-2-3-1,4-2-3-1,Tim Robinson,Match Report,15,3,18.5,0,1,1,Bournemouth,2024,December,19,Mid season,False,False,3,1.2
2023-12-31,14:00,Premier League,Matchweek 20,Sun,Away,L,1,3,Tottenham Hotspur,1.7,2.3,50,61780.0,Neto,4-2-3-1,,Simon Hooper,Match Report,24,4,17.2,1,0,0,Bournemouth,2024,December,20,Mid season,False,False,0,-0.7
2024-01-21,16:30,Premier League,Matchweek 21,Sun,Home,L,0,4,Liverpool,1.4,1.5,40,11228.0,Neto,4-2-3-1,,Andy Madley,Match Report,11,1,19.8,0,0,0,Bournemouth,2024,January,21,Mid season,False,False,0,-1.4
2024-02-01,19:30,Premier League,Matchweek 22,Thu,Away,D,1,1,West Ham United,1.2,1.4,52,62478.0,Neto,4-2-3-1,4-3-2-1,Tim Robinson,Match Report,9,4,17.2,0,0,0,Bournemouth,2024,February,22,Mid season,False,False,1,-0.2
2024-02-04,14:00,Premier League,Matchweek 23,Sun,Home,D,1,1,Nottingham Forest,1.3,0.5,45,11200.0,Neto,4-2-3-1,4-2-3-1,Rebecca Welch,Match Report,9,1,16.7,1,0,0,Bournemouth,2024,February,23,Mid season,False,False,1,-0.3
2024-02-10,15:00,Premier League,Matchweek 24,Sat,Away,L,1,3,Fulham,1.8,1.6,51,24271.0,Neto,4-2-3-1,4-2-3-1,Darren England,Match Report,25,4,16.7,1,0,0,Bournemouth,2024,February,24,Mid season,False,False,0,-0.8
2024-02-17,15:00,Premier League,Matchweek 25,Sat,Away,D,2,2,Newcastle United,2.2,2.2,38,52224.0,Neto,4-2-3-1,,Michael Salisbury,Match Report,12,6,20.3,0,0,0,Bournemouth,2024,February,25,Mid season,False,False,1,-0.2
2024-02-24,17:30,Premier League,Matchweek 26,Sat,Home,L,0,1,Manchester City,0.9,1.6,38,11184.0,Neto,4-2-3-1,3-2-4-1,Jarred Gillett,Match Report,13,4,17.1,0,0,0,Bournemouth,2024,February,26,Late season,False,False,0,-0.9
2024-03-03,13:00,Premier League,Matchweek 27,Sun,Away,W,2,0,Burnley,1.1,1.5,26,19713.0,Neto,4-2-3-1,,David Coote,Match Report,10,3,15.1,1,0,0,Bournemouth,2024,March,27,Late season,False,False,3,0.9
2024-03-09,15:00,Premier League,Matchweek 28,Sat,Home,D,2,2,Sheffield United,3.3,1.2,69,11074.0,Neto,4-2-3-1,,Anthony Taylor,Match Report,31,11,16.9,0,0,1,Bournemouth,2024,March,28,Late season,False,False,1,-1.3
2024-03-13,19:30,Premier League,Matchweek 17,Wed,Home,W,4,3,Luton Town,2.3,2.0,59,11198.0,Neto,4-2-3-1,,Samuel Allison,Match Report,24,9,15.5,0,0,0,Bournemouth,2024,March,17,Mid season,False,False,3,1.7
2024-03-30,15:00,Premier League,Matchweek 30,Sat,Home,W,2,1,Everton,1.3,1.0,48,11207.0,Neto,4-2-3-1,4-4-1-1,Samuel Barrott,Match Report,11,4,15.6,1,0,0,Bournemouth,2024,March,30,Late season,False,False,3,0.7
2024-04-02,19:45,Premier League,Matchweek 31,Tue,Home,W,1,0,Crystal Palace,1.1,0.2,50,11058.0,Neto,,,Graham Scott,Match Report,11,6,18.7,2,0,0,Bournemouth,2024,April,31,Late season,False,False,3,-0.1
2024-04-06,15:00,Premier League,Matchweek 32,Sat,Away,L,1,2,Luton Town,0.4,1.5,45,11797.0,Neto,4-2-3-1,,Andy Madley,Match Report,8,1,19.1,1,0,0,Bournemouth,2024,April,32,Late season,False,False,0,0.6
2024-04-13,17:30,Premier League,Matchweek 33,Sat,Home,D,2,2,Manchester United,1.6,1.2,43,11229.0,Neto,4-2-3-1,4-2-3-1,Tony Harrington,Match Report,20,5,16.8,1,0,0,Bournemouth,2024,April,33,Late season,False,False,1,0.4
2024-04-21,15:00,Premier League,Matchweek 34,Sun,Away,L,1,3,Aston Villa,1.8,2.4,44,42189.0,Neto,4-2-3-1,4-2-3-1,Tim Robinson,Match Report,13,4,16.4,0,1,1,Bournemouth,2024,April,34,Late season,False,False,0,-0.8
2024-04-24,19:45,Premier League,Matchweek 29,Wed,Away,W,1,0,Wolverhampton Wanderers,1.9,0.5,37,25541.0,Adam Smith,4-2-3-1,4-1-4-1,Stuart Attwell,Match Report,21,6,16.7,0,0,0,Bournemouth,2024,April,29,Late season,False,False,3,-0.9
2024-04-28,14:00,Premier League,Matchweek 35,Sun,Home,W,3,0,Brighton And Hove Albion,1.9,0.9,31,11188.0,Adam Smith,,4-2-3-1,Paul Tierney,Match Report,15,6,14.4,1,0,0,Bournemouth,2024,April,35,Late season,False,False,3,1.1
2024-05-04,12:30,Premier League,Matchweek 36,Sat,Away,L,0,3,Arsenal,0.5,3.3,45,60348.0,Adam Smith,,,David Coote,Match Report,7,2,20.4,1,0,0,Bournemouth,2024,May,36,Late season,False,False,0,-0.5
2024-05-11,15:00,Premier League,Matchweek 37,Sat,Home,L,1,2,Brentford,0.7,1.1,48,11154.0,Adam Smith,4-2-3-1,,Matt Donohue,Match Report,13,4,17.1,0,0,0,Bournemouth,2024,May,37,Late season,False,False,0,0.3
2024-05-19,16:00,Premier League,Matchweek 38,Sun,Away,L,1,2,Chelsea,2.2,1.1,39,39724.0,Neto,4-2-3-1,4-2-3-1,Anthony Taylor,Match Report,22,5,16.8,0,0,0,Bournemouth,2024,May,38,Late season,False,False,0,-1.2
2024-08-17,15:00,Premier League,Matchweek 1,Sat,Away,D,1,1,Nottingham Forest,1.2,1.3,47,29763.0,Neto,4-2-3-1,4-2-3-1,Michael Oliver,Match Report,13,4,19.6,1,0,0,Bournemouth,2025,August,1,Early season,False,False,1,-0.2
2024-08-25,14:00,Premier League,Matchweek 2,Sun,Home,D,1,1,Newcastle United,2.2,1.6,39,11161.0,Neto,4-2-3-1,,David Coote,Match Report,16,4,16.5,1,0,0,Bournemouth,2025,August,2,Early season,False,False,1,-1.2
2024-08-31,15:00,Premier League,Matchweek 3,Sat,Away,W,3,2,Everton,2.4,1.8,53,38805.0,Lewis Cook,4-2-3-1,4-2-3-1,Stuart Attwell,Match Report,17,7,14.9,0,0,0,Bournemouth,2025,August,3,Early season,False,False,3,0.6
2024-09-14,20:00,Premier League,Matchweek 4,Sat,Home,L,0,1,Chelsea,1.7,0.8,34,11235.0,Adam Smith,4-2-3-1,4-2-3-1,Anthony Taylor,Match Report,18,6,22.4,0,0,1,Bournemouth,2025,September,4,Early season,False,False,0,-1.7
2024-09-21,15:00,Premier League,Matchweek 5,Sat,Away,L,0,3,Liverpool,1.1,2.0,42,60347.0,Lewis Cook,4-2-3-1,4-2-3-1,Tony Harrington,Match Report,19,6,18.7,1,0,0,Bournemouth,2025,September,5,Early season,False,False,0,-1.1
2024-09-30,20:00,Premier League,Matchweek 6,Mon,Home,W,3,1,Southampton,1.3,0.6,40,11243.0,Adam Smith,4-2-3-1,4-2-3-1,Michael Oliver,Match Report,14,6,18.8,0,0,0,Bournemouth,2025,September,6,Early season,False,False,3,1.7
2024-10-05,15:00,Premier League,Matchweek 7,Sat,Away,L,0,1,Leicester City,2.1,0.8,55,31706.0,Adam Smith,4-2-3-1,4-2-3-1,Darren Bond,Match Report,19,2,14.3,0,0,0,Bournemouth,2025,October,7,Early season,False,False,0,-2.1
2024-10-19,17:30,Premier League,Matchweek 8,Sat,Home,W,2,0,Arsenal,1.8,0.7,49,11235.0,Lewis Cook,4-2-3-1,4-2-3-1,Robert Jones,Match Report,12,3,18.9,0,1,1,Bournemouth,2025,October,8,Early season,False,False,3,0.2
2024-10-26,15:00,Premier League,Matchweek 9,Sat,Away,D,1,1,Aston Villa,0.3,1.8,43,42165.0,Lewis Cook,4-2-3-1,4-4-1-1,Chris Kavanagh,Match Report,10,3,21.6,0,0,0,Bournemouth,2025,October,9,Early season,False,False,1,0.7
2024-11-02,15:00,Premier League,Matchweek 10,Sat,Home,W,2,1,Manchester City,2.0,1.6,36,11231.0,Adam Smith,4-2-3-1,4-1-4-1,Michael Oliver,Match Report,12,6,16.0,0,0,0,Bournemouth,2025,November,10,Early season,False,False,3,0.0
2024-11-09,15:00,Premier League,Matchweek 11,Sat,Away,L,2,3,Brentford,2.6,1.5,49,16587.0,Adam Smith,4-2-3-1,,Darren Bond,Match Report,15,3,14.8,1,0,0,Bournemouth,2025,November,11,Early season,False,False,0,-0.6
2024-11-23,15:00,Premier League,Matchweek 12,Sat,Home,L,1,2,Brighton And Hove Albion,1.6,0.9,55,11196.0,Adam Smith,4-2-3-1,4-2-3-1,Stuart Attwell,Match Report,19,5,15.5,0,0,0,Bournemouth,2025,November,12,Early season,False,False,0,-0.6
2024-11-30,15:00,Premier League,Matchweek 13,Sat,Away,W,4,2,Wolverhampton Wanderers,3.3,0.5,40,26685.0,Adam Smith,4-2-3-1,4-2-3-1,Peter Bankes,Match Report,9,5,21.4,0,3,3,Bournemouth,2025,November,13,Early season,False,False,3,0.7
2024-12-05,20:15,Premier League,Matchweek 14,Thu,Home,W,1,0,Tottenham Hotspur,3.5,0.9,35,11234.0,Adam Smith,4-2-3-1,,Simon Hooper,Match Report,21,8,13.8,0,0,0,Bournemouth,2025,December,14,Mid season,False,False,3,-2.5
2024-12-08,14:00,Premier League,Matchweek 15,Sun,Away,W,2,1,Ipswich Town,3.2,1.3,56,29180.0,Adam Smith,4-2-3-1,4-2-3-1,Michael Salisbury,Match Report,22,6,16.4,0,0,0,Bournemouth,2025,December,15,Mid season,False,False,3,-1.2
2024-12-16,20:00,Premier League,Matchweek 16,Mon,Home,D,1,1,West Ham United,1.9,2.1,52,11204.0,Adam Smith,4-2-3-1,4-1-4-1,Chris Kavanagh,Match Report,29,9,18.3,1,0,0,Bournemouth,2025,December,16,Mid season,False,False,1,-0.9
2024-12-22,14:00,Premier League,Matchweek 17,Sun,Away,W,3,0,Manchester United,1.6,2.2,40,73720.0,Adam Smith,4-2-3-1,,Craig Pawson,Match Report,9,4,19.7,0,1,1,Bournemouth,2025,December,17,Mid season,False,False,3,1.4
2024-12-26,15:00,Premier League,Matchweek 18,Thu,Home,D,0,0,Crystal Palace,1.4,0.4,52,11129.0,Lewis Cook,4-2-3-1,,Thomas Bramall,Match Report,18,3,14.2,1,0,0,Bournemouth,2025,December,18,Mid season,False,False,1,-1.4
2024-12-29,15:00,Premier League,Matchweek 19,Sun,Away,D,2,2,Fulham,2.0,1.1,48,27301.0,Lewis Cook,4-2-3-1,,Robert Jones,Match Report,16,8,13.7,0,0,0,Bournemouth,2025,December,19,Mid season,False,False,1,0.0
2025-01-04,15:00,Premier League,Matchweek 20,Sat,Home,W,1,0,Everton,1.8,0.7,58,11223.0,Lewis Cook,4-2-3-1,4-2-3-1,John Brooks,Match Report,19,8,14.8,0,0,0,Bournemouth,2025,January,20,Mid season,False,False,3,-0.8
2025-01-14,19:30,Premier League,Matchweek 21,Tue,Away,D,2,2,Chelsea,1.2,2.5,43,39092.0,Lewis Cook,4-2-3-1,4-2-3-1,Robert Jones,Match Report,6,2,18.6,0,1,1,Bournemouth,2025,January,21,Mid season,False,False,1,0.8
2025-01-18,12:30,Premier League,Matchweek 22,Sat,Away,W,4,1,Newcastle United,2.0,0.8,44,52227.0,Lewis Cook,4-2-3-1,,Stuart Attwell,Match Report,19,10,13.4,0,0,0,Bournemouth,2025,January,22,Mid season,False,False,3,2.0
2025-01-25,15:00,Premier League,Matchweek 23,Sat,Home,W,5,0,Nottingham Forest,1.7,1.0,50,11228.0,Lewis Cook,4-2-3-1,4-2-3-1,Craig Pawson,Match Report,16,10,16.3,1,0,0,Bournemouth,2025,January,23,Mid season,False,False,3,3.3
2025-02-01,15:00,Premier League,Matchweek 24,Sat,Home,L,0,2,Liverpool,1.6,2.5,49,11239.0,Lewis Cook,4-2-3-1,4-2-3-1,Darren England,Match Report,14,3,17.4,0,0,0,Bournemouth,2025,February,24,Mid season,False,False,0,-1.6
2025-02-15,15:00,Premier League,Matchweek 25,Sat,Away,W,3,1,Southampton,1.2,0.8,56,31037.0,Lewis Cook,4-2-3-1,3-4-1-2,Jarred Gillett,Match Report,14,7,16.7,0,0,0,Bournemouth,2025,February,25,Mid season,False,False,3,1.8
2025-02-22,15:00,Premier League,Matchweek 26,Sat,Home,L,0,1,Wolverhampton Wanderers,0.9,2.0,46,11206.0,Lewis Cook,4-2-3-1,,Michael Salisbury,Match Report,8,3,17.1,0,0,0,Bournemouth,2025,February,26,Late season,False,False,0,-0.9
2025-02-25,19:30,Premier League,Matchweek 27,Tue,Away,L,1,2,Brighton And Hove Albion,1.5,2.4,56,31138.0,Lewis Cook,4-2-3-1,4-2-3-1,Michael Oliver,Match Report,19,5,16.9,0,0,0,Bournemouth,2025,February,27,Late season,False,False,0,-0.5
2025-03-09,14:00,Premier League,Matchweek 28,Sun,Away,D,2,2,Tottenham Hotspur,2.2,1.5,39,61178.0,Lewis Cook,4-2-3-1,,John Brooks,Match Report,17,8,14.0,1,0,0,Bournemouth,2025,March,28,Late season,False,False,1,-0.2
2025-03-15,17:30,Premier League,Matchweek 29,Sat,Home,L,1,2,Brentford,1.6,0.8,58,11180.0,Lewis Cook,4-2-3-1,4-2-3-1,Craig Pawson,Match Report,17,5,16.6,0,0,0,Bournemouth,2025,March,29,Late season,False,False,0,-0.6
2025-04-02,19:45,Premier League,Matchweek 30,Wed,Home,L,1,2,Ipswich Town,1.8,1.2,63,11192.0,Adam Smith,4-2-3-1,4-2-3-1,Robert Jones,Match Report,24,6,19.3,0,0,0,Bournemouth,2025,April,30,Late season,False,False,0,-0.8
2025-04-05,15:00,Premier League,Matchweek 31,Sat,Away,D,2,2,West Ham United,2.1,0.7,44,62459.0,Adam Smith,4-2-3-1,4-2-3-1,Tim Robinson,Match Report,11,4,14.1,0,0,0,Bournemouth,2025,April,31,Late season,False,False,1,-0.1
2025-04-14,20:00,Premier League,Matchweek 32,Mon,Home,W,1,0,Fulham,1.4,1.0,41,11195.0,Adam Smith,4-2-3-1,4-2-3-1,Michael Oliver,Match Report,12,3,15.6,0,0,0,Bournemouth,2025,April,32,Late season,False,False,3,-0.4
2025-04-19,15:00,Premier League,Matchweek 33,Sat,Away,D,0,0,Crystal Palace,0.7,0.4,71,25185.0,Adam Smith,4-2-3-1,,Samuel Barrott,Match Report,15,4,18.6,0,0,0,Bournemouth,2025,April,33,Late season,False,False,1,-0.7
2025-04-27,14:00,Premier League,Matchweek 34,Sun,Home,D,1,1,Manchester United,0.5,2.3,39,11241.0,Adam Smith,4-2-3-1,,Peter Bankes,Match Report,8,1,17.2,1,0,0,Bournemouth,2025,April,34,Late season,False,False,1,0.5
2025-05-03,17:30,Premier League,Matchweek 35,Sat,Away,W,2,1,Arsenal,0.9,1.4,49,60110.0,Lewis Cook,4-2-3-1,,Jarred Gillett,Match Report,9,2,15.2,0,0,0,Bournemouth,2025,May,35,Late season,False,False,3,1.1
2025-05-10,17:30,Premier League,Matchweek 36,Sat,Home,L,0,1,Aston Villa,0.8,1.0,66,11187.0,Adam Smith,4-2-3-1,4-2-3-1,Stuart Attwell,Match Report,10,4,15.6,0,0,0,Bournemouth,2025,May,36,Late season,False,False,0,-0.8
2025-05-20,20:00,Premier League,Matchweek 37,Tue,Away,L,1,3,Manchester City,1.1,1.5,43,52487.0,Lewis Cook,4-2-3-1,4-2-3-1,Thomas Bramall,Match Report,8,2,14.8,0,0,0,Bournemouth,2025,May,37,Late season,False,False,0,-0.1
2025-05-25,16:00,Premier League,Matchweek 38,Sun,Home,W,2,0,Leicester City,1.6,0.3,63,11238.0,Adam Smith,4-2-3-1,4-2-3-1,Lewis Smith,Match Report,20,7,17.5,1,0,0,Bournemouth,2025,May,38,Late season,False,False,3,0.4
2021-08-13,20:00,Premier League,Matchweek 1,Fri,Home,W,2,0,Arsenal,1.2,1.3,36,16479.0,Pontus Jansson,,4-2-3-1,Michael Oliver,Match Report,8,3,12.1,0,0,0,Brentford,2022,August,1,Early season,False,False,3,0.8
2021-08-21,15:00,Premier League,Matchweek 2,Sat,Away,D,0,0,Crystal Palace,0.9,0.5,47,23091.0,Pontus Jansson,,,Martin Atkinson,Match Report,14,3,18.0,1,0,0,Brentford,2022,August,2,Early season,False,False,1,-0.9
2021-08-28,15:00,Premier League,Matchweek 3,Sat,Away,D,1,1,Aston Villa,0.9,0.7,54,42045.0,Pontus Jansson,3-4-1-2,4-1-4-1,Peter Bankes,Match Report,9,2,15.6,0,0,0,Brentford,2022,August,3,Early season,False,False,1,0.1
2021-09-11,15:00,Premier League,Matchweek 4,Sat,Home,L,0,1,Brighton And Hove Albion,0.4,0.3,41,16518.0,Pontus Jansson,,3-4-1-2,Graham Scott,Match Report,7,1,20.3,0,0,0,Brentford,2022,September,4,Early season,False,False,0,-0.4
2021-09-18,12:30,Premier League,Matchweek 5,Sat,Away,W,2,0,Wolverhampton Wanderers,2.5,0.6,38,30000.0,Pontus Jansson,,,Darren England,Match Report,8,2,18.7,0,1,1,Brentford,2022,September,5,Early season,False,False,3,-0.5
2021-09-25,17:30,Premier League,Matchweek 6,Sat,Home,D,3,3,Liverpool,2.1,2.8,33,16876.0,Pontus Jansson,,,Stuart Attwell,Match Report,12,3,12.0,0,0,0,Brentford,2022,September,6,Early season,False,False,1,0.9
2021-10-03,14:00,Premier League,Matchweek 7,Sun,Away,W,2,1,West Ham United,1.2,1.5,41,49940.0,Pontus Jansson,,4-2-3-1,Peter Bankes,Match Report,13,6,13.9,1,0,0,Brentford,2022,October,7,Early season,False,False,3,0.8
2021-10-16,17:30,Premier League,Matchweek 8,Sat,Home,L,0,1,Chelsea,1.4,0.3,45,16940.0,Pontus Jansson,,,Anthony Taylor,Match Report,17,6,14.5,0,0,0,Brentford,2022,October,8,Early season,False,False,0,-1.4
2021-10-24,14:00,Premier League,Matchweek 9,Sun,Home,L,1,2,Leicester City,1.0,1.5,54,16814.0,Pontus Jansson,,3-4-1-2,Simon Hooper,Match Report,15,5,16.3,0,0,0,Brentford,2022,October,9,Early season,False,False,0,0.0
2021-10-30,15:00,Premier League,Matchweek 10,Sat,Away,L,1,3,Burnley,0.8,2.3,59,18821.0,Pontus Jansson,,,Jonathan Moss,Match Report,12,4,18.2,1,0,0,Brentford,2022,October,10,Early season,False,False,0,0.2
2021-11-06,15:00,Premier League,Matchweek 11,Sat,Home,L,1,2,Norwich City,2.5,1.2,64,16837.0,Pontus Jansson,,4-2-3-1,Jarred Gillett,Match Report,19,7,10.8,0,0,0,Brentford,2022,November,11,Early season,False,False,0,-1.5
2021-11-20,15:00,Premier League,Matchweek 12,Sat,Away,D,3,3,Newcastle United,0.9,1.5,47,52131.0,Pontus Jansson,,,Robert Jones,Match Report,10,3,18.5,1,0,0,Brentford,2022,November,12,Early season,False,False,1,2.1
2021-11-28,14:00,Premier League,Matchweek 13,Sun,Home,W,1,0,Everton,1.2,1.0,40,16957.0,Pontus Jansson,,4-4-1-1,Darren England,Match Report,5,3,18.9,0,1,1,Brentford,2022,November,13,Early season,False,False,3,-0.2
2021-12-02,19:30,Premier League,Matchweek 14,Thu,Away,L,0,2,Tottenham Hotspur,0.3,1.9,53,54202.0,Pontus Jansson,,,Jonathan Moss,Match Report,6,2,17.1,0,0,0,Brentford,2022,December,14,Mid season,False,False,0,-0.3
2021-12-05,14:00,Premier League,Matchweek 15,Sun,Away,D,2,2,Leeds United,1.0,1.2,37,35639.0,Pontus Jansson,,,David Coote,Match Report,9,3,16.7,1,0,0,Brentford,2022,December,15,Mid season,False,False,1,1.0
2021-12-10,20:00,Premier League,Matchweek 16,Fri,Home,W,2,1,Watford,1.6,0.5,63,16861.0,Pontus Jansson,,4-2-3-1,Michael Oliver,Match Report,13,4,15.5,0,1,1,Brentford,2022,December,16,Mid season,False,False,3,0.4
2021-12-26,20:00,Premier League,Matchweek 19,Sun,Away,L,0,2,Brighton And Hove Albion,0.7,0.8,50,30141.0,Pontus Jansson,,4-1-2-1-2,Darren England,Match Report,16,5,17.1,0,0,0,Brentford,2022,December,19,Mid season,False,False,0,-0.7
2021-12-29,20:15,Premier League,Matchweek 20,Wed,Home,L,0,1,Manchester City,0.4,1.1,24,17009.0,Pontus Jansson,,,David Coote,Match Report,6,2,24.6,0,0,0,Brentford,2022,December,20,Mid season,False,False,0,-0.4
2022-01-02,14:00,Premier League,Matchweek 21,Sun,Home,W,2,1,Aston Villa,0.6,0.8,45,16876.0,Pontus Jansson,,,Craig Pawson,Match Report,10,4,17.7,0,0,0,Brentford,2022,January,21,Mid season,False,False,3,1.4
2022-01-11,19:45,Premier League,Matchweek 18,Tue,Away,L,1,4,Southampton,0.5,1.4,52,27383.0,Pontus Jansson,,,Stuart Attwell,Match Report,5,4,12.8,0,0,0,Brentford,2022,January,18,Mid season,False,False,0,0.5
2022-01-16,14:00,Premier League,Matchweek 22,Sun,Away,L,0,3,Liverpool,0.7,2.7,32,52824.0,Pontus Jansson,,,Jonathan Moss,Match Report,6,1,21.2,0,0,0,Brentford,2022,January,22,Mid season,False,False,0,-0.7
2022-01-19,20:00,Premier League,Matchweek 17,Wed,Home,L,1,3,Manchester United,2.3,2.3,44,17094.0,Pontus Jansson,,4-2-3-1,Andre Marriner,Match Report,18,9,16.7,0,0,0,Brentford,2022,January,17,Mid season,False,False,0,-1.3
2022-01-22,15:00,Premier League,Matchweek 23,Sat,Home,L,1,2,Wolverhampton Wanderers,1.1,0.2,50,16982.0,Pontus Jansson,,,Peter Bankes,Match Report,11,1,13.6,1,0,0,Brentford,2022,January,23,Mid season,False,False,0,-0.1
2022-02-09,19:45,Premier League,Matchweek 24,Wed,Away,L,0,2,Manchester City,0.4,1.9,26,51658.0,Pontus Jansson,,,Darren England,Match Report,6,2,18.3,0,0,0,Brentford,2022,February,24,Mid season,False,False,0,-0.4
2022-02-12,15:00,Premier League,Matchweek 25,Sat,Home,D,0,0,Crystal Palace,1.6,0.3,42,16958.0,Pontus Jansson,,,Simon Hooper,Match Report,9,2,12.9,0,0,0,Brentford,2022,February,25,Mid season,False,False,1,-1.6
2022-02-19,15:00,Premier League,Matchweek 26,Sat,Away,L,1,2,Arsenal,0.6,1.7,34,59249.0,Pontus Jansson,,4-2-3-1,Jonathan Moss,Match Report,6,2,20.7,0,0,0,Brentford,2022,February,26,Late season,False,False,0,0.4
2022-02-26,15:00,Premier League,Matchweek 27,Sat,Home,L,0,2,Newcastle United,0.4,2.7,37,17039.0,Pontus Jansson,,,Mike Dean,Match Report,6,1,16.5,0,0,0,Brentford,2022,February,27,Late season,False,False,0,-0.4
2022-03-05,15:00,Premier League,Matchweek 28,Sat,Away,W,3,1,Norwich City,2.0,1.0,40,26887.0,Pontus Jansson,,4-2-3-1,Anthony Taylor,Match Report,8,4,21.4,0,2,2,Brentford,2022,March,28,Late season,False,False,3,1.0
2022-03-12,15:00,Premier League,Matchweek 29,Sat,Home,W,2,0,Burnley,1.9,0.7,55,17088.0,Pontus Jansson,,,Paul Tierney,Match Report,12,2,21.5,0,1,1,Brentford,2022,March,29,Late season,False,False,3,0.1
2022-03-20,14:00,Premier League,Matchweek 30,Sun,Away,L,1,2,Leicester City,1.3,1.0,48,31830.0,Pontus Jansson,,4-2-3-1,Darren England,Match Report,15,6,14.9,0,0,0,Brentford,2022,March,30,Late season,False,False,0,-0.3
2022-04-02,15:00,Premier League,Matchweek 31,Sat,Away,W,4,1,Chelsea,1.8,1.3,30,39061.0,Pontus Jansson,,,Andy Madley,Match Report,17,6,13.5,1,0,0,Brentford,2022,April,31,Late season,False,False,3,2.2
2022-04-10,14:00,Premier League,Matchweek 32,Sun,Home,W,2,0,West Ham United,1.4,0.3,47,17032.0,Christian Nørgaard,,4-2-3-1,Martin Atkinson,Match Report,15,7,15.8,0,0,0,Brentford,2022,April,32,Late season,False,False,3,0.6
2022-04-16,15:00,Premier League,Matchweek 33,Sat,Away,W,2,1,Watford,1.9,1.7,50,21045.0,Pontus Jansson,,,Simon Hooper,Match Report,16,5,19.7,0,0,0,Brentford,2022,April,33,Late season,False,False,3,0.1
2022-04-23,17:30,Premier League,Matchweek 34,Sat,Home,D,0,0,Tottenham Hotspur,0.9,0.6,44,17072.0,Pontus Jansson,,,Martin Atkinson,Match Report,15,1,15.3,1,0,0,Brentford,2022,April,34,Late season,False,False,1,-0.9
2022-05-02,20:00,Premier League,Matchweek 35,Mon,Away,L,0,3,Manchester United,0.6,2.0,37,73482.0,Pontus Jansson,,4-2-3-1,Chris Kavanagh,Match Report,12,4,18.9,1,0,0,Brentford,2022,May,35,Late season,False,False,0,-0.6
2022-05-07,15:00,Premier League,Matchweek 36,Sat,Home,W,3,0,Southampton,2.6,1.4,41,17051.0,Pontus Jansson,,,Michael Salisbury,Match Report,18,5,13.9,1,0,0,Brentford,2022,May,36,Late season,False,False,3,0.4
2022-05-15,16:30,Premier League,Matchweek 37,Sun,Away,W,3,2,Everton,1.4,2.1,72,38819.0,Pontus Jansson,,,Michael Oliver,Match Report,18,6,18.1,1,0,0,Brentford,2022,May,37,Late season,False,False,3,1.6
2022-05-22,16:00,Premier League,Matchweek 38,Sun,Home,L,1,2,Leeds United,0.8,1.3,49,16957.0,Pontus Jansson,,4-4-1-1,Paul Tierney,Match Report,14,5,13.7,0,0,0,Brentford,2022,May,38,Late season,False,False,0,0.2
2022-08-07,14:00,Premier League,Matchweek 1,Sun,Away,D,2,2,Leicester City,0.8,0.6,44,31794.0,Pontus Jansson,,3-5-1-1,Jarred Gillett,Match Report,8,3,17.0,0,0,0,Brentford,2023,August,1,Early season,False,False,1,1.2
2022-08-13,17:30,Premier League,Matchweek 2,Sat,Home,W,4,0,Manchester United,1.6,0.9,34,17051.0,Pontus Jansson,,4-2-3-1,Stuart Attwell,Match Report,13,7,18.6,1,0,0,Brentford,2023,August,2,Early season,False,False,3,2.4
2022-08-20,15:00,Premier League,Matchweek 3,Sat,Away,L,2,3,Fulham,1.8,2.4,57,21798.0,Pontus Jansson,,4-2-3-1,Peter Bankes,Match Report,13,5,14.1,0,0,0,Brentford,2023,August,3,Early season,False,False,0,0.2
2022-08-27,15:00,Premier League,Matchweek 4,Sat,Home,D,1,1,Everton,2.1,1.1,58,17009.0,Christian Nørgaard,,,John Brooks,Match Report,20,5,14.8,0,0,0,Brentford,2023,August,4,Early season,False,False,1,-1.1
2022-08-30,19:30,Premier League,Matchweek 5,Tue,Away,D,1,1,Crystal Palace,1.4,1.0,51,25043.0,Ivan Toney,,4-1-4-1,Simon Hooper,Match Report,9,3,10.7,0,0,0,Brentford,2023,August,5,Early season,False,False,1,-0.4
2022-09-03,15:00,Premier League,Matchweek 6,Sat,Home,W,5,2,Leeds United,2.3,1.7,32,17092.0,Pontus Jansson,,4-2-3-1,Robert Jones,Match Report,13,7,18.8,2,1,1,Brentford,2023,September,6,Early season,False,False,3,2.7
2022-09-18,12:00,Premier League,Matchweek 8,Sun,Home,L,0,3,Arsenal,0.5,1.5,37,17122.0,Pontus Jansson,,,David Coote,Match Report,5,2,13.9,1,0,0,Brentford,2023,September,8,Early season,False,False,0,-0.5
2022-10-01,15:00,Premier League,Matchweek 9,Sat,Away,D,0,0,Bournemouth,0.9,0.4,58,10126.0,Pontus Jansson,,,Thomas Bramall,Match Report,13,4,15.2,1,0,0,Brentford,2023,October,9,Early season,False,False,1,-0.9
2022-10-08,15:00,Premier League,Matchweek 10,Sat,Away,L,1,5,Newcastle United,1.2,1.5,46,52067.0,Ivan Toney,,,John Brooks,Match Report,5,2,18.2,0,1,1,Brentford,2023,October,10,Early season,False,False,0,-0.2
2022-10-14,20:00,Premier League,Matchweek 11,Fri,Home,W,2,0,Brighton And Hove Albion,1.5,1.9,28,17016.0,Ivan Toney,,,Michael Salisbury,Match Report,6,1,16.3,0,1,1,Brentford,2023,October,11,Early season,False,False,3,0.5
2022-10-19,19:30,Premier League,Matchweek 12,Wed,Home,D,0,0,Chelsea,1.3,0.9,34,17118.0,Ivan Toney,,3-5-1-1,Jarred Gillett,Match Report,8,5,14.5,0,0,0,Brentford,2023,October,12,Early season,False,False,1,-1.3
2022-10-23,14:00,Premier League,Matchweek 13,Sun,Away,L,0,4,Aston Villa,0.9,2.8,55,41693.0,Ivan Toney,,4-2-3-1,Darren England,Match Report,12,3,16.8,0,0,0,Brentford,2023,October,13,Early season,False,False,0,-0.9
2022-10-29,15:00,Premier League,Matchweek 14,Sat,Home,D,1,1,Wolverhampton Wanderers,1.4,0.6,58,17051.0,Ivan Toney,,4-2-3-1,Robert Madley,Match Report,12,3,15.4,0,0,0,Brentford,2023,October,14,Mid season,False,False,1,-0.4
2022-11-05,15:00,Premier League,Matchweek 15,Sat,Away,D,2,2,Nottingham Forest,1.5,1.5,52,28869.0,David Raya,,4-3-1-2,Andre Marriner,Match Report,5,1,20.3,0,1,1,Brentford,2023,November,15,Mid season,False,False,1,0.5
2022-11-12,12:30,Premier League,Matchweek 16,Sat,Away,W,2,1,Manchester City,1.3,1.6,26,52786.0,Ivan Toney,,,Peter Bankes,Match Report,10,7,15.2,0,0,0,Brentford,2023,November,16,Mid season,False,False,3,0.7
2022-12-26,12:30,Premier League,Matchweek 17,Mon,Home,D,2,2,Tottenham Hotspur,2.0,1.1,39,17137.0,Christian Nørgaard,,,David Coote,Match Report,9,4,10.2,0,0,0,Brentford,2023,December,17,Mid season,False,False,1,0.0
2022-12-30,19:45,Premier League,Matchweek 18,Fri,Away,W,2,0,West Ham United,1.6,1.3,37,62467.0,Christian Nørgaard,,,Darren England,Match Report,9,6,13.4,1,0,0,Brentford,2023,December,18,Mid season,False,False,3,0.4
2023-01-02,17:30,Premier League,Matchweek 19,Mon,Home,W,3,1,Liverpool,1.6,0.9,28,17163.0,Christian Nørgaard,,,Stuart Attwell,Match Report,10,7,10.5,0,0,0,Brentford,2023,January,19,Mid season,False,False,3,1.4
2023-01-14,17:30,Premier League,Matchweek 20,Sat,Home,W,2,0,Bournemouth,1.4,0.6,50,17031.0,Christian Nørgaard,,4-4-1-1,Jarred Gillett,Match Report,11,3,23.3,0,1,1,Brentford,2023,January,20,Mid season,False,False,3,0.6
2023-01-22,14:00,Premier League,Matchweek 21,Sun,Away,D,0,0,Leeds United,0.4,0.5,42,36260.0,Christian Nørgaard,,4-2-3-1,Peter Bankes,Match Report,6,0,24.2,1,0,0,Brentford,2023,January,21,Mid season,False,False,1,-0.4
2023-02-04,15:00,Premier League,Matchweek 22,Sat,Home,W,3,0,Southampton,2.0,0.7,49,17051.0,Christian Nørgaard,,4-2-3-1,Darren Bond,Match Report,14,3,12.1,0,0,0,Brentford,2023,February,22,Mid season,False,False,3,1.0
2023-02-11,15:00,Premier League,Matchweek 23,Sat,Away,D,1,1,Arsenal,2.0,1.6,31,60254.0,Christian Nørgaard,,,Peter Bankes,Match Report,9,2,12.9,0,0,0,Brentford,2023,February,23,Mid season,False,False,1,-1.0
2023-02-18,15:00,Premier League,Matchweek 24,Sat,Home,D,1,1,Crystal Palace,0.9,1.1,59,17122.0,Christian Nørgaard,,4-2-3-1,Paul Tierney,Match Report,12,5,19.0,0,0,0,Brentford,2023,February,24,Mid season,False,False,1,0.1
2023-03-06,20:00,Premier League,Matchweek 26,Mon,Home,W,3,2,Fulham,2.1,1.4,37,17025.0,Christian Nørgaard,,4-2-3-1,Anthony Taylor,Match Report,13,5,19.8,2,1,1,Brentford,2023,March,26,Late season,False,False,3,0.9
2023-03-11,15:00,Premier League,Matchweek 27,Sat,Away,L,0,1,Everton,2.0,1.0,67,39274.0,Christian Nørgaard,,,Simon Hooper,Match Report,12,3,13.0,1,0,0,Brentford,2023,March,27,Late season,False,False,0,-2.0
2023-03-15,19:30,Premier League,Matchweek 7,Wed,Away,W,2,0,Southampton,1.9,0.5,34,30438.0,Christian Nørgaard,,4-2-3-1,Michael Salisbury,Match Report,11,4,18.3,0,0,0,Brentford,2023,March,7,Early season,False,False,3,0.1
2023-03-18,15:00,Premier League,Matchweek 28,Sat,Home,D,1,1,Leicester City,0.6,1.3,53,17006.0,Christian Nørgaard,,4-2-3-1,Darren Bond,Match Report,11,2,17.5,0,0,0,Brentford,2023,March,28,Late season,False,False,1,0.4
2023-04-01,15:00,Premier League,Matchweek 29,Sat,Away,D,3,3,Brighton And Hove Albion,1.6,4.2,28,31493.0,Pontus Jansson,,4-2-3-1,Michael Oliver,Match Report,7,5,15.6,1,0,0,Brentford,2023,April,29,Late season,False,False,1,1.4
2023-04-05,20:00,Premier League,Matchweek 25,Wed,Away,L,0,1,Manchester United,0.7,1.2,36,73309.0,Pontus Jansson,,4-2-3-1,John Brooks,Match Report,6,1,16.5,0,0,0,Brentford,2023,April,25,Mid season,False,False,0,-0.7
2023-04-08,15:00,Premier League,Matchweek 30,Sat,Home,L,1,2,Newcastle United,2.6,1.3,42,17107.0,Pontus Jansson,,,Chris Kavanagh,Match Report,10,4,15.5,0,1,2,Brentford,2023,April,30,Late season,False,False,0,-1.6
2023-04-15,15:00,Premier League,Matchweek 31,Sat,Away,L,0,2,Wolverhampton Wanderers,1.1,0.8,50,30769.0,Christian Nørgaard,,,Paul Tierney,Match Report,10,3,15.6,0,0,0,Brentford,2023,April,31,Late season,False,False,0,-1.1
2023-04-22,15:00,Premier League,Matchweek 32,Sat,Home,D,1,1,Aston Villa,2.7,1.5,44,17098.0,Christian Nørgaard,,4-2-3-1,Michael Salisbury,Match Report,16,5,16.0,1,0,0,Brentford,2023,April,32,Late season,False,False,1,-1.7
2023-04-26,19:45,Premier League,Matchweek 33,Wed,Away,W,2,0,Chelsea,1.1,1.3,29,39929.0,Ivan Toney,,,Andy Madley,Match Report,7,1,11.5,0,0,0,Brentford,2023,April,33,Late season,False,False,3,0.9
2023-04-29,15:00,Premier League,Matchweek 34,Sat,Home,W,2,1,Nottingham Forest,1.6,0.7,68,17080.0,Ivan Toney,,,Peter Bankes,Match Report,14,8,16.8,1,0,0,Brentford,2023,April,34,Late season,False,False,3,0.4
2023-05-06,17:30,Premier League,Matchweek 35,Sat,Away,L,0,1,Liverpool,0.2,2.2,46,52838.0,Ivan Toney,,,Anthony Taylor,Match Report,5,1,19.5,1,0,0,Brentford,2023,May,35,Late season,False,False,0,-0.2
2023-05-14,14:00,Premier League,Matchweek 36,Sun,Home,W,2,0,West Ham United,3.4,0.2,53,17075.0,David Raya,,4-2-3-1,Michael Oliver,Match Report,24,9,12.8,0,0,0,Brentford,2023,May,36,Late season,False,False,3,-1.4
2023-05-20,12:30,Premier League,Matchweek 37,Sat,Away,W,3,1,Tottenham Hotspur,1.2,1.7,39,61514.0,David Raya,,,Jarred Gillett,Match Report,11,4,18.1,0,0,0,Brentford,2023,May,37,Late season,False,False,3,1.8
2023-05-28,16:30,Premier League,Matchweek 38,Sun,Home,W,1,0,Manchester City,1.3,1.6,35,17120.0,David Raya,,3-2-4-1,John Brooks,Match Report,11,4,14.0,0,0,0,Brentford,2023,May,38,Late season,False,False,3,-0.3
2023-08-13,14:00,Premier League,Matchweek 1,Sun,Home,D,2,2,Tottenham Hotspur,2.2,1.3,31,17066.0,Christian Nørgaard,,4-2-3-1,Robert Jones,Match Report,10,5,18.0,0,1,1,Brentford,2024,August,1,Early season,False,False,1,-0.2
2023-08-19,15:00,Premier League,Matchweek 2,Sat,Away,W,3,0,Fulham,3.7,0.5,45,24236.0,Christian Nørgaard,,,Darren Bond,Match Report,16,7,13.8,1,1,1,Brentford,2024,August,2,Early season,False,False,3,-0.7
2023-08-26,15:00,Premier League,Matchweek 3,Sat,Home,D,1,1,Crystal Palace,1.0,0.8,60,16997.0,Christian Nørgaard,,4-2-3-1,Peter Bankes,Match Report,12,1,13.7,0,0,0,Brentford,2024,August,3,Early season,False,False,1,0.0
2023-09-02,15:00,Premier League,Matchweek 4,Sat,Home,D,2,2,Bournemouth,2.9,2.1,60,16973.0,Christian Nørgaard,,4-2-3-1,Robert Madley,Match Report,21,7,14.7,1,0,0,Brentford,2024,September,4,Early season,False,False,1,-0.9
2023-09-16,17:30,Premier League,Matchweek 5,Sat,Away,L,0,1,Newcastle United,0.5,1.4,44,51670.0,Christian Nørgaard,,,Craig Pawson,Match Report,11,2,15.7,0,0,0,Brentford,2024,September,5,Early season,False,False,0,-0.5
2023-09-23,17:30,Premier League,Matchweek 6,Sat,Home,L,1,3,Everton,1.0,1.9,57,16981.0,Christian Nørgaard,,4-4-1-1,Michael Oliver,Match Report,12,2,13.9,1,0,0,Brentford,2024,September,6,Early season,False,False,0,0.0
2023-10-01,14:00,Premier League,Matchweek 7,Sun,Away,D,1,1,Nottingham Forest,1.6,0.5,59,29004.0,Christian Nørgaard,,,Paul Tierney,Match Report,18,3,14.1,0,0,0,Brentford,2024,October,7,Early season,False,False,1,-0.6
2023-10-07,15:00,Premier League,Matchweek 8,Sat,Away,L,1,2,Manchester United,0.9,1.4,36,73453.0,Christian Nørgaard,,4-2-3-1,Andy Madley,Match Report,11,3,17.3,0,0,0,Brentford,2024,October,8,Early season,False,False,0,0.1
2023-10-21,15:00,Premier League,Matchweek 9,Sat,Home,W,3,0,Burnley,3.1,1.1,50,17029.0,Christian Nørgaard,,4-2-3-1,Joshua Smith,Match Report,23,9,15.0,1,0,0,Brentford,2024,October,9,Early season,False,False,3,-0.1
2023-10-28,12:30,Premier League,Matchweek 10,Sat,Away,W,2,0,Chelsea,2.2,1.9,32,39575.0,Christian Nørgaard,,4-2-3-1,Simon Hooper,Match Report,7,5,12.7,0,0,0,Brentford,2024,October,10,Early season,False,False,3,-0.2
2023-11-04,15:00,Premier League,Matchweek 11,Sat,Home,W,3,2,West Ham United,1.5,1.8,58,17103.0,Christian Nørgaard,,,Thomas Bramall,Match Report,16,4,15.7,1,0,0,Brentford,2024,November,11,Early season,False,False,3,1.5
2023-11-12,14:00,Premier League,Matchweek 12,Sun,Away,L,0,3,Liverpool,1.6,1.7,42,50151.0,Christian Nørgaard,,,Paul Tierney,Match Report,16,3,17.0,2,0,0,Brentford,2024,November,12,Early season,False,False,0,-1.6
2023-11-25,17:30,Premier League,Matchweek 13,Sat,Home,L,0,1,Arsenal,1.1,1.6,37,17201.0,Christian Nørgaard,,,Tim Robinson,Match Report,9,1,13.9,0,0,0,Brentford,2024,November,13,Early season,False,False,0,-1.1
2023-12-02,15:00,Premier League,Matchweek 14,Sat,Home,W,3,1,Luton Town,3.1,0.2,68,17075.0,Christian Nørgaard,,,Anthony Taylor,Match Report,27,6,15.4,0,0,0,Brentford,2024,December,14,Mid season,False,False,3,-0.1
2023-12-06,19:30,Premier League,Matchweek 15,Wed,Away,L,1,2,Brighton And Hove Albion,1.5,1.5,39,31571.0,Vitaly Janelt,,4-2-3-1,Peter Bankes,Match Report,7,0,17.6,0,1,1,Brentford,2024,December,15,Mid season,False,False,0,-0.5
2023-12-09,15:00,Premier League,Matchweek 16,Sat,Away,L,0,1,Sheffield United,0.6,0.8,59,28509.0,Christian Nørgaard,,4-1-4-1,Stuart Attwell,Match Report,10,4,16.7,0,0,0,Brentford,2024,December,16,Mid season,False,False,0,-0.6
2023-12-17,14:00,Premier League,Matchweek 17,Sun,Home,L,1,2,Aston Villa,0.5,1.4,34,17034.0,Christian Nørgaard,,,David Coote,Match Report,4,3,13.3,0,0,0,Brentford,2024,December,17,Mid season,False,False,0,0.5
2023-12-27,19:30,Premier League,Matchweek 19,Wed,Home,L,1,4,Wolverhampton Wanderers,2.2,2.4,60,17109.0,Christian Nørgaard,,,Andy Madley,Match Report,14,4,13.8,0,0,0,Brentford,2024,December,19,Mid season,False,False,0,-1.2
2023-12-30,15:00,Premier League,Matchweek 20,Sat,Away,L,1,3,Crystal Palace,1.4,1.0,54,25472.0,Christian Nørgaard,,,Robert Jones,Match Report,9,4,16.0,0,0,0,Brentford,2024,December,20,Mid season,False,False,0,-0.4
2024-01-20,17:30,Premier League,Matchweek 21,Sat,Home,W,3,2,Nottingham Forest,1.2,1.2,48,17077.0,Ivan Toney,,4-2-3-1,Darren England,Match Report,11,5,14.8,1,0,0,Brentford,2024,January,21,Mid season,False,False,3,1.8
2024-01-31,19:30,Premier League,Matchweek 22,Wed,Away,L,2,3,Tottenham Hotspur,1.6,2.9,33,61210.0,Christian Nørgaard,,4-2-3-1,David Coote,Match Report,9,5,12.9,0,0,0,Brentford,2024,January,22,Mid season,False,False,0,0.4
2024-02-05,20:00,Premier League,Matchweek 23,Mon,Home,L,1,3,Manchester City,1.0,2.1,28,17096.0,Christian Nørgaard,,4-1-4-1,Jarred Gillett,Match Report,9,2,15.3,0,0,0,Brentford,2024,February,23,Mid season,False,False,0,0.0
2024-02-10,15:00,Premier League,Matchweek 24,Sat,Away,W,2,0,Wolverhampton Wanderers,1.9,1.0,29,30731.0,Christian Nørgaard,,,Simon Hooper,Match Report,9,6,14.0,0,0,0,Brentford,2024,February,24,Mid season,False,False,3,0.1
2024-02-17,12:30,Premier League,Matchweek 25,Sat,Home,L,1,4,Liverpool,1.6,2.8,38,17193.0,Christian Nørgaard,,,Michael Oliver,Match Report,15,6,19.8,3,0,0,Brentford,2024,February,25,Mid season,False,False,0,-0.6
2024-02-20,19:30,Premier League,Matchweek 18,Tue,Away,L,0,1,Manchester City,0.4,2.3,30,52247.0,Christian Nørgaard,,4-2-3-1,Darren England,Match Report,6,2,19.4,1,0,0,Brentford,2024,February,18,Mid season,False,False,0,-0.4
2024-02-26,20:00,Premier League,Matchweek 26,Mon,Away,L,2,4,West Ham United,0.9,1.7,59,62450.0,Christian Nørgaard,,4-2-3-1,Simon Hooper,Match Report,14,7,16.7,0,0,0,Brentford,2024,February,26,Late season,False,False,0,1.1
2024-03-02,15:00,Premier League,Matchweek 27,Sat,Home,D,2,2,Chelsea,1.8,1.8,33,17140.0,Christian Nørgaard,,,Jarred Gillett,Match Report,14,5,14.5,0,0,0,Brentford,2024,March,27,Late season,False,False,1,0.2
2024-03-09,17:30,Premier League,Matchweek 28,Sat,Away,L,1,2,Arsenal,1.0,1.3,29,60331.0,Christian Nørgaard,,,Robert Jones,Match Report,9,4,17.1,0,0,0,Brentford,2024,March,28,Late season,False,False,0,0.0
2024-03-16,15:00,Premier League,Matchweek 29,Sat,Away,L,1,2,Burnley,1.1,2.8,40,20431.0,Ivan Toney,,,Darren Bond,Match Report,9,5,14.7,0,0,0,Brentford,2024,March,29,Late season,False,False,0,-0.1
2024-03-30,20:00,Premier League,Matchweek 30,Sat,Home,D,1,1,Manchester United,3.2,0.6,47,17138.0,Ivan Toney,,4-2-3-1,Simon Hooper,Match Report,31,5,15.0,1,0,0,Brentford,2024,March,30,Late season,False,False,1,-2.2
2024-04-03,19:30,Premier League,Matchweek 31,Wed,Home,D,0,0,Brighton And Hove Albion,0.6,1.1,34,17024.0,Ivan Toney,,4-2-3-1,Andy Madley,Match Report,5,2,17.1,1,0,0,Brentford,2024,April,31,Late season,False,False,1,-0.6
2024-04-06,15:00,Premier League,Matchweek 32,Sat,Away,D,3,3,Aston Villa,1.5,1.5,31,42118.0,Mathias Jensen,,4-4-1-1,Michael Salisbury,Match Report,8,3,16.5,2,0,0,Brentford,2024,April,32,Late season,False,False,1,1.5
2024-04-13,15:00,Premier League,Matchweek 33,Sat,Home,W,2,0,Sheffield United,1.0,0.8,53,17115.0,Mathias Jensen,,,Samuel Barrott,Match Report,9,5,18.7,0,0,0,Brentford,2024,April,33,Late season,False,False,3,1.0
2024-04-20,15:00,Premier League,Matchweek 34,Sat,Away,W,5,1,Luton Town,3.1,0.6,47,11877.0,Mathias Jensen,,,Jarred Gillett,Match Report,21,9,18.0,0,0,0,Brentford,2024,April,34,Late season,False,False,3,1.9
2024-04-27,17:30,Premier League,Matchweek 35,Sat,Away,L,0,1,Everton,0.9,0.8,52,39098.0,Christian Nørgaard,,4-4-1-1,Darren England,Match Report,10,4,16.6,0,0,0,Brentford,2024,April,35,Late season,False,False,0,-0.9
2024-05-04,15:00,Premier League,Matchweek 36,Sat,Home,D,0,0,Fulham,0.6,1.3,54,17090.0,Christian Nørgaard,,4-2-3-1,Graham Scott,Match Report,7,2,12.9,0,0,0,Brentford,2024,May,36,Late season,False,False,1,-0.6
2024-05-11,15:00,Premier League,Matchweek 37,Sat,Away,W,2,1,Bournemouth,1.1,0.7,52,11154.0,Christian Nørgaard,,4-2-3-1,Matt Donohue,Match Report,11,4,15.7,0,0,0,Brentford,2024,May,37,Late season,False,False,3,0.9
2024-05-19,16:00,Premier League,Matchweek 38,Sun,Home,L,2,4,Newcastle United,1.1,3.4,54,17124.0,Christian Nørgaard,,,Simon Hooper,Match Report,10,5,15.9,1,0,0,Brentford,2024,May,38,Late season,False,False,0,0.9
2024-08-18,14:00,Premier League,Matchweek 1,Sun,Home,W,2,1,Crystal Palace,1.6,1.2,46,16988.0,Christian Nørgaard,,,Samuel Barrott,Match Report,9,5,12.5,0,0,0,Brentford,2025,August,1,Early season,False,False,3,0.4
2024-08-25,16:30,Premier League,Matchweek 2,Sun,Away,L,0,2,Liverpool,0.5,2.5,38,60017.0,Christian Nørgaard,,4-2-3-1,Stuart Attwell,Match Report,8,2,18.1,0,0,0,Brentford,2025,August,2,Early season,False,False,0,-0.5
2024-08-31,15:00,Premier League,Matchweek 3,Sat,Home,W,3,1,Southampton,2.8,1.5,37,16955.0,Christian Nørgaard,,,Joshua Smith,Match Report,20,7,14.5,0,0,0,Brentford,2025,August,3,Early season,False,False,3,0.2
2024-09-14,15:00,Premier League,Matchweek 4,Sat,Away,L,1,2,Manchester City,1.0,2.1,46,52148.0,Christian Nørgaard,,4-2-3-1,Darren Bond,Match Report,8,5,12.9,0,0,0,Brentford,2025,September,4,Early season,False,False,0,0.0
2024-09-21,15:00,Premier League,Matchweek 5,Sat,Away,L,1,3,Tottenham Hotspur,0.8,3.5,52,61246.0,Vitaly Janelt,,,John Brooks,Match Report,6,6,14.4,0,0,0,Brentford,2025,September,5,Early season,False,False,0,0.2
2024-09-28,15:00,Premier League,Matchweek 6,Sat,Home,D,1,1,West Ham United,0.4,1.0,57,17050.0,Vitaly Janelt,,4-1-4-1,Simon Hooper,Match Report,8,3,20.7,1,0,0,Brentford,2025,September,6,Early season,False,False,1,0.6
2024-10-05,15:00,Premier League,Matchweek 7,Sat,Home,W,5,3,Wolverhampton Wanderers,4.2,1.0,44,16960.0,Christian Nørgaard,4-2-3-1,4-1-4-1,Andy Madley,Match Report,18,11,13.0,1,1,1,Brentford,2025,October,7,Early season,False,False,3,0.8
2024-10-19,15:00,Premier League,Matchweek 8,Sat,Away,L,1,2,Manchester United,0.9,1.3,50,73738.0,Christian Nørgaard,4-2-3-1,4-2-3-1,Samuel Barrott,Match Report,8,2,17.9,1,0,0,Brentford,2025,October,8,Early season,False,False,0,0.1
2024-10-26,15:00,Premier League,Matchweek 9,Sat,Home,W,4,3,Ipswich Town,4.0,1.3,65,17109.0,Christian Nørgaard,4-2-3-1,4-2-3-1,Lewis Smith,Match Report,19,8,16.0,1,1,1,Brentford,2025,October,9,Early season,False,False,3,0.0
2024-11-04,20:00,Premier League,Matchweek 10,Mon,Away,L,1,2,Fulham,0.6,1.3,32,24931.0,Christian Nørgaard,4-2-3-1,4-2-3-1,Stuart Attwell,Match Report,5,2,18.0,0,0,0,Brentford,2025,November,10,Early season,False,False,0,0.4
2024-11-09,15:00,Premier League,Matchweek 11,Sat,Home,W,3,2,Bournemouth,1.5,2.6,51,16587.0,Christian Nørgaard,,4-2-3-1,Darren Bond,Match Report,12,6,14.6,0,0,0,Brentford,2025,November,11,Early season,False,False,3,1.5
2024-11-23,15:00,Premier League,Matchweek 12,Sat,Away,D,0,0,Everton,1.1,1.2,41,38915.0,Christian Nørgaard,,4-2-3-1,Chris Kavanagh,Match Report,9,2,18.4,0,0,0,Brentford,2025,November,12,Early season,False,False,1,-1.1
2024-11-30,15:00,Premier League,Matchweek 13,Sat,Home,W,4,1,Leicester City,2.4,1.1,60,17084.0,Christian Nørgaard,4-2-3-1,,Michael Oliver,Match Report,13,6,16.0,1,0,0,Brentford,2025,November,13,Early season,False,False,3,1.6
2024-12-04,20:15,Premier League,Matchweek 14,Wed,Away,L,1,3,Aston Villa,0.9,2.4,51,42148.0,Vitaly Janelt,,4-2-3-1,Lewis Smith,Match Report,9,1,14.0,0,0,0,Brentford,2025,December,14,Mid season,False,False,0,0.1
2024-12-07,15:00,Premier League,Matchweek 15,Sat,Home,W,4,2,Newcastle United,1.2,1.5,43,17078.0,Christian Nørgaard,,,Simon Hooper,Match Report,11,7,17.6,0,0,0,Brentford,2025,December,15,Mid season,False,False,3,2.8
2024-12-15,19:00,Premier League,Matchweek 16,Sun,Away,L,1,2,Chelsea,1.6,2.2,38,39571.0,Christian Nørgaard,,4-2-3-1,Peter Bankes,Match Report,9,4,11.9,0,0,0,Brentford,2025,December,16,Mid season,False,False,0,-0.6
2024-12-21,15:00,Premier League,Matchweek 17,Sat,Home,L,0,2,Nottingham Forest,0.7,0.9,64,17115.0,Christian Nørgaard,,,Michael Oliver,Match Report,7,3,10.8,0,0,0,Brentford,2025,December,17,Mid season,False,False,0,-0.7
2024-12-27,19:30,Premier League,Matchweek 18,Fri,Away,D,0,0,Brighton And Hove Albion,1.1,1.3,43,31548.0,Christian Nørgaard,4-2-3-1,4-2-3-1,Andy Madley,Match Report,8,3,14.1,0,0,0,Brentford,2025,December,18,Mid season,False,False,1,-1.1
2025-01-01,17:30,Premier League,Matchweek 19,Wed,Home,L,1,3,Arsenal,0.3,1.9,50,47190.0,Christian Nørgaard,4-3-1-2,,Peter Bankes,Match Report,5,2,27.9,0,0,0,Brentford,2025,January,19,Mid season,False,False,0,0.7
2025-01-04,15:00,Premier League,Matchweek 20,Sat,Away,W,5,0,Southampton,4.4,0.3,50,31001.0,Christian Nørgaard,,,Stuart Attwell,Match Report,19,9,13.6,0,1,1,Brentford,2025,January,20,Mid season,False,False,3,0.6
2025-01-14,19:30,Premier League,Matchweek 21,Tue,Home,D,2,2,Manchester City,2.5,2.2,45,17048.0,Christian Nørgaard,,4-2-3-1,Anthony Taylor,Match Report,18,5,14.2,0,0,0,Brentford,2025,January,21,Mid season,False,False,1,-0.5
2025-01-18,15:00,Premier League,Matchweek 22,Sat,Home,L,0,2,Liverpool,0.7,3.4,40,17215.0,Christian Nørgaard,4-2-3-1,4-2-3-1,Andy Madley,Match Report,11,6,14.7,0,0,0,Brentford,2025,January,22,Mid season,False,False,0,-0.7
2025-01-26,14:00,Premier League,Matchweek 23,Sun,Away,W,2,1,Crystal Palace,1.3,1.1,53,25066.0,Christian Nørgaard,4-2-3-1,,Tony Harrington,Match Report,11,5,20.4,1,1,1,Brentford,2025,January,23,Mid season,False,False,3,0.7
2025-02-02,14:00,Premier League,Matchweek 24,Sun,Home,L,0,2,Tottenham Hotspur,2.1,0.8,54,17154.0,Christian Nørgaard,4-2-3-1,4-2-3-1,Jarred Gillett,Match Report,20,3,15.6,1,0,0,Brentford,2025,February,24,Mid season,False,False,0,-2.1
2025-02-15,15:00,Premier League,Matchweek 25,Sat,Away,W,1,0,West Ham United,1.6,0.8,42,62415.0,Christian Nørgaard,4-2-3-1,4-2-3-1,Darren England,Match Report,14,5,16.3,1,0,0,Brentford,2025,February,25,Mid season,False,False,3,-0.6
2025-02-21,20:00,Premier League,Matchweek 26,Fri,Away,W,4,0,Leicester City,1.5,0.5,52,31077.0,Christian Nørgaard,4-2-3-1,4-2-3-1,Tony Harrington,Match Report,14,6,12.1,0,0,0,Brentford,2025,February,26,Late season,False,False,3,2.5
2025-02-26,19:30,Premier League,Matchweek 27,Wed,Home,D,1,1,Everton,1.4,1.5,52,17082.0,Vitaly Janelt,4-2-3-1,4-2-3-1,Simon Hooper,Match Report,12,3,14.8,0,0,0,Brentford,2025,February,27,Late season,False,False,1,-0.4
2025-03-08,17:30,Premier League,Matchweek 28,Sat,Home,L,0,1,Aston Villa,0.8,1.3,59,17171.0,Christian Nørgaard,4-2-3-1,4-2-3-1,Jarred Gillett,Match Report,13,3,17.0,0,0,0,Brentford,2025,March,28,Late season,False,False,0,-0.8
2025-03-15,17:30,Premier League,Matchweek 29,Sat,Away,W,2,1,Bournemouth,0.8,1.6,42,11180.0,Christian Nørgaard,4-2-3-1,4-2-3-1,Craig Pawson,Match Report,10,4,14.3,1,0,0,Brentford,2025,March,29,Late season,False,False,3,1.2
2025-04-02,19:45,Premier League,Matchweek 30,Wed,Away,L,1,2,Newcastle United,1.5,1.3,51,52021.0,Christian Nørgaard,4-2-3-1,,Peter Bankes,Match Report,11,2,17.7,0,1,1,Brentford,2025,April,30,Late season,False,False,0,-0.5
2025-04-06,14:00,Premier League,Matchweek 31,Sun,Home,D,0,0,Chelsea,1.1,1.2,42,17183.0,Christian Nørgaard,4-2-3-1,4-2-3-1,Michael Oliver,Match Report,9,2,14.2,1,0,0,Brentford,2025,April,31,Late season,False,False,1,-1.1
2025-04-12,17:30,Premier League,Matchweek 32,Sat,Away,D,1,1,Arsenal,0.2,1.0,37,60184.0,Christian Nørgaard,,,Simon Hooper,Match Report,3,2,11.5,0,0,0,Brentford,2025,April,32,Late season,False,False,1,0.8
2025-04-19,15:00,Premier League,Matchweek 33,Sat,Home,W,4,2,Brighton And Hove Albion,2.1,1.4,47,17083.0,Christian Nørgaard,4-2-3-1,4-2-3-1,Tim Robinson,Match Report,16,8,12.3,0,0,0,Brentford,2025,April,33,Late season,False,False,3,1.9
2025-05-01,19:30,Premier League,Matchweek 34,Thu,Away,W,2,0,Nottingham Forest,1.3,0.9,45,29040.0,Christian Nørgaard,4-2-3-1,4-2-3-1,Darren England,Match Report,11,3,13.9,0,0,0,Brentford,2025,May,34,Late season,False,False,3,0.7
2025-05-04,14:00,Premier League,Matchweek 35,Sun,Home,W,4,3,Manchester United,2.8,1.5,47,18915.0,Christian Nørgaard,4-2-3-1,,Anthony Taylor,Match Report,12,6,10.3,0,0,0,Brentford,2025,May,35,Late season,False,False,3,1.2
2025-05-10,15:00,Premier League,Matchweek 36,Sat,Away,W,1,0,Ipswich Town,1.4,0.9,51,29511.0,Christian Nørgaard,4-2-3-1,4-2-3-1,Samuel Barrott,Match Report,15,5,14.8,0,0,0,Brentford,2025,May,36,Late season,False,False,3,-0.4
2025-05-18,15:00,Premier League,Matchweek 37,Sun,Home,L,2,3,Fulham,2.5,1.0,51,17136.0,Christian Nørgaard,4-2-3-1,4-2-3-1,Jarred Gillett,Match Report,10,4,11.1,0,0,1,Brentford,2025,May,37,Late season,False,False,0,-0.5
2025-05-25,16:00,Premier League,Matchweek 38,Sun,Away,D,1,1,Wolverhampton Wanderers,1.4,1.0,51,31382.0,Christian Nørgaard,4-2-3-1,,Craig Pawson,Match Report,13,7,14.4,0,0,0,Brentford,2025,May,38,Late season,False,False,1,-0.4
2020-09-14,20:15,Premier League,Matchweek 1,Mon,Home,L,1,3,Chelsea,1.1,1.2,52,,Lewis Dunk,,4-2-2-2,Craig Pawson,Match Report,13,3,17.6,0,0,0,Brighton And Hove Albion,2021,September,1,Early season,False,,0,-0.1
2020-09-20,14:00,Premier League,Matchweek 2,Sun,Away,W,3,0,Newcastle United,1.8,0.5,53,,Lewis Dunk,,,Kevin Friend,Match Report,12,5,22.5,0,1,1,Brighton And Hove Albion,2021,September,2,Early season,False,,3,1.2
2020-09-26,12:30,Premier League,Matchweek 3,Sat,Home,L,2,3,Manchester United,2.5,1.5,53,,Lewis Dunk,,4-2-3-1,Chris Kavanagh,Match Report,17,4,16.5,0,1,1,Brighton And Hove Albion,2021,September,3,Early season,False,,0,-0.5
2020-10-03,15:00,Premier League,Matchweek 4,Sat,Away,L,2,4,Everton,1.3,1.6,57,,Lewis Dunk,,,Simon Hooper,Match Report,11,3,18.7,1,0,0,Brighton And Hove Albion,2021,October,4,Early season,False,,0,0.7
2020-10-18,14:00,Premier League,Matchweek 5,Sun,Away,D,1,1,Crystal Palace,1.7,0.8,66,,Lewis Dunk,,,Stuart Attwell,Match Report,20,3,16.0,0,0,0,Brighton And Hove Albion,2021,October,5,Early season,False,,1,-0.7
2020-10-26,17:30,Premier League,Matchweek 6,Mon,Home,D,1,1,West Bromwich Albion,0.5,0.4,50,,Adam Webster,,4-1-4-1,Jonathan Moss,Match Report,5,3,18.4,0,0,0,Brighton And Hove Albion,2021,October,6,Early season,False,,1,0.5
2020-11-01,19:15,Premier League,Matchweek 7,Sun,Away,L,1,2,Tottenham Hotspur,0.3,1.7,56,,Adam Webster,3-5-1-1,4-2-3-1,Graham Scott,Match Report,6,2,16.1,0,0,0,Brighton And Hove Albion,2021,November,7,Early season,False,,0,0.7
2020-11-06,17:30,Premier League,Matchweek 8,Fri,Home,D,0,0,Burnley,1.5,0.5,59,,Adam Webster,,,Mike Dean,Match Report,19,3,17.1,1,0,0,Brighton And Hove Albion,2021,November,8,Early season,False,,1,-1.5
2020-11-21,15:00,Premier League,Matchweek 9,Sat,Away,W,2,1,Aston Villa,1.4,1.5,44,,Lewis Dunk,3-4-1-2,4-2-3-1,Michael Oliver,Match Report,7,3,13.3,0,0,0,Brighton And Hove Albion,2021,November,9,Early season,False,,3,0.6
2020-11-28,12:30,Premier League,Matchweek 10,Sat,Home,D,1,1,Liverpool,2.3,0.2,40,,Lewis Dunk,3-4-1-2,,Stuart Attwell,Match Report,9,2,20.9,1,1,2,Brighton And Hove Albion,2021,November,10,Early season,False,,1,-1.3
2020-12-07,20:00,Premier League,Matchweek 11,Mon,Home,L,1,2,Southampton,1.9,1.4,48,2000.0,Lewis Dunk,3-4-1-2,,David Coote,Match Report,11,3,15.8,0,1,1,Brighton And Hove Albion,2021,December,11,Early season,False,True,0,-0.9
2020-12-13,19:15,Premier League,Matchweek 12,Sun,Away,L,0,3,Leicester City,0.9,1.5,46,,Lewis Dunk,4-2-3-1,,Martin Atkinson,Match Report,12,4,20.3,0,0,0,Brighton And Hove Albion,2021,December,12,Early season,False,,0,-0.9
2020-12-16,20:00,Premier League,Matchweek 13,Wed,Away,D,0,0,Fulham,0.5,1.0,54,,Lewis Dunk,,,Robert Jones,Match Report,9,4,23.5,1,0,0,Brighton And Hove Albion,2021,December,13,Early season,False,,1,-0.5
2020-12-20,12:00,Premier League,Matchweek 14,Sun,Home,D,1,1,Sheffield United,2.8,0.5,73,,Lewis Dunk,,,Peter Bankes,Match Report,21,4,14.0,0,0,0,Brighton And Hove Albion,2021,December,14,Mid season,False,,1,-1.8
2020-12-27,14:15,Premier League,Matchweek 15,Sun,Away,D,2,2,West Ham United,1.1,1.3,56,,Lewis Dunk,,3-4-1-2,Simon Hooper,Match Report,13,4,16.2,0,0,0,Brighton And Hove Albion,2021,December,15,Mid season,False,,1,0.9
2020-12-29,18:00,Premier League,Matchweek 16,Tue,Home,L,0,1,Arsenal,0.8,1.1,50,,Lewis Dunk,,4-2-3-1,Martin Atkinson,Match Report,13,2,13.9,0,0,0,Brighton And Hove Albion,2021,December,16,Mid season,False,,0,-0.8
2021-01-02,17:30,Premier League,Matchweek 17,Sat,Home,D,3,3,Wolverhampton Wanderers,2.2,1.6,54,,Lewis Dunk,,4-2-3-1,Andy Madley,Match Report,12,3,16.7,0,1,1,Brighton And Hove Albion,2021,January,17,Mid season,False,,1,0.8
2021-01-13,18:00,Premier League,Matchweek 18,Wed,Away,L,0,1,Manchester City,0.2,2.0,35,,Lewis Dunk,4-1-2-1-2◆,,Darren England,Match Report,5,1,21.0,0,0,0,Brighton And Hove Albion,2021,January,18,Mid season,False,,0,-0.2
2021-01-16,15:00,Premier League,Matchweek 19,Sat,Away,W,1,0,Leeds United,1.4,0.3,34,,Lewis Dunk,,4-1-4-1,Kevin Friend,Match Report,7,2,15.1,0,0,0,Brighton And Hove Albion,2021,January,19,Mid season,False,,3,-0.4
2021-01-27,19:30,Premier League,Matchweek 20,Wed,Home,D,0,0,Fulham,1.8,0.5,50,,Lewis Dunk,,,Craig Pawson,Match Report,16,5,16.0,1,0,0,Brighton And Hove Albion,2021,January,20,Mid season,False,,1,-1.8
2021-01-31,19:15,Premier League,Matchweek 21,Sun,Home,W,1,0,Tottenham Hotspur,1.6,0.4,43,,Lewis Dunk,,,Peter Bankes,Match Report,16,3,15.5,0,0,0,Brighton And Hove Albion,2021,January,21,Mid season,False,,3,-0.6
2021-02-03,20:15,Premier League,Matchweek 22,Wed,Away,W,1,0,Liverpool,1.3,1.0,37,,Lewis Dunk,,,Kevin Friend,Match Report,13,4,13.7,0,0,0,Brighton And Hove Albion,2021,February,22,Mid season,False,,3,-0.3
2021-02-06,15:00,Premier League,Matchweek 23,Sat,Away,D,1,1,Burnley,0.5,1.8,45,,Lewis Dunk,3-4-1-2,,Anthony Taylor,Match Report,10,2,19.1,1,0,0,Brighton And Hove Albion,2021,February,23,Mid season,False,,1,0.5
2021-02-13,20:00,Premier League,Matchweek 24,Sat,Home,D,0,0,Aston Villa,2.2,0.1,58,,Lewis Dunk,4-1-3-2,4-2-3-1,Darren England,Match Report,26,9,18.3,3,0,0,Brighton And Hove Albion,2021,February,24,Mid season,False,,1,-2.2
2021-02-22,20:00,Premier League,Matchweek 25,Mon,Home,L,1,2,Crystal Palace,2.4,0.2,74,,Lewis Dunk,,,Kevin Friend,Match Report,25,5,14.5,0,0,0,Brighton And Hove Albion,2021,February,25,Mid season,False,,0,-1.4
2021-02-27,15:00,Premier League,Matchweek 26,Sat,Away,L,0,1,West Bromwich Albion,2.9,0.8,68,,Lewis Dunk,4-2-3-1,4-1-4-1,Lee Mason,Match Report,13,6,19.1,1,0,2,Brighton And Hove Albion,2021,February,26,Late season,False,,0,-2.9
2021-03-06,20:00,Premier League,Matchweek 27,Sat,Home,L,1,2,Leicester City,0.8,0.9,37,,Lewis Dunk,,3-1-4-2,Michael Oliver,Match Report,7,2,15.0,0,0,0,Brighton And Hove Albion,2021,March,27,Late season,False,,0,0.2
2021-03-14,12:00,Premier League,Matchweek 28,Sun,Away,W,2,1,Southampton,0.8,0.6,41,,Lewis Dunk,,,Stuart Attwell,Match Report,8,6,18.8,1,0,0,Brighton And Hove Albion,2021,March,28,Late season,False,,3,1.2
2021-03-20,20:00,Premier League,Matchweek 29,Sat,Home,W,3,0,Newcastle United,0.9,0.1,65,,Lewis Dunk,3-4-1-2,,Anthony Taylor,Match Report,11,6,15.7,0,0,0,Brighton And Hove Albion,2021,March,29,Late season,False,,3,2.1
2021-04-04,19:30,Premier League,Matchweek 30,Sun,Away,L,1,2,Manchester United,1.2,1.5,43,,Lewis Dunk,3-4-1-2,4-2-3-1,Mike Dean,Match Report,5,3,10.3,0,0,0,Brighton And Hove Albion,2021,April,30,Late season,False,,0,-0.2
2021-04-12,20:15,Premier League,Matchweek 31,Mon,Home,D,0,0,Everton,1.2,0.4,55,,Lewis Dunk,,,Darren England,Match Report,23,3,19.0,2,0,0,Brighton And Hove Albion,2021,April,31,Late season,False,,1,-1.2
2021-04-20,20:15,Premier League,Matchweek 32,Tue,Away,D,0,0,Chelsea,0.5,0.7,36,,Lewis Dunk,3-1-4-2,,Stuart Attwell,Match Report,11,2,23.6,1,0,0,Brighton And Hove Albion,2021,April,32,Late season,False,,1,-0.5
2021-04-24,20:00,Premier League,Matchweek 33,Sat,Away,L,0,1,Sheffield United,2.0,0.7,68,,Lewis Dunk,3-4-1-2,3-4-1-2,Kevin Friend,Match Report,17,4,16.7,0,0,0,Brighton And Hove Albion,2021,April,33,Late season,False,,0,-2.0
2021-05-01,15:00,Premier League,Matchweek 34,Sat,Home,W,2,0,Leeds United,2.3,0.6,42,,Lewis Dunk,3-4-1-2,4-1-4-1,Chris Kavanagh,Match Report,16,4,18.4,0,1,1,Brighton And Hove Albion,2021,May,34,Late season,False,,3,-0.3
2021-05-09,12:00,Premier League,Matchweek 35,Sun,Away,L,1,2,Wolverhampton Wanderers,0.3,1.1,39,,Lewis Dunk,4-4-1-1,4-2-3-1,Jonathan Moss,Match Report,5,3,12.8,0,0,0,Brighton And Hove Albion,2021,May,35,Late season,False,,0,0.7
2021-05-15,20:00,Premier League,Matchweek 36,Sat,Home,D,1,1,West Ham United,0.8,1.7,51,,Pascal Groß,,4-2-3-1,Andre Marriner,Match Report,10,2,23.8,0,0,0,Brighton And Hove Albion,2021,May,36,Late season,False,,1,0.2
2021-05-18,19:00,Premier League,Matchweek 37,Tue,Home,W,3,2,Manchester City,1.1,0.9,63,7945.0,Pascal Groß,,,Stuart Attwell,Match Report,19,6,19.7,1,0,0,Brighton And Hove Albion,2021,May,37,Late season,False,False,3,1.9
2021-05-23,16:00,Premier League,Matchweek 38,Sun,Away,L,0,2,Arsenal,0.2,0.8,46,10000.0,Lewis Dunk,,4-2-3-1,Jonathan Moss,Match Report,5,1,22.6,0,0,0,Brighton And Hove Albion,2021,May,38,Late season,False,False,0,-0.2
2021-08-14,15:00,Premier League,Matchweek 1,Sat,Away,W,2,1,Burnley,1.0,1.5,63,16910.0,Lewis Dunk,4-1-4-1,,David Coote,Match Report,14,6,14.9,1,0,0,Brighton And Hove Albion,2022,August,1,Early season,False,False,3,1.0
2021-08-21,17:30,Premier League,Matchweek 2,Sat,Home,W,2,0,Watford,1.3,0.5,56,29485.0,Lewis Dunk,4-4-1-1,4-1-4-1,Anthony Taylor,Match Report,13,3,16.9,0,0,0,Brighton And Hove Albion,2022,August,2,Early season,False,False,3,0.7
2021-08-28,15:00,Premier League,Matchweek 3,Sat,Home,L,0,2,Everton,0.7,1.4,65,30548.0,Lewis Dunk,,4-4-1-1,Jonathan Moss,Match Report,14,3,22.3,2,0,0,Brighton And Hove Albion,2022,August,3,Early season,False,False,0,-0.7
2021-09-11,15:00,Premier League,Matchweek 4,Sat,Away,W,1,0,Brentford,0.3,0.4,59,16518.0,Lewis Dunk,3-4-1-2,,Graham Scott,Match Report,4,2,19.0,0,0,0,Brighton And Hove Albion,2022,September,4,Early season,False,False,3,0.7
2021-09-19,14:00,Premier League,Matchweek 5,Sun,Home,W,2,1,Leicester City,1.7,1.6,37,31078.0,Lewis Dunk,,,Stuart Attwell,Match Report,11,4,16.9,2,1,1,Brighton And Hove Albion,2022,September,5,Early season,False,False,3,0.3
2021-09-27,20:00,Premier League,Matchweek 6,Mon,Away,D,1,1,Crystal Palace,0.8,1.4,53,22975.0,Lewis Dunk,,,Andre Marriner,Match Report,8,4,15.8,0,0,0,Brighton And Hove Albion,2022,September,6,Early season,False,False,1,0.2
2021-10-02,17:30,Premier League,Matchweek 7,Sat,Home,D,0,0,Arsenal,1.1,0.4,58,31266.0,Lewis Dunk,,4-2-3-1,Jonathan Moss,Match Report,21,2,17.7,0,0,0,Brighton And Hove Albion,2022,October,7,Early season,False,False,1,-1.1
2021-10-16,15:00,Premier League,Matchweek 8,Sat,Away,D,0,0,Norwich City,0.8,1.2,64,26777.0,Lewis Dunk,,,Peter Bankes,Match Report,11,3,16.1,0,0,0,Brighton And Hove Albion,2022,October,8,Early season,False,False,1,-0.8
2021-10-23,17:30,Premier League,Matchweek 9,Sat,Home,L,1,4,Manchester City,1.3,3.8,48,31215.0,Lewis Dunk,,,Kevin Friend,Match Report,9,4,18.9,0,1,1,Brighton And Hove Albion,2022,October,9,Early season,False,False,0,-0.3
2021-10-30,15:00,Premier League,Matchweek 10,Sat,Away,D,2,2,Liverpool,1.0,1.5,42,52598.0,Lewis Dunk,4-2-3-1,,Mike Dean,Match Report,9,6,17.0,0,0,0,Brighton And Hove Albion,2022,October,10,Early season,False,False,1,1.0
2021-11-06,17:30,Premier League,Matchweek 11,Sat,Home,D,1,1,Newcastle United,1.5,0.3,65,31267.0,Lewis Dunk,4-2-3-1,,David Coote,Match Report,13,4,17.9,0,1,1,Brighton And Hove Albion,2022,November,11,Early season,False,False,1,-0.5
2021-11-20,15:00,Premier League,Matchweek 12,Sat,Away,L,0,2,Aston Villa,0.4,0.7,62,41925.0,Lewis Dunk,,,Anthony Taylor,Match Report,6,2,17.7,0,0,0,Brighton And Hove Albion,2022,November,12,Early season,False,False,0,-0.4
2021-11-27,17:30,Premier League,Matchweek 13,Sat,Home,D,0,0,Leeds United,2.1,0.6,57,31166.0,Lewis Dunk,4-2-3-1,4-2-3-1,Craig Pawson,Match Report,20,4,16.6,0,0,0,Brighton And Hove Albion,2022,November,13,Early season,False,False,1,-2.1
2021-12-01,19:30,Premier League,Matchweek 14,Wed,Away,D,1,1,West Ham United,1.3,1.3,65,59626.0,Lewis Dunk,4-2-3-1,4-2-3-1,Chris Kavanagh,Match Report,9,3,16.0,1,0,0,Brighton And Hove Albion,2022,December,14,Mid season,False,False,1,-0.3
2021-12-04,15:00,Premier League,Matchweek 15,Sat,Away,D,1,1,Southampton,1.6,1.6,56,28706.0,Shane Duffy,,,Anthony Taylor,Match Report,14,4,18.7,1,0,0,Brighton And Hove Albion,2022,December,15,Mid season,False,False,1,-0.6
2021-12-15,19:30,Premier League,Matchweek 17,Wed,Home,L,0,1,Wolverhampton Wanderers,1.2,1.0,59,30362.0,Dan Burn,,,Tony Harrington,Match Report,12,2,17.8,2,0,0,Brighton And Hove Albion,2022,December,17,Mid season,False,False,0,-1.2
2021-12-26,20:00,Premier League,Matchweek 19,Sun,Home,W,2,0,Brentford,0.8,0.7,50,30141.0,Adam Lallana,4-1-2-1-2◆,,Darren England,Match Report,15,5,21.7,3,0,0,Brighton And Hove Albion,2022,December,19,Mid season,False,False,3,1.2
2021-12-29,19:30,Premier League,Matchweek 20,Wed,Away,D,1,1,Chelsea,0.9,0.7,53,40080.0,Adam Lallana,,,Mike Dean,Match Report,18,6,20.2,1,0,0,Brighton And Hove Albion,2022,December,20,Mid season,False,False,1,0.1
2022-01-02,14:00,Premier League,Matchweek 21,Sun,Away,W,3,2,Everton,1.7,1.6,50,38203.0,Adam Lallana,,,John Brooks,Match Report,12,5,19.1,0,0,0,Brighton And Hove Albion,2022,January,21,Mid season,False,False,3,1.3
2022-01-14,20:00,Premier League,Matchweek 22,Fri,Home,D,1,1,Crystal Palace,2.0,0.2,63,30675.0,Adam Lallana,4-1-2-1-2◆,,Robert Jones,Match Report,18,3,18.2,0,0,1,Brighton And Hove Albion,2022,January,22,Mid season,False,False,1,-1.0
2022-01-18,20:00,Premier League,Matchweek 24,Tue,Home,D,1,1,Chelsea,0.7,0.7,44,30880.0,Adam Webster,4-1-4-1,4-2-2-2,Kevin Friend,Match Report,10,2,16.2,0,0,0,Brighton And Hove Albion,2022,January,24,Mid season,False,False,1,0.3
2022-01-23,14:00,Premier League,Matchweek 23,Sun,Away,D,1,1,Leicester City,1.1,1.4,56,31231.0,Adam Webster,4-1-2-1-2◆,4-2-3-1,Martin Atkinson,Match Report,14,4,17.9,0,0,0,Brighton And Hove Albion,2022,January,23,Mid season,False,False,1,-0.1
2022-02-12,15:00,Premier League,Matchweek 25,Sat,Away,W,2,0,Watford,1.6,0.5,64,20795.0,Lewis Dunk,3-1-4-2,,Jonathan Moss,Match Report,11,5,12.3,0,0,0,Brighton And Hove Albion,2022,February,25,Mid season,False,False,3,0.4
2022-02-15,20:15,Premier League,Matchweek 18,Tue,Away,L,0,2,Manchester United,0.7,1.7,50,73012.0,Lewis Dunk,4-1-2-1-2◆,4-2-3-1,Peter Bankes,Match Report,10,3,18.9,0,0,0,Brighton And Hove Albion,2022,February,18,Mid season,False,False,0,-0.7
2022-02-19,15:00,Premier League,Matchweek 26,Sat,Home,L,0,3,Burnley,0.6,0.7,68,30361.0,Adam Lallana,,,Kevin Friend,Match Report,11,1,19.5,0,0,0,Brighton And Hove Albion,2022,February,26,Late season,False,False,0,-0.6
2022-02-26,15:00,Premier League,Matchweek 27,Sat,Home,L,0,2,Aston Villa,0.7,1.0,66,31475.0,Lewis Dunk,,4-1-2-1-2,John Brooks,Match Report,12,1,19.4,0,0,0,Brighton And Hove Albion,2022,February,27,Late season,False,False,0,-0.7
2022-03-05,15:00,Premier League,Matchweek 28,Sat,Away,L,1,2,Newcastle United,1.5,1.7,68,52214.0,Lewis Dunk,4-1-2-1-2◆,,Martin Atkinson,Match Report,15,4,14.2,0,0,0,Brighton And Hove Albion,2022,March,28,Late season,False,False,0,-0.5
2022-03-12,12:30,Premier League,Matchweek 29,Sat,Home,L,0,2,Liverpool,0.5,2.2,52,31474.0,Lewis Dunk,4-2-3-1,,Mike Dean,Match Report,8,3,18.4,0,0,0,Brighton And Hove Albion,2022,March,29,Late season,False,False,0,-0.5
2022-03-16,19:30,Premier League,Matchweek 16,Wed,Home,L,0,2,Tottenham Hotspur,0.7,2.2,48,31144.0,Lewis Dunk,4-2-3-1,,Robert Jones,Match Report,15,0,18.3,0,0,0,Brighton And Hove Albion,2022,March,16,Mid season,False,False,0,-0.7
2022-04-02,15:00,Premier League,Matchweek 31,Sat,Home,D,0,0,Norwich City,2.8,0.4,63,31245.0,Lewis Dunk,3-4-1-2,4-1-2-1-2,Simon Hooper,Match Report,30,4,18.7,1,0,1,Brighton And Hove Albion,2022,April,31,Late season,False,False,1,-2.8
2022-04-09,15:00,Premier League,Matchweek 32,Sat,Away,W,2,1,Arsenal,0.6,1.9,36,60112.0,Lewis Dunk,,4-2-3-1,David Coote,Match Report,8,3,23.1,0,0,0,Brighton And Hove Albion,2022,April,32,Late season,False,False,3,1.4
2022-04-16,12:30,Premier League,Matchweek 33,Sat,Away,W,1,0,Tottenham Hotspur,0.6,0.5,51,58685.0,Lewis Dunk,,,Craig Pawson,Match Report,12,4,17.0,0,0,0,Brighton And Hove Albion,2022,April,33,Late season,False,False,3,0.4
2022-04-20,20:00,Premier League,Matchweek 30,Wed,Away,L,0,3,Manchester City,0.2,1.3,35,52226.0,Lewis Dunk,,,Mike Dean,Match Report,2,1,19.0,1,0,0,Brighton And Hove Albion,2022,April,30,Late season,False,False,0,-0.2
2022-04-24,14:00,Premier League,Matchweek 34,Sun,Home,D,2,2,Southampton,1.7,0.9,48,31335.0,Lewis Dunk,4-3-1-2,,Robert Jones,Match Report,8,5,11.4,0,0,0,Brighton And Hove Albion,2022,April,34,Late season,False,False,1,0.3
2022-04-30,15:00,Premier League,Matchweek 35,Sat,Away,W,3,0,Wolverhampton Wanderers,2.6,0.7,51,31243.0,Lewis Dunk,,,Simon Hooper,Match Report,15,8,21.4,0,1,2,Brighton And Hove Albion,2022,April,35,Late season,False,False,3,0.4
2022-05-07,17:30,Premier League,Matchweek 36,Sat,Home,W,4,0,Manchester United,2.3,0.9,42,31637.0,Lewis Dunk,,4-2-3-1,Andy Madley,Match Report,17,5,15.9,0,0,0,Brighton And Hove Albion,2022,May,36,Late season,False,False,3,1.7
2022-05-15,14:00,Premier League,Matchweek 37,Sun,Away,D,1,1,Leeds United,2.2,1.6,50,36638.0,Lewis Dunk,,4-2-3-1,Mike Dean,Match Report,15,6,14.3,0,0,0,Brighton And Hove Albion,2022,May,37,Late season,False,False,1,-1.2
2022-05-22,16:00,Premier League,Matchweek 38,Sun,Home,W,3,1,West Ham United,1.6,0.2,50,31604.0,Lewis Dunk,4-3-2-1,4-2-3-1,Kevin Friend,Match Report,18,7,16.4,0,0,0,Brighton And Hove Albion,2022,May,38,Late season,False,False,3,1.4
2022-08-07,14:00,Premier League,Matchweek 1,Sun,Away,W,2,1,Manchester United,1.5,1.4,38,73711.0,Lewis Dunk,3-3-3-1,,Paul Tierney,Match Report,15,4,17.4,0,0,0,Brighton And Hove Albion,2023,August,1,Early season,False,False,3,0.5
2022-08-13,15:00,Premier League,Matchweek 2,Sat,Home,D,0,0,Newcastle United,1.5,0.2,54,31552.0,Lewis Dunk,3-4-1-2,,Graham Scott,Match Report,13,5,17.3,0,0,0,Brighton And Hove Albion,2023,August,2,Early season,False,False,1,-1.5
2022-08-21,14:00,Premier League,Matchweek 3,Sun,Away,W,2,0,West Ham United,1.7,0.8,50,62449.0,Lewis Dunk,3-5-1-1,4-2-3-1,Anthony Taylor,Match Report,10,1,18.8,0,1,1,Brighton And Hove Albion,2023,August,3,Early season,False,False,3,0.3
2022-08-27,15:00,Premier League,Matchweek 4,Sat,Home,W,1,0,Leeds United,2.0,1.8,44,30953.0,Lewis Dunk,,4-2-3-1,Michael Salisbury,Match Report,13,4,13.6,0,0,0,Brighton And Hove Albion,2023,August,4,Early season,False,False,3,-1.0
2022-08-30,19:30,Premier League,Matchweek 5,Tue,Away,L,1,2,Fulham,1.4,0.7,61,22224.0,Lewis Dunk,,4-2-3-1,Thomas Bramall,Match Report,6,2,15.3,0,1,1,Brighton And Hove Albion,2023,August,5,Early season,False,False,0,-0.4
2022-09-04,14:00,Premier League,Matchweek 6,Sun,Home,W,5,2,Leicester City,2.6,1.4,53,31185.0,Lewis Dunk,,,Tony Harrington,Match Report,22,10,19.6,2,1,1,Brighton And Hove Albion,2023,September,6,Early season,False,False,3,2.4
2022-10-01,15:00,Premier League,Matchweek 9,Sat,Away,D,3,3,Liverpool,1.4,1.5,46,53320.0,Lewis Dunk,,,Andy Madley,Match Report,6,6,10.0,0,0,0,Brighton And Hove Albion,2023,October,9,Early season,False,False,1,1.6
2022-10-08,17:30,Premier League,Matchweek 10,Sat,Home,L,0,1,Tottenham Hotspur,0.7,0.8,59,31498.0,Lewis Dunk,,,Tony Harrington,Match Report,14,4,18.5,0,0,0,Brighton And Hove Albion,2023,October,10,Early season,False,False,0,-0.7
2022-10-14,20:00,Premier League,Matchweek 11,Fri,Away,L,0,2,Brentford,1.9,1.5,72,17016.0,Lewis Dunk,,,Michael Salisbury,Match Report,21,7,17.2,0,0,0,Brighton And Hove Albion,2023,October,11,Early season,False,False,0,-1.9
2022-10-18,19:30,Premier League,Matchweek 12,Tue,Home,D,0,0,Nottingham Forest,1.7,0.1,70,31463.0,Lewis Dunk,,,Darren England,Match Report,19,7,15.7,0,0,0,Brighton And Hove Albion,2023,October,12,Early season,False,False,1,-1.7
2022-10-22,15:00,Premier League,Matchweek 13,Sat,Away,L,1,3,Manchester City,0.5,1.6,52,53223.0,Lewis Dunk,3-4-1-2,,Craig Pawson,Match Report,8,2,19.8,0,0,0,Brighton And Hove Albion,2023,October,13,Early season,False,False,0,0.5
2022-10-29,15:00,Premier League,Matchweek 14,Sat,Home,W,4,1,Chelsea,2.4,1.4,41,31746.0,Lewis Dunk,4-2-3-1,,Andy Madley,Match Report,19,7,15.9,0,0,0,Brighton And Hove Albion,2023,October,14,Mid season,False,False,3,1.6
2022-11-05,15:00,Premier League,Matchweek 15,Sat,Away,W,3,2,Wolverhampton Wanderers,1.5,1.2,71,30732.0,Lewis Dunk,4-2-3-1,,Graham Scott,Match Report,19,8,17.2,3,0,0,Brighton And Hove Albion,2023,November,15,Mid season,False,False,3,1.5
2022-11-13,14:00,Premier League,Matchweek 16,Sun,Home,L,1,2,Aston Villa,0.6,1.5,65,31581.0,Lewis Dunk,4-2-3-1,,Chris Kavanagh,Match Report,7,2,18.2,0,0,0,Brighton And Hove Albion,2023,November,16,Mid season,False,False,0,0.4
2022-12-26,15:00,Premier League,Matchweek 17,Mon,Away,W,3,1,Southampton,0.6,1.9,66,31010.0,Lewis Dunk,4-2-3-1,4-2-3-1,Robert Jones,Match Report,7,4,13.7,0,0,0,Brighton And Hove Albion,2023,December,17,Mid season,False,False,3,2.4
2022-12-31,17:30,Premier League,Matchweek 18,Sat,Home,L,2,4,Arsenal,1.2,2.9,68,31647.0,Lewis Dunk,4-2-3-1,,Anthony Taylor,Match Report,9,5,13.5,0,0,0,Brighton And Hove Albion,2023,December,18,Mid season,False,False,0,0.8
2023-01-03,19:45,Premier League,Matchweek 19,Tue,Away,W,4,1,Everton,2.2,1.3,51,39103.0,Lewis Dunk,4-2-3-1,,Andre Marriner,Match Report,19,8,18.9,1,0,0,Brighton And Hove Albion,2023,January,19,Mid season,False,False,3,1.8
2023-01-14,15:00,Premier League,Matchweek 20,Sat,Home,W,3,0,Liverpool,1.9,1.0,61,31645.0,Lewis Dunk,4-2-3-1,4-1-2-1-2,Darren England,Match Report,16,8,16.3,0,0,0,Brighton And Hove Albion,2023,January,20,Mid season,False,False,3,1.1
2023-01-21,15:00,Premier League,Matchweek 21,Sat,Away,D,2,2,Leicester City,1.7,0.9,63,32056.0,Lewis Dunk,4-2-3-1,,Thomas Bramall,Match Report,13,4,17.0,0,0,0,Brighton And Hove Albion,2023,January,21,Mid season,False,False,1,0.3
2023-02-04,15:00,Premier League,Matchweek 22,Sat,Home,W,1,0,Bournemouth,2.2,1.1,71,31600.0,Lewis Dunk,,4-4-1-1,Craig Pawson,Match Report,20,6,16.3,0,0,0,Brighton And Hove Albion,2023,February,22,Mid season,False,False,3,-1.2
2023-02-11,15:00,Premier League,Matchweek 23,Sat,Away,D,1,1,Crystal Palace,2.5,1.1,73,24827.0,Lewis Dunk,4-2-3-1,,Michael Oliver,Match Report,17,7,13.6,1,0,0,Brighton And Hove Albion,2023,February,23,Mid season,False,False,1,-1.5
2023-02-18,15:00,Premier League,Matchweek 24,Sat,Home,L,0,1,Fulham,2.2,0.3,65,31619.0,Lewis Dunk,4-2-3-1,4-2-3-1,Darren England,Match Report,21,7,15.6,1,0,0,Brighton And Hove Albion,2023,February,24,Mid season,False,False,0,-2.2
2023-03-04,15:00,Premier League,Matchweek 26,Sat,Home,W,4,0,West Ham United,3.5,0.3,65,31523.0,Lewis Dunk,4-2-3-1,4-2-3-1,Stuart Attwell,Match Report,19,8,16.3,0,1,1,Brighton And Hove Albion,2023,March,26,Late season,False,False,3,0.5
2023-03-11,15:00,Premier League,Matchweek 27,Sat,Away,D,2,2,Leeds United,2.7,0.9,62,36471.0,Lewis Dunk,4-2-3-1,4-2-3-1,Paul Tierney,Match Report,15,3,16.0,0,0,0,Brighton And Hove Albion,2023,March,27,Late season,False,False,1,-0.7
2023-03-15,19:30,Premier League,Matchweek 8,Wed,Home,W,1,0,Crystal Palace,0.6,1.1,57,30933.0,Lewis Dunk,4-2-3-1,,Peter Bankes,Match Report,11,5,20.5,1,0,0,Brighton And Hove Albion,2023,March,8,Early season,False,False,3,0.4
2023-04-01,15:00,Premier League,Matchweek 29,Sat,Home,D,3,3,Brentford,4.2,1.6,72,31493.0,Lewis Dunk,4-2-3-1,,Michael Oliver,Match Report,32,13,16.7,1,1,1,Brighton And Hove Albion,2023,April,29,Late season,False,False,1,-1.2
2023-04-04,19:45,Premier League,Matchweek 7,Tue,Away,W,2,0,Bournemouth,2.7,1.7,63,10266.0,Lewis Dunk,4-2-3-1,4-4-1-1,Darren Bond,Match Report,16,6,16.9,0,0,0,Brighton And Hove Albion,2023,April,7,Early season,False,False,3,-0.7
2023-04-08,15:00,Premier League,Matchweek 30,Sat,Away,L,1,2,Tottenham Hotspur,1.4,0.8,65,61405.0,Lewis Dunk,4-2-3-1,,Stuart Attwell,Match Report,17,4,16.4,0,0,0,Brighton And Hove Albion,2023,April,30,Late season,False,False,0,-0.4
2023-04-15,15:00,Premier League,Matchweek 31,Sat,Away,W,2,1,Chelsea,2.9,0.5,57,40126.0,Lewis Dunk,4-2-3-1,4-2-3-1,Robert Jones,Match Report,26,10,17.2,0,0,0,Brighton And Hove Albion,2023,April,31,Late season,False,False,3,-0.9
2023-04-26,19:30,Premier League,Matchweek 33,Wed,Away,L,1,3,Nottingham Forest,2.3,2.4,74,28808.0,Lewis Dunk,4-2-3-1,,Jarred Gillett,Match Report,17,7,17.2,0,0,0,Brighton And Hove Albion,2023,April,33,Late season,False,False,0,-1.3
2023-04-29,15:00,Premier League,Matchweek 34,Sat,Home,W,6,0,Wolverhampton Wanderers,3.3,0.8,57,31584.0,Lewis Dunk,4-2-3-1,,David Coote,Match Report,22,8,16.5,0,0,0,Brighton And Hove Albion,2023,April,34,Late season,False,False,3,2.7
2023-05-04,20:00,Premier League,Matchweek 28,Thu,Home,W,1,0,Manchester United,2.3,1.4,59,31577.0,Lewis Dunk,4-2-3-1,,Andre Marriner,Match Report,21,5,19.3,0,1,1,Brighton And Hove Albion,2023,May,28,Late season,False,False,3,-1.3
2023-05-08,17:30,Premier League,Matchweek 35,Mon,Home,L,1,5,Everton,3.2,2.3,78,31567.0,Lewis Dunk,4-2-3-1,4-2-3-1,Simon Hooper,Match Report,23,5,13.3,0,0,0,Brighton And Hove Albion,2023,May,35,Late season,False,False,0,-2.2
2023-05-14,16:30,Premier League,Matchweek 36,Sun,Away,W,3,0,Arsenal,1.7,0.9,59,60139.0,Lewis Dunk,4-2-3-1,,Andy Madley,Match Report,12,6,18.3,0,0,0,Brighton And Hove Albion,2023,May,36,Late season,False,False,3,1.3
2023-05-18,19:30,Premier League,Matchweek 25,Thu,Away,L,1,4,Newcastle United,0.5,3.6,65,52122.0,Lewis Dunk,4-2-3-1,,Robert Jones,Match Report,8,2,17.2,0,0,0,Brighton And Hove Albion,2023,May,25,Mid season,False,False,0,0.5
2023-05-21,14:00,Premier League,Matchweek 37,Sun,Home,W,3,1,Southampton,2.5,0.6,63,31507.0,Lewis Dunk,4-2-3-1,4-1-4-1,Paul Tierney,Match Report,26,8,17.4,0,0,0,Brighton And Hove Albion,2023,May,37,Late season,False,False,3,0.5
2023-05-24,20:00,Premier League,Matchweek 32,Wed,Home,D,1,1,Manchester City,2.2,1.8,40,31388.0,Pascal Groß,4-2-3-1,,Simon Hooper,Match Report,20,7,17.4,2,0,0,Brighton And Hove Albion,2023,May,32,Late season,False,False,1,-1.2
2023-05-28,16:30,Premier League,Matchweek 38,Sun,Away,L,1,2,Aston Villa,1.4,2.8,59,,Pascal Groß,,4-2-3-1,David Coote,Match Report,8,4,18.2,0,0,0,Brighton And Hove Albion,2023,May,38,Late season,False,,0,-0.4
2023-08-12,15:00,Premier League,Matchweek 1,Sat,Home,W,4,1,Luton Town,4.0,1.5,70,31872.0,Lewis Dunk,4-2-3-1,,David Coote,Match Report,26,11,17.0,0,1,1,Brighton And Hove Albion,2024,August,1,Early season,False,False,3,0.0
2023-08-19,15:00,Premier League,Matchweek 2,Sat,Away,W,4,1,Wolverhampton Wanderers,2.2,2.1,53,31317.0,Lewis Dunk,4-2-3-1,4-4-1-1,Andy Madley,Match Report,16,8,15.6,0,0,0,Brighton And Hove Albion,2024,August,2,Early season,False,False,3,1.8
2023-08-26,17:30,Premier League,Matchweek 3,Sat,Home,L,1,3,West Ham United,1.5,3.0,78,31508.0,Lewis Dunk,4-2-3-1,4-1-4-1,Anthony Taylor,Match Report,25,10,19.5,1,0,0,Brighton And Hove Albion,2024,August,3,Early season,False,False,0,-0.5
2023-09-02,17:30,Premier League,Matchweek 4,Sat,Home,W,3,1,Newcastle United,1.3,1.2,56,31620.0,Lewis Dunk,4-2-3-1,,Stuart Attwell,Match Report,15,6,17.3,0,0,0,Brighton And Hove Albion,2024,September,4,Early season,False,False,3,1.7
2023-09-16,15:00,Premier League,Matchweek 5,Sat,Away,W,3,1,Manchester United,1.7,1.0,56,73592.0,Lewis Dunk,4-2-3-1,4-1-2-1-2,Jarred Gillett,Match Report,10,8,17.1,0,0,0,Brighton And Hove Albion,2024,September,5,Early season,False,False,3,1.3
2023-09-24,14:00,Premier League,Matchweek 6,Sun,Home,W,3,1,Bournemouth,1.9,1.1,61,31617.0,Lewis Dunk,4-2-3-1,4-2-3-1,John Brooks,Match Report,13,4,17.1,0,0,0,Brighton And Hove Albion,2024,September,6,Early season,False,False,3,1.1
2023-09-30,12:30,Premier League,Matchweek 7,Sat,Away,L,1,6,Aston Villa,1.7,1.6,61,40636.0,Lewis Dunk,4-2-3-1,4-2-3-1,Andy Madley,Match Report,11,3,15.4,0,0,0,Brighton And Hove Albion,2024,September,7,Early season,False,False,0,-0.7
2023-10-08,14:00,Premier League,Matchweek 8,Sun,Home,D,2,2,Liverpool,2.3,2.3,46,31752.0,Lewis Dunk,4-2-3-1,,Anthony Taylor,Match Report,14,3,16.9,2,0,0,Brighton And Hove Albion,2024,October,8,Early season,False,False,1,-0.3
2023-10-21,15:00,Premier League,Matchweek 9,Sat,Away,L,1,2,Manchester City,0.8,0.8,45,53466.0,Lewis Dunk,4-2-3-1,3-2-4-1,Robert Jones,Match Report,5,3,12.1,0,0,0,Brighton And Hove Albion,2024,October,9,Early season,False,False,0,0.2
2023-10-29,14:00,Premier League,Matchweek 10,Sun,Home,D,1,1,Fulham,1.4,0.7,71,31550.0,Lewis Dunk,,4-2-3-1,Michael Salisbury,Match Report,18,6,18.1,1,0,0,Brighton And Hove Albion,2024,October,10,Early season,False,False,1,-0.4
2023-11-04,15:00,Premier League,Matchweek 11,Sat,Away,D,1,1,Everton,0.5,0.7,79,38683.0,Lewis Dunk,,4-4-1-1,Tim Robinson,Match Report,7,2,15.6,1,0,0,Brighton And Hove Albion,2024,November,11,Early season,False,False,1,0.5
2023-11-12,14:00,Premier League,Matchweek 12,Sun,Home,D,1,1,Sheffield United,1.5,1.1,61,31367.0,Pascal Groß,4-2-3-1,,John Brooks,Match Report,11,6,16.5,0,0,0,Brighton And Hove Albion,2024,November,12,Early season,False,False,1,-0.5
2023-11-25,15:00,Premier League,Matchweek 13,Sat,Away,W,3,2,Nottingham Forest,1.3,1.9,53,29404.0,Lewis Dunk,4-2-3-1,4-1-4-1,Anthony Taylor,Match Report,9,4,19.9,1,1,1,Brighton And Hove Albion,2024,November,13,Early season,False,False,3,1.7
2023-12-03,14:00,Premier League,Matchweek 14,Sun,Away,L,2,3,Chelsea,1.1,2.1,68,39647.0,Adam Lallana,4-2-3-1,4-2-3-1,Craig Pawson,Match Report,18,9,18.6,1,0,0,Brighton And Hove Albion,2024,December,14,Mid season,False,False,0,0.9
2023-12-06,19:30,Premier League,Matchweek 15,Wed,Home,W,2,1,Brentford,1.5,1.5,61,31571.0,Pascal Groß,4-2-3-1,,Peter Bankes,Match Report,18,7,16.1,0,0,0,Brighton And Hove Albion,2024,December,15,Mid season,False,False,3,0.5
2023-12-09,15:00,Premier League,Matchweek 16,Sat,Home,D,1,1,Burnley,2.6,0.6,72,31511.0,Lewis Dunk,4-2-3-1,,Simon Hooper,Match Report,29,11,14.2,2,0,0,Brighton And Hove Albion,2024,December,16,Mid season,False,False,1,-1.6
2023-12-17,14:00,Premier League,Matchweek 17,Sun,Away,L,0,2,Arsenal,0.7,2.3,51,60257.0,Lewis Dunk,4-2-3-1,,Tim Robinson,Match Report,6,1,16.9,0,0,0,Brighton And Hove Albion,2024,December,17,Mid season,False,False,0,-0.7
2023-12-21,20:00,Premier League,Matchweek 18,Thu,Away,D,1,1,Crystal Palace,1.2,1.3,65,24171.0,Lewis Dunk,4-2-3-1,,John Brooks,Match Report,18,6,17.6,0,0,0,Brighton And Hove Albion,2024,December,18,Mid season,False,False,1,-0.2
2023-12-28,19:30,Premier League,Matchweek 19,Thu,Home,W,4,2,Tottenham Hotspur,3.2,2.3,45,31675.0,Lewis Dunk,4-1-2-1-2◆,4-2-3-1,Jarred Gillett,Match Report,13,7,15.2,0,2,2,Brighton And Hove Albion,2024,December,19,Mid season,False,False,3,0.8
2024-01-02,19:30,Premier League,Matchweek 20,Tue,Away,D,0,0,West Ham United,2.3,0.7,68,62462.0,Pascal Groß,4-3-1-2,4-2-3-1,Samuel Barrott,Match Report,22,8,14.4,0,0,0,Brighton And Hove Albion,2024,January,20,Mid season,False,False,1,-2.3
2024-01-22,19:45,Premier League,Matchweek 21,Mon,Home,D,0,0,Wolverhampton Wanderers,1.0,1.1,72,41505.0,Lewis Dunk,,,Craig Pawson,Match Report,11,3,14.2,0,0,0,Brighton And Hove Albion,2024,January,21,Mid season,False,False,1,-1.0
2024-01-30,19:45,Premier League,Matchweek 22,Tue,Away,L,0,4,Luton Town,0.9,3.1,59,10994.0,Lewis Dunk,,,Robert Jones,Match Report,9,2,13.9,0,0,0,Brighton And Hove Albion,2024,January,22,Mid season,False,False,0,-0.9
2024-02-03,15:00,Premier League,Matchweek 23,Sat,Home,W,4,1,Crystal Palace,1.4,0.3,68,31345.0,Lewis Dunk,,,Simon Hooper,Match Report,13,6,16.7,0,0,0,Brighton And Hove Albion,2024,February,23,Mid season,False,False,3,2.6
2024-02-10,15:00,Premier League,Matchweek 24,Sat,Away,L,1,2,Tottenham Hotspur,1.2,1.6,48,61445.0,Lewis Dunk,4-2-3-1,4-2-3-1,Samuel Barrott,Match Report,5,2,17.8,0,1,1,Brighton And Hove Albion,2024,February,24,Mid season,False,False,0,-0.2
2024-02-18,14:00,Premier League,Matchweek 25,Sun,Away,W,5,0,Sheffield United,2.9,0.6,79,29522.0,Lewis Dunk,4-2-3-1,3-5-1-1,Stuart Attwell,Match Report,24,9,15.1,0,0,0,Brighton And Hove Albion,2024,February,25,Mid season,False,False,3,2.1
2024-02-24,15:00,Premier League,Matchweek 26,Sat,Home,D,1,1,Everton,1.4,0.3,64,41646.0,Lewis Dunk,4-2-3-1,4-4-1-1,Tony Harrington,Match Report,23,7,16.3,1,0,0,Brighton And Hove Albion,2024,February,26,Late season,False,False,1,-0.4
2024-03-02,15:00,Premier League,Matchweek 27,Sat,Away,L,0,3,Fulham,1.3,1.3,70,24460.0,Lewis Dunk,,4-2-3-1,Simon Hooper,Match Report,15,5,17.6,0,0,0,Brighton And Hove Albion,2024,March,27,Late season,False,False,0,-1.3
2024-03-10,14:00,Premier League,Matchweek 28,Sun,Home,W,1,0,Nottingham Forest,0.4,0.7,63,31505.0,Lewis Dunk,4-2-3-1,,Michael Salisbury,Match Report,10,3,17.5,0,0,0,Brighton And Hove Albion,2024,March,28,Late season,False,False,3,0.6
2024-03-31,14:00,Premier League,Matchweek 30,Sun,Away,L,1,2,Liverpool,0.5,2.8,45,60061.0,Lewis Dunk,4-2-3-1,,David Coote,Match Report,9,3,17.2,0,0,0,Brighton And Hove Albion,2024,March,30,Late season,False,False,0,0.5
2024-04-03,19:30,Premier League,Matchweek 31,Wed,Away,D,0,0,Brentford,1.1,0.6,66,17024.0,Lewis Dunk,4-2-3-1,,Andy Madley,Match Report,24,6,20.1,0,0,0,Brighton And Hove Albion,2024,April,31,Late season,False,False,1,-1.1
2024-04-06,17:30,Premier League,Matchweek 32,Sat,Home,L,0,3,Arsenal,0.5,3.4,54,31677.0,Lewis Dunk,4-2-3-1,,John Brooks,Match Report,10,2,19.2,0,0,0,Brighton And Hove Albion,2024,April,32,Late season,False,False,0,-0.5
2024-04-13,15:00,Premier League,Matchweek 33,Sat,Away,D,1,1,Burnley,0.9,1.7,56,20687.0,Lewis Dunk,4-2-3-1,,Simon Hooper,Match Report,20,8,18.4,1,0,0,Brighton And Hove Albion,2024,April,33,Late season,False,False,1,0.1
2024-04-25,20:00,Premier League,Matchweek 29,Thu,Home,L,0,4,Manchester City,0.6,1.4,36,31596.0,Lewis Dunk,4-2-3-1,4-1-4-1,Jarred Gillett,Match Report,7,3,16.0,0,0,0,Brighton And Hove Albion,2024,April,29,Late season,False,False,0,-0.6
2024-04-28,14:00,Premier League,Matchweek 35,Sun,Away,L,0,3,Bournemouth,0.9,1.9,69,11188.0,Lewis Dunk,4-2-3-1,,Paul Tierney,Match Report,13,1,16.5,0,0,0,Brighton And Hove Albion,2024,April,35,Late season,False,False,0,-0.9
2024-05-05,14:00,Premier League,Matchweek 36,Sun,Home,W,1,0,Aston Villa,2.5,0.1,52,31596.0,Lewis Dunk,4-2-3-1,4-2-3-1,Robert Jones,Match Report,14,7,16.3,0,0,1,Brighton And Hove Albion,2024,May,36,Late season,False,False,3,-1.5
2024-05-11,15:00,Premier League,Matchweek 37,Sat,Away,D,1,1,Newcastle United,1.4,2.2,43,51997.0,Lewis Dunk,4-2-3-1,,Darren England,Match Report,15,4,16.2,0,0,0,Brighton And Hove Albion,2024,May,37,Late season,False,False,1,-0.4
2024-05-15,19:45,Premier League,Matchweek 34,Wed,Home,L,1,2,Chelsea,1.3,1.5,55,31555.0,Lewis Dunk,4-2-3-1,4-2-3-1,Michael Salisbury,Match Report,12,2,15.3,0,0,0,Brighton And Hove Albion,2024,May,34,Late season,False,False,0,-0.3
2024-05-19,16:00,Premier League,Matchweek 38,Sun,Home,L,0,2,Manchester United,1.7,1.3,55,31662.0,Adam Lallana,4-2-3-1,4-2-2-2,Craig Pawson,Match Report,17,2,14.2,0,0,0,Brighton And Hove Albion,2024,May,38,Late season,False,False,0,-1.7
2024-08-17,15:00,Premier League,Matchweek 1,Sat,Away,W,3,0,Everton,1.4,0.5,60,39217.0,Lewis Dunk,4-2-3-1,4-2-3-1,Simon Hooper,Match Report,10,5,13.8,0,0,0,Brighton And Hove Albion,2025,August,1,Early season,False,False,3,1.6
2024-08-24,12:30,Premier League,Matchweek 2,Sat,Home,W,2,1,Manchester United,2.1,1.4,48,31537.0,Lewis Dunk,4-2-3-1,4-2-3-1,Craig Pawson,Match Report,14,4,14.2,1,0,0,Brighton And Hove Albion,2025,August,2,Early season,False,False,3,-0.1
2024-08-31,12:30,Premier League,Matchweek 3,Sat,Away,D,1,1,Arsenal,1.7,2.1,64,60326.0,Lewis Dunk,4-2-3-1,,Chris Kavanagh,Match Report,22,4,19.3,0,0,0,Brighton And Hove Albion,2025,August,3,Early season,False,False,1,-0.7
2024-09-14,15:00,Premier League,Matchweek 4,Sat,Home,D,0,0,Ipswich Town,1.6,0.3,68,41573.0,Lewis Dunk,,4-2-3-1,Samuel Barrott,Match Report,21,6,18.5,2,0,0,Brighton And Hove Albion,2025,September,4,Early season,False,False,1,-1.6
2024-09-22,14:00,Premier League,Matchweek 5,Sun,Home,D,2,2,Nottingham Forest,1.0,1.4,70,31444.0,Lewis Dunk,4-2-3-1,4-2-3-1,Robert Jones,Match Report,14,3,17.4,1,0,0,Brighton And Hove Albion,2025,September,5,Early season,False,False,1,1.0
2024-09-28,15:00,Premier League,Matchweek 6,Sat,Away,L,2,4,Chelsea,1.1,4.2,59,39495.0,Lewis Dunk,,4-2-3-1,Peter Bankes,Match Report,15,5,20.1,2,0,0,Brighton And Hove Albion,2025,September,6,Early season,False,False,0,0.9
2024-10-06,16:30,Premier League,Matchweek 7,Sun,Home,W,3,2,Tottenham Hotspur,1.8,1.3,41,31487.0,Lewis Dunk,4-2-3-1,,David Coote,Match Report,11,4,14.8,0,0,0,Brighton And Hove Albion,2025,October,7,Early season,False,False,3,1.2
2024-10-19,15:00,Premier League,Matchweek 8,Sat,Away,W,1,0,Newcastle United,1.1,2.0,40,52220.0,Lewis Dunk,,,Peter Bankes,Match Report,10,5,16.0,0,0,0,Brighton And Hove Albion,2025,October,8,Early season,False,False,3,-0.1
2024-10-26,15:00,Premier League,Matchweek 9,Sat,Home,D,2,2,Wolverhampton Wanderers,1.3,1.3,51,31840.0,Danny Welbeck,,,Michael Oliver,Match Report,19,6,17.5,1,0,0,Brighton And Hove Albion,2025,October,9,Early season,False,False,1,0.7
2024-11-02,15:00,Premier League,Matchweek 10,Sat,Away,L,1,2,Liverpool,1.0,1.6,51,60331.0,Danny Welbeck,,4-2-3-1,Tony Harrington,Match Report,13,5,19.6,2,0,0,Brighton And Hove Albion,2025,November,10,Early season,False,False,0,0.0
2024-11-09,17:30,Premier League,Matchweek 11,Sat,Home,W,2,1,Manchester City,2.3,2.1,40,31715.0,Danny Welbeck,,4-1-4-1,Samuel Barrott,Match Report,10,4,13.5,1,0,0,Brighton And Hove Albion,2025,November,11,Early season,False,False,3,-0.3
2024-11-23,15:00,Premier League,Matchweek 12,Sat,Away,W,2,1,Bournemouth,0.9,1.6,45,11196.0,Danny Welbeck,4-2-3-1,4-2-3-1,Stuart Attwell,Match Report,6,4,13.9,0,0,0,Brighton And Hove Albion,2025,November,12,Early season,False,False,3,1.1
2024-11-29,20:00,Premier League,Matchweek 13,Fri,Home,D,1,1,Southampton,1.7,1.0,53,31542.0,Danny Welbeck,,,Robert Jones,Match Report,22,5,16.5,0,0,0,Brighton And Hove Albion,2025,November,13,Early season,False,False,1,-0.7
2024-12-05,19:30,Premier League,Matchweek 14,Thu,Away,L,1,3,Fulham,1.4,1.1,57,26368.0,Lewis Dunk,,4-2-3-1,Peter Bankes,Match Report,13,3,16.7,1,0,0,Brighton And Hove Albion,2025,December,14,Mid season,False,False,0,-0.4
2024-12-08,14:00,Premier League,Matchweek 15,Sun,Away,D,2,2,Leicester City,1.5,1.3,44,31647.0,Lewis Dunk,4-2-3-1,4-2-3-1,Stuart Attwell,Match Report,16,7,19.0,2,0,0,Brighton And Hove Albion,2025,December,15,Mid season,False,False,1,0.5
2024-12-15,14:00,Premier League,Matchweek 16,Sun,Home,L,1,3,Crystal Palace,1.0,2.2,64,30893.0,Lewis Dunk,4-2-3-1,,Michael Oliver,Match Report,17,5,20.6,1,0,0,Brighton And Hove Albion,2025,December,16,Mid season,False,False,0,0.0
2024-12-21,15:00,Premier League,Matchweek 17,Sat,Away,D,1,1,West Ham United,0.9,1.2,53,62460.0,Lewis Dunk,4-2-3-1,4-1-4-1,Robert Jones,Match Report,12,6,15.0,0,0,0,Brighton And Hove Albion,2025,December,17,Mid season,False,False,1,0.1
2024-12-27,19:30,Premier League,Matchweek 18,Fri,Home,D,0,0,Brentford,1.3,1.1,57,31548.0,Lewis Dunk,4-2-3-1,4-2-3-1,Andy Madley,Match Report,24,7,18.0,1,0,0,Brighton And Hove Albion,2025,December,18,Mid season,False,False,1,-1.3
2024-12-30,19:45,Premier League,Matchweek 19,Mon,Away,D,2,2,Aston Villa,1.1,1.8,41,41414.0,Lewis Dunk,4-2-3-1,4-2-3-1,Craig Pawson,Match Report,13,4,19.1,0,0,0,Brighton And Hove Albion,2025,December,19,Mid season,False,False,1,0.9
2025-01-04,17:30,Premier League,Matchweek 20,Sat,Home,D,1,1,Arsenal,1.5,0.9,45,31714.0,João Pedro,4-2-3-1,,Anthony Taylor,Match Report,10,3,21.3,1,1,1,Brighton And Hove Albion,2025,January,20,Mid season,False,False,1,-0.5
2025-01-16,19:30,Premier League,Matchweek 21,Thu,Away,W,2,0,Ipswich Town,1.0,0.3,53,29403.0,Adam Webster,4-1-4-1,4-2-3-1,Tony Harrington,Match Report,11,5,14.1,0,0,0,Brighton And Hove Albion,2025,January,21,Mid season,False,False,3,1.0
2025-01-19,14:00,Premier League,Matchweek 22,Sun,Away,W,3,1,Manchester United,1.9,1.5,49,73758.0,Lewis Dunk,,,Peter Bankes,Match Report,6,3,15.3,0,0,0,Brighton And Hove Albion,2025,January,22,Mid season,False,False,3,1.1
2025-01-25,15:00,Premier League,Matchweek 23,Sat,Home,L,0,1,Everton,0.7,0.8,69,31087.0,Lewis Dunk,4-2-3-1,4-2-3-1,Tim Robinson,Match Report,16,1,19.6,0,0,0,Brighton And Hove Albion,2025,January,23,Mid season,False,False,0,-0.7
2025-02-01,12:30,Premier League,Matchweek 24,Sat,Away,L,0,7,Nottingham Forest,0.9,3.3,62,30164.0,Lewis Dunk,4-1-4-1,,Simon Hooper,Match Report,10,5,17.9,1,0,0,Brighton And Hove Albion,2025,February,24,Mid season,False,False,0,-0.9
2025-02-14,20:00,Premier League,Matchweek 25,Fri,Home,W,3,0,Chelsea,1.4,0.5,31,31324.0,Danny Welbeck,,4-2-3-1,Chris Kavanagh,Match Report,13,5,16.2,0,0,0,Brighton And Hove Albion,2025,February,25,Mid season,False,False,3,1.6
2025-02-22,15:00,Premier League,Matchweek 26,Sat,Away,W,4,0,Southampton,3.9,0.1,50,30775.0,Adam Webster,4-2-3-1,,Darren Bond,Match Report,18,12,14.6,1,0,0,Brighton And Hove Albion,2025,February,26,Late season,False,False,3,0.1
2025-02-25,19:30,Premier League,Matchweek 27,Tue,Home,W,2,1,Bournemouth,2.4,1.5,44,31138.0,Adam Webster,4-2-3-1,4-2-3-1,Michael Oliver,Match Report,10,3,17.4,1,1,1,Brighton And Hove Albion,2025,February,27,Late season,False,False,3,-0.4
2025-03-08,15:00,Premier League,Matchweek 28,Sat,Home,W,2,1,Fulham,1.5,0.9,53,31584.0,Adam Webster,4-2-3-1,,Samuel Barrott,Match Report,8,3,16.2,0,1,1,Brighton And Hove Albion,2025,March,28,Late season,False,False,3,0.5
2025-03-15,15:00,Premier League,Matchweek 29,Sat,Away,D,2,2,Manchester City,2.0,1.7,40,52471.0,Adam Webster,4-2-3-1,4-2-3-1,Simon Hooper,Match Report,15,3,14.4,1,0,0,Brighton And Hove Albion,2025,March,29,Late season,False,False,1,0.0
2025-04-02,19:45,Premier League,Matchweek 30,Wed,Home,L,0,3,Aston Villa,0.9,1.2,56,27895.0,Lewis Dunk,4-2-3-1,4-2-3-1,Stuart Attwell,Match Report,11,4,17.0,1,0,0,Brighton And Hove Albion,2025,April,30,Late season,False,False,0,-0.9
2025-04-05,15:00,Premier League,Matchweek 31,Sat,Away,L,1,2,Crystal Palace,1.0,0.6,62,24564.0,Lewis Dunk,4-2-3-1,,Anthony Taylor,Match Report,11,5,16.7,0,0,0,Brighton And Hove Albion,2025,April,31,Late season,False,False,0,0.0
2025-04-12,15:00,Premier League,Matchweek 32,Sat,Home,D,2,2,Leicester City,3.8,1.5,59,31150.0,Lewis Dunk,4-1-4-1,4-2-3-1,Darren Bond,Match Report,19,5,15.8,1,2,2,Brighton And Hove Albion,2025,April,32,Late season,False,False,1,-1.8
2025-04-19,15:00,Premier League,Matchweek 33,Sat,Away,L,2,4,Brentford,1.4,2.1,53,17083.0,Lewis Dunk,4-2-3-1,4-2-3-1,Tim Robinson,Match Report,12,3,15.5,2,0,0,Brighton And Hove Albion,2025,April,33,Late season,False,False,0,0.6
2025-04-26,15:00,Premier League,Matchweek 34,Sat,Home,W,3,2,West Ham United,1.3,1.3,53,31499.0,Lewis Dunk,4-2-3-1,,Darren England,Match Report,16,9,19.8,0,0,0,Brighton And Hove Albion,2025,April,34,Late season,False,False,3,1.7
2025-05-04,14:00,Premier League,Matchweek 35,Sun,Home,D,1,1,Newcastle United,0.7,1.7,45,31580.0,Lewis Dunk,4-2-3-1,,Craig Pawson,Match Report,5,2,14.6,0,0,0,Brighton And Hove Albion,2025,May,35,Late season,False,False,1,0.3
2025-05-10,15:00,Premier League,Matchweek 36,Sat,Away,W,2,0,Wolverhampton Wanderers,1.6,0.9,44,31279.0,Danny Welbeck,4-2-3-1,,Michael Oliver,Match Report,6,1,22.5,0,1,1,Brighton And Hove Albion,2025,May,36,Late season,False,False,3,0.4
2025-05-19,20:00,Premier League,Matchweek 37,Mon,Home,W,3,2,Liverpool,2.2,2.2,49,31611.0,Danny Welbeck,4-2-3-1,4-2-3-1,Andy Madley,Match Report,25,12,17.5,1,0,0,Brighton And Hove Albion,2025,May,37,Late season,False,False,3,0.8
2025-05-25,16:00,Premier League,Matchweek 38,Sun,Away,W,4,1,Tottenham Hotspur,2.2,2.0,66,61449.0,Adam Webster,,,Robert Jones,Match Report,22,7,15.4,0,1,1,Brighton And Hove Albion,2025,May,38,Late season,False,False,3,1.8
2020-09-20,19:00,Premier League,Matchweek 2,Sun,Away,L,2,4,Leicester City,1.4,1.2,33,,Ashley Westwood,,4-1-4-1,Lee Mason,Match Report,16,5,16.4,1,0,0,Burnley,2021,September,2,Early season,False,,0,0.6
2020-09-26,20:00,Premier League,Matchweek 3,Sat,Home,L,0,1,Southampton,0.5,0.6,53,,Ashley Westwood,,,Andre Marriner,Match Report,10,2,18.3,1,0,0,Burnley,2021,September,3,Early season,False,,0,-0.5
2020-10-03,20:00,Premier League,Matchweek 4,Sat,Away,L,1,3,Newcastle United,0.4,1.8,52,,Ashley Westwood,,,David Coote,Match Report,7,3,13.4,0,0,0,Burnley,2021,October,4,Early season,False,,0,0.6
2020-10-19,17:30,Premier League,Matchweek 5,Mon,Away,D,0,0,West Bromwich Albion,1.1,0.8,43,,Ashley Westwood,,4-1-4-1,Anthony Taylor,Match Report,9,4,16.1,1,0,0,Burnley,2021,October,5,Early season,False,,1,-1.1
2020-10-26,20:00,Premier League,Matchweek 6,Mon,Home,L,0,1,Tottenham Hotspur,1.0,0.6,39,,Ashley Westwood,,4-2-3-1,Michael Oliver,Match Report,13,3,21.1,1,0,0,Burnley,2021,October,6,Early season,False,,0,-1.0
2020-10-31,15:00,Premier League,Matchweek 7,Sat,Home,L,0,3,Chelsea,0.5,0.9,37,,Ashley Westwood,,,David Coote,Match Report,5,0,24.4,0,0,0,Burnley,2021,October,7,Early season,False,,0,-0.5
2020-11-06,17:30,Premier League,Matchweek 8,Fri,Away,D,0,0,Brighton And Hove Albion,0.5,1.5,41,,Ben Mee,,,Mike Dean,Match Report,4,1,11.7,0,0,0,Burnley,2021,November,8,Early season,False,,1,-0.5
2020-11-23,17:30,Premier League,Matchweek 9,Mon,Home,W,1,0,Crystal Palace,1.5,1.5,46,,Ben Mee,,,Kevin Friend,Match Report,10,4,18.6,0,0,0,Burnley,2021,November,9,Early season,False,,3,-0.5
2020-11-28,15:00,Premier League,Matchweek 10,Sat,Away,L,0,5,Manchester City,0.5,1.7,32,,Ben Mee,4-4-1-1,4-2-3-1,Lee Mason,Match Report,9,1,19.9,1,0,0,Burnley,2021,November,10,Early season,False,,0,-0.5
2020-12-05,12:30,Premier League,Matchweek 11,Sat,Home,D,1,1,Everton,0.8,2.2,42,,Ben Mee,,,Anthony Taylor,Match Report,8,3,18.6,0,0,0,Burnley,2021,December,11,Early season,False,,1,0.2
2020-12-13,19:15,Premier League,Matchweek 12,Sun,Away,W,1,0,Arsenal,1.4,1.6,35,2000.0,Ben Mee,4-4-1-1,4-2-3-1,Graham Scott,Match Report,10,2,15.9,0,0,0,Burnley,2021,December,12,Early season,False,True,3,-0.4
2020-12-17,18:00,Premier League,Matchweek 13,Thu,Away,D,0,0,Aston Villa,0.3,1.5,41,,Ben Mee,,4-2-3-1,Craig Pawson,Match Report,6,4,19.7,1,0,0,Burnley,2021,December,13,Early season,False,,1,-0.3
2020-12-21,17:30,Premier League,Matchweek 14,Mon,Home,W,2,1,Wolverhampton Wanderers,1.7,1.5,37,,Ben Mee,,3-4-1-2,Lee Mason,Match Report,10,4,15.8,1,0,0,Burnley,2021,December,14,Mid season,False,,3,0.3
2020-12-27,12:00,Premier League,Matchweek 15,Sun,Away,L,0,1,Leeds United,1.5,1.9,49,,Ben Mee,,3-3-3-1,Robert Jones,Match Report,14,6,16.1,0,0,0,Burnley,2021,December,15,Mid season,False,,0,-1.5
2020-12-29,18:00,Premier League,Matchweek 16,Tue,Home,W,1,0,Sheffield United,1.0,0.7,37,,Ben Mee,,,Chris Kavanagh,Match Report,5,3,11.8,1,0,0,Burnley,2021,December,16,Mid season,False,,3,0.0
2021-01-12,20:15,Premier League,Matchweek 1,Tue,Home,L,0,1,Manchester United,0.9,1.2,38,,Ben Mee,,4-2-3-1,Kevin Friend,Match Report,11,0,20.0,0,0,0,Burnley,2021,January,1,Early season,False,,0,-0.9
2021-01-16,15:00,Premier League,Matchweek 19,Sat,Away,L,0,1,West Ham United,0.5,1.7,55,,Ben Mee,,4-2-3-1,Chris Kavanagh,Match Report,10,2,24.2,1,0,0,Burnley,2021,January,19,Mid season,False,,0,-0.5
2021-01-21,20:00,Premier League,Matchweek 18,Thu,Away,W,1,0,Liverpool,1.1,1.6,28,,Ben Mee,,,Mike Dean,Match Report,5,3,18.2,0,1,1,Burnley,2021,January,18,Mid season,False,,3,-0.1
2021-01-27,18:00,Premier League,Matchweek 20,Wed,Home,W,3,2,Aston Villa,0.5,2.2,39,,Ben Mee,,4-2-3-1,Paul Tierney,Match Report,10,5,20.0,0,0,0,Burnley,2021,January,20,Mid season,False,,3,2.5
2021-01-31,12:00,Premier League,Matchweek 21,Sun,Away,L,0,2,Chelsea,0.2,1.2,30,,Ben Mee,,,Graham Scott,Match Report,1,0,5.3,0,0,0,Burnley,2021,January,21,Mid season,False,,0,-0.2
2021-02-03,18:00,Premier League,Matchweek 22,Wed,Home,L,0,2,Manchester City,0.1,2.0,26,,Ben Mee,,,Martin Atkinson,Match Report,2,0,22.9,0,0,0,Burnley,2021,February,22,Mid season,False,,0,-0.1
2021-02-06,15:00,Premier League,Matchweek 23,Sat,Home,D,1,1,Brighton And Hove Albion,1.8,0.5,55,,Ben Mee,,3-4-1-2,Anthony Taylor,Match Report,20,7,17.8,1,0,0,Burnley,2021,February,23,Mid season,False,,1,-0.8
2021-02-13,15:00,Premier League,Matchweek 24,Sat,Away,W,3,0,Crystal Palace,1.4,0.5,46,,Ben Mee,,,Michael Oliver,Match Report,16,4,17.7,0,0,0,Burnley,2021,February,24,Mid season,False,,3,1.6
2021-02-17,18:00,Premier League,Matchweek 17,Wed,Home,D,1,1,Fulham,0.9,0.5,47,,James Tarkowski,,4-4-1-1,Jonathan Moss,Match Report,8,3,12.6,0,0,0,Burnley,2021,February,17,Mid season,False,,1,0.1
2021-02-20,15:00,Premier League,Matchweek 25,Sat,Home,D,0,0,West Bromwich Albion,0.5,1.6,62,,Ben Mee,,4-1-4-1,Mike Dean,Match Report,6,1,18.9,1,0,0,Burnley,2021,February,25,Mid season,False,,1,-0.5
2021-02-28,14:00,Premier League,Matchweek 26,Sun,Away,L,0,4,Tottenham Hotspur,0.7,2.1,42,,Ben Mee,,4-2-3-1,Kevin Friend,Match Report,10,3,19.3,0,0,0,Burnley,2021,February,26,Late season,False,,0,-0.7
2021-03-03,18:00,Premier League,Matchweek 29,Wed,Home,D,1,1,Leicester City,1.8,1.2,39,,Ben Mee,,3-1-4-2,Andy Madley,Match Report,12,7,18.0,1,0,0,Burnley,2021,March,29,Late season,False,,1,-0.8
2021-03-06,12:30,Premier League,Matchweek 27,Sat,Home,D,1,1,Arsenal,1.1,2.5,41,,Ben Mee,,4-2-3-1,Andre Marriner,Match Report,9,5,18.2,0,0,0,Burnley,2021,March,27,Late season,False,,1,-0.1
2021-03-13,17:30,Premier League,Matchweek 28,Sat,Away,W,2,1,Everton,0.8,1.5,35,,Ben Mee,,4-1-2-1-2,Jonathan Moss,Match Report,14,5,19.1,1,0,0,Burnley,2021,March,28,Late season,False,,3,1.2
2021-04-04,12:00,Premier League,Matchweek 30,Sun,Away,L,2,3,Southampton,1.5,2.2,47,,Ben Mee,,,Andre Marriner,Match Report,6,4,16.7,0,1,1,Burnley,2021,April,30,Late season,False,,0,0.5
2021-04-11,12:00,Premier League,Matchweek 31,Sun,Home,L,1,2,Newcastle United,2.0,1.2,56,,Ben Mee,,,Anthony Taylor,Match Report,24,4,15.3,1,0,0,Burnley,2021,April,31,Late season,False,,0,-1.0
2021-04-18,16:00,Premier League,Matchweek 32,Sun,Away,L,1,3,Manchester United,0.9,2.5,31,,Ben Mee,4-4-1-1,4-2-3-1,Jonathan Moss,Match Report,10,3,19.0,0,0,0,Burnley,2021,April,32,Late season,False,,0,0.1
2021-04-25,12:00,Premier League,Matchweek 33,Sun,Away,W,4,0,Wolverhampton Wanderers,2.0,0.4,42,,Ben Mee,,3-4-1-2,Darren England,Match Report,14,7,18.8,0,0,0,Burnley,2021,April,33,Late season,False,,3,2.0
2021-05-03,20:15,Premier League,Matchweek 34,Mon,Home,L,1,2,West Ham United,2.0,2.3,45,,Ben Mee,,4-2-3-1,Anthony Taylor,Match Report,7,1,12.3,0,1,1,Burnley,2021,May,34,Late season,False,,0,-1.0
2021-05-10,20:00,Premier League,Matchweek 35,Mon,Away,W,2,0,Fulham,1.5,1.0,32,,Ben Mee,,4-2-3-1,David Coote,Match Report,14,5,14.6,0,0,0,Burnley,2021,May,35,Late season,False,,3,0.5
2021-05-15,12:30,Premier League,Matchweek 36,Sat,Home,L,0,4,Leeds United,1.3,1.5,48,,Ben Mee,,3-3-3-1,Graham Scott,Match Report,16,4,17.9,1,0,0,Burnley,2021,May,36,Late season,False,,0,-1.3
2021-05-19,20:15,Premier League,Matchweek 37,Wed,Home,L,0,3,Liverpool,0.8,2.6,41,3387.0,Ben Mee,4-4-1-1,,Chris Kavanagh,Match Report,10,3,15.3,0,0,0,Burnley,2021,May,37,Late season,False,True,0,-0.8
2021-05-23,16:00,Premier League,Matchweek 38,Sun,Away,L,0,1,Sheffield United,1.1,0.5,57,5000.0,James Tarkowski,4-4-1-1,,Kevin Friend,Match Report,10,3,13.4,0,0,0,Burnley,2021,May,38,Late season,False,False,0,-1.1
2021-08-14,15:00,Premier League,Matchweek 1,Sat,Home,L,1,2,Brighton And Hove Albion,1.5,1.0,37,16910.0,Ben Mee,,4-1-4-1,David Coote,Match Report,14,3,16.2,1,0,0,Burnley,2022,August,1,Early season,False,False,0,-0.5
2021-08-21,12:30,Premier League,Matchweek 2,Sat,Away,L,0,2,Liverpool,0.9,2.7,35,52591.0,Ben Mee,,,Mike Dean,Match Report,9,3,15.3,0,0,0,Burnley,2022,August,2,Early season,False,False,0,-0.9
2021-08-29,14:00,Premier League,Matchweek 3,Sun,Home,D,1,1,Leeds United,1.0,1.2,36,20000.0,Ben Mee,,3-3-3-1,Michael Oliver,Match Report,12,3,16.5,0,0,0,Burnley,2022,August,3,Early season,False,False,1,0.0
2021-09-13,20:00,Premier League,Matchweek 4,Mon,Away,L,1,3,Everton,1.0,1.4,48,30000.0,Ben Mee,,,Martin Atkinson,Match Report,11,6,16.8,0,0,0,Burnley,2022,September,4,Early season,False,False,0,0.0
2021-09-18,15:00,Premier League,Matchweek 5,Sat,Home,L,0,1,Arsenal,1.0,1.1,46,20000.0,Ben Mee,,4-1-4-1,Anthony Taylor,Match Report,18,3,15.4,0,0,0,Burnley,2022,September,5,Early season,False,False,0,-1.0
2021-09-25,15:00,Premier League,Matchweek 6,Sat,Away,D,2,2,Leicester City,0.5,2.4,34,31650.0,Ben Mee,,,Chris Kavanagh,Match Report,9,3,22.7,1,0,0,Burnley,2022,September,6,Early season,False,False,1,1.5
2021-10-02,15:00,Premier League,Matchweek 7,Sat,Home,D,0,0,Norwich City,1.2,0.6,56,17427.0,James Tarkowski,,,Kevin Friend,Match Report,14,4,16.6,1,0,0,Burnley,2022,October,7,Early season,False,False,1,-1.2
2021-10-16,15:00,Premier League,Matchweek 8,Sat,Away,L,0,2,Manchester City,0.9,2.1,30,52711.0,James Tarkowski,,,Martin Atkinson,Match Report,7,2,14.5,0,0,0,Burnley,2022,October,8,Early season,False,False,0,-0.9
2021-10-23,15:00,Premier League,Matchweek 9,Sat,Away,D,2,2,Southampton,0.7,1.6,39,29145.0,James Tarkowski,,,Chris Kavanagh,Match Report,9,5,20.9,0,0,0,Burnley,2022,October,9,Early season,False,False,1,1.3
2021-10-30,15:00,Premier League,Matchweek 10,Sat,Home,W,3,1,Brentford,2.3,0.8,41,18821.0,Ben Mee,,,Jonathan Moss,Match Report,15,5,16.6,1,0,0,Burnley,2022,October,10,Early season,False,False,3,0.7
2021-11-06,15:00,Premier League,Matchweek 11,Sat,Away,D,1,1,Chelsea,0.7,1.8,30,39798.0,Ben Mee,,3-4-1-2,Andre Marriner,Match Report,5,2,15.9,0,0,0,Burnley,2022,November,11,Early season,False,False,1,0.3
2021-11-20,15:00,Premier League,Matchweek 12,Sat,Home,D,3,3,Crystal Palace,1.5,1.9,40,18028.0,Ben Mee,,,Simon Hooper,Match Report,15,9,16.1,1,0,0,Burnley,2022,November,12,Early season,False,False,1,1.5
2021-12-01,19:30,Premier League,Matchweek 14,Wed,Away,D,0,0,Wolverhampton Wanderers,0.2,0.7,35,30328.0,Ben Mee,,,John Brooks,Match Report,6,1,21.3,0,0,0,Burnley,2022,December,14,Mid season,False,False,1,-0.2
2021-12-04,15:00,Premier League,Matchweek 15,Sat,Away,L,0,1,Newcastle United,0.6,1.0,52,51948.0,James Tarkowski,,,Paul Tierney,Match Report,10,1,18.8,2,0,0,Burnley,2022,December,15,Mid season,False,False,0,-0.6
2021-12-12,14:00,Premier League,Matchweek 16,Sun,Home,D,0,0,West Ham United,0.8,0.8,40,18065.0,Ben Mee,,4-2-3-1,Graham Scott,Match Report,9,1,15.2,0,0,0,Burnley,2022,December,16,Mid season,False,False,1,-0.8
2021-12-30,20:15,Premier League,Matchweek 20,Thu,Away,L,1,3,Manchester United,1.1,2.4,43,73121.0,Ben Mee,,4-2-2-2,Jonathan Moss,Match Report,10,3,13.3,0,0,0,Burnley,2022,December,20,Mid season,False,False,0,-0.1
2022-01-02,14:00,Premier League,Matchweek 21,Sun,Away,L,1,3,Leeds United,1.0,1.9,45,36083.0,Ben Mee,,,Paul Tierney,Match Report,8,2,17.8,1,0,0,Burnley,2022,January,21,Mid season,False,False,0,0.0
2022-01-23,14:00,Premier League,Matchweek 23,Sun,Away,D,0,0,Arsenal,0.4,1.2,25,59255.0,Ben Mee,,4-1-4-1,David Coote,Match Report,10,1,21.2,0,0,0,Burnley,2022,January,23,Mid season,False,False,1,-0.4
2022-02-05,18:00,Premier League,Matchweek 17,Sat,Home,D,0,0,Watford,0.6,0.8,53,19527.0,Ben Mee,,,Craig Pawson,Match Report,13,2,19.5,1,0,0,Burnley,2022,February,17,Mid season,False,False,1,-0.6
2022-02-08,20:00,Premier League,Matchweek 24,Tue,Home,D,1,1,Manchester United,0.4,1.8,37,21233.0,Ben Mee,,4-2-3-1,Mike Dean,Match Report,9,3,20.5,0,0,0,Burnley,2022,February,24,Mid season,False,False,1,0.6
2022-02-13,14:00,Premier League,Matchweek 25,Sun,Home,L,0,1,Liverpool,1.5,1.7,34,19563.0,Ben Mee,,,Martin Atkinson,Match Report,8,5,19.3,0,0,0,Burnley,2022,February,25,Mid season,False,False,0,-1.5
2022-02-19,15:00,Premier League,Matchweek 26,Sat,Away,W,3,0,Brighton And Hove Albion,0.7,0.6,32,30361.0,Ben Mee,,,Kevin Friend,Match Report,10,4,19.7,0,0,0,Burnley,2022,February,26,Late season,False,False,3,2.3
2022-02-23,19:30,Premier League,Matchweek 13,Wed,Home,W,1,0,Tottenham Hotspur,0.9,0.7,34,19488.0,Ben Mee,,,Graham Scott,Match Report,15,4,17.3,0,0,0,Burnley,2022,February,13,Early season,False,False,3,0.1
2022-02-26,15:00,Premier League,Matchweek 27,Sat,Away,D,1,1,Crystal Palace,0.2,1.0,41,24203.0,Ben Mee,,,Jonathan Moss,Match Report,5,1,19.2,0,0,0,Burnley,2022,February,27,Late season,False,False,1,0.8
2022-03-01,19:45,Premier League,Matchweek 22,Tue,Home,L,0,2,Leicester City,0.9,1.5,45,17825.0,Ben Mee,,,Chris Kavanagh,Match Report,9,2,16.6,0,0,0,Burnley,2022,March,22,Mid season,False,False,0,-0.9
2022-03-05,15:00,Premier League,Matchweek 28,Sat,Home,L,0,4,Chelsea,0.7,2.3,28,19439.0,James Tarkowski,,,Andre Marriner,Match Report,6,0,17.2,1,0,0,Burnley,2022,March,28,Late season,False,False,0,-0.7
2022-03-12,15:00,Premier League,Matchweek 29,Sat,Away,L,0,2,Brentford,0.7,1.9,45,17088.0,James Tarkowski,,,Paul Tierney,Match Report,7,1,21.4,1,0,0,Burnley,2022,March,29,Late season,False,False,0,-0.7
2022-04-02,15:00,Premier League,Matchweek 31,Sat,Home,L,0,2,Manchester City,0.1,1.8,24,21249.0,James Tarkowski,,,Craig Pawson,Match Report,3,1,18.3,0,0,0,Burnley,2022,April,31,Late season,False,False,0,-0.1
2022-04-06,19:30,Premier League,Matchweek 19,Wed,Home,W,3,2,Everton,2.0,2.4,52,19830.0,James Tarkowski,,,Mike Dean,Match Report,13,4,15.6,0,0,0,Burnley,2022,April,19,Mid season,False,False,3,1.0
2022-04-10,14:00,Premier League,Matchweek 32,Sun,Away,L,0,2,Norwich City,1.7,1.7,55,26361.0,James Tarkowski,,4-2-3-1,Michael Oliver,Match Report,18,3,17.4,1,0,0,Burnley,2022,April,32,Late season,False,False,0,-1.7
2022-04-17,14:15,Premier League,Matchweek 33,Sun,Away,D,1,1,West Ham United,1.8,2.2,39,59958.0,James Tarkowski,,4-2-3-1,Paul Tierney,Match Report,8,1,16.4,0,0,1,Burnley,2022,April,33,Late season,False,False,1,-0.8
2022-04-21,19:45,Premier League,Matchweek 30,Thu,Home,W,2,0,Southampton,1.5,0.9,44,17384.0,James Tarkowski,,3-1-4-2,Stuart Attwell,Match Report,16,6,14.2,0,0,0,Burnley,2022,April,30,Late season,False,False,3,0.5
2022-04-24,14:00,Premier League,Matchweek 34,Sun,Home,W,1,0,Wolverhampton Wanderers,1.4,0.6,36,19246.0,James Tarkowski,,,Anthony Taylor,Match Report,14,5,18.8,0,0,0,Burnley,2022,April,34,Late season,False,False,3,-0.4
2022-04-30,15:00,Premier League,Matchweek 35,Sat,Away,W,2,1,Watford,1.6,1.0,53,20738.0,James Tarkowski,,,Craig Pawson,Match Report,17,6,15.9,1,0,0,Burnley,2022,April,35,Late season,False,False,3,0.4
2022-05-07,15:00,Premier League,Matchweek 36,Sat,Home,L,1,3,Aston Villa,1.9,2.1,49,20891.0,James Tarkowski,,4-1-2-1-2,David Coote,Match Report,14,6,16.4,0,0,0,Burnley,2022,May,36,Late season,False,False,0,-0.9
2022-05-15,12:00,Premier League,Matchweek 37,Sun,Away,L,0,1,Tottenham Hotspur,0.7,2.2,32,61729.0,Jack Cork,,,Kevin Friend,Match Report,8,1,15.4,0,0,0,Burnley,2022,May,37,Late season,False,False,0,-0.7
2022-05-19,20:00,Premier League,Matchweek 18,Thu,Away,D,1,1,Aston Villa,1.6,1.5,29,40468.0,James Tarkowski,,4-3-2-1,Paul Tierney,Match Report,9,3,17.2,0,1,1,Burnley,2022,May,18,Mid season,False,False,1,-0.6
2022-05-22,16:00,Premier League,Matchweek 38,Sun,Home,L,1,2,Newcastle United,1.6,1.8,52,21361.0,James Tarkowski,,,Craig Pawson,Match Report,12,4,15.7,1,0,0,Burnley,2022,May,38,Late season,False,False,0,-0.6
2023-08-11,20:00,Premier League,Matchweek 1,Fri,Home,L,0,3,Manchester City,0.3,1.9,35,21572.0,Josh Cullen,,4-2-3-1,Craig Pawson,Match Report,6,1,14.9,0,0,0,Burnley,2024,August,1,Early season,False,False,0,-0.3
2023-08-27,14:00,Premier League,Matchweek 3,Sun,Home,L,1,3,Aston Villa,0.7,2.5,57,21591.0,Josh Cullen,,,Michael Salisbury,Match Report,9,2,17.7,0,0,0,Burnley,2024,August,3,Early season,False,False,0,0.3
2023-09-02,15:00,Premier League,Matchweek 4,Sat,Home,L,2,5,Tottenham Hotspur,1.3,2.2,47,21750.0,Josh Cullen,,4-2-3-1,Darren England,Match Report,16,4,17.9,1,0,0,Burnley,2024,September,4,Early season,False,False,0,0.7
2023-09-18,19:45,Premier League,Matchweek 5,Mon,Away,D,1,1,Nottingham Forest,0.5,0.7,54,28958.0,Josh Brownhill,4-2-3-1,4-2-3-1,Robert Jones,Match Report,10,3,18.9,0,0,0,Burnley,2024,September,5,Early season,False,False,1,0.5
2023-09-23,20:00,Premier League,Matchweek 6,Sat,Home,L,0,1,Manchester United,1.1,1.0,61,21593.0,Josh Brownhill,,4-2-3-1,Tony Harrington,Match Report,12,4,15.6,0,0,0,Burnley,2024,September,6,Early season,False,False,0,-1.1
2023-09-30,15:00,Premier League,Matchweek 7,Sat,Away,L,0,2,Newcastle United,0.6,3.1,47,51687.0,Josh Brownhill,4-2-3-1,,Thomas Bramall,Match Report,8,2,16.3,0,0,0,Burnley,2024,September,7,Early season,False,False,0,-0.6
2023-10-03,19:30,Premier League,Matchweek 2,Tue,Away,W,2,1,Luton Town,1.1,1.3,51,10918.0,Josh Brownhill,,,Peter Bankes,Match Report,14,4,20.2,0,0,0,Burnley,2024,October,2,Early season,False,False,3,0.9
2023-10-07,15:00,Premier League,Matchweek 8,Sat,Home,L,1,4,Chelsea,0.7,1.9,38,21654.0,Josh Brownhill,,,Stuart Attwell,Match Report,10,3,18.2,1,0,0,Burnley,2024,October,8,Early season,False,False,0,0.3
2023-10-21,15:00,Premier League,Matchweek 9,Sat,Away,L,0,3,Brentford,1.1,3.1,50,17029.0,Josh Cullen,4-2-3-1,,Joshua Smith,Match Report,6,1,20.2,0,0,0,Burnley,2024,October,9,Early season,False,False,0,-1.1
2023-10-28,15:00,Premier League,Matchweek 10,Sat,Away,L,1,2,Bournemouth,0.8,1.1,55,11152.0,Josh Brownhill,,4-2-3-1,Samuel Barrott,Match Report,6,3,18.0,0,0,0,Burnley,2024,October,10,Early season,False,False,0,0.2
2023-11-04,15:00,Premier League,Matchweek 11,Sat,Home,L,0,2,Crystal Palace,1.1,1.3,67,21578.0,Josh Brownhill,,4-2-3-1,Peter Bankes,Match Report,17,5,13.3,0,0,0,Burnley,2024,November,11,Early season,False,False,0,-1.1
2023-11-11,15:00,Premier League,Matchweek 12,Sat,Away,L,1,3,Arsenal,0.3,1.8,37,60232.0,Josh Brownhill,,,Michael Oliver,Match Report,8,5,19.3,0,0,0,Burnley,2024,November,12,Early season,False,False,0,0.7
2023-11-25,15:00,Premier League,Matchweek 13,Sat,Home,L,1,2,West Ham United,1.3,0.9,50,21319.0,Josh Brownhill,,4-2-3-1,Samuel Barrott,Match Report,10,4,17.2,0,1,1,Burnley,2024,November,13,Early season,False,False,0,-0.3
2023-12-02,15:00,Premier League,Matchweek 14,Sat,Home,W,5,0,Sheffield United,1.8,0.4,63,21478.0,Josh Brownhill,,,Chris Kavanagh,Match Report,19,7,15.9,0,0,0,Burnley,2024,December,14,Mid season,False,False,3,3.2
2023-12-05,19:30,Premier League,Matchweek 15,Tue,Away,L,0,1,Wolverhampton Wanderers,0.9,0.8,49,30439.0,Josh Brownhill,,,Jarred Gillett,Match Report,12,3,21.9,2,0,0,Burnley,2024,December,15,Mid season,False,False,0,-0.9
2023-12-09,15:00,Premier League,Matchweek 16,Sat,Away,D,1,1,Brighton And Hove Albion,0.6,2.6,28,31511.0,Josh Brownhill,,4-2-3-1,Simon Hooper,Match Report,6,3,12.9,0,0,0,Burnley,2024,December,16,Mid season,False,False,1,0.4
2023-12-16,17:30,Premier League,Matchweek 17,Sat,Home,L,0,2,Everton,0.7,1.4,61,21413.0,Josh Brownhill,,,Anthony Taylor,Match Report,14,2,18.8,1,0,0,Burnley,2024,December,17,Mid season,False,False,0,-0.7
2023-12-23,15:00,Premier League,Matchweek 18,Sat,Away,W,2,0,Fulham,0.4,1.3,34,23598.0,Josh Brownhill,,4-2-3-1,Rebecca Welch,Match Report,7,2,19.5,0,0,0,Burnley,2024,December,18,Mid season,False,False,3,1.6
2023-12-26,17:30,Premier League,Matchweek 19,Tue,Home,L,0,2,Liverpool,0.8,1.8,32,21624.0,Josh Brownhill,,,Paul Tierney,Match Report,9,0,16.7,0,0,0,Burnley,2024,December,19,Mid season,False,False,0,-0.8
2023-12-30,15:00,Premier League,Matchweek 20,Sat,Away,L,2,3,Aston Villa,1.2,3.2,36,41613.0,Josh Brownhill,,4-4-1-1,Stuart Attwell,Match Report,9,5,15.4,0,0,0,Burnley,2024,December,20,Mid season,False,False,0,0.8
2024-01-12,19:45,Premier League,Matchweek 21,Fri,Home,D,1,1,Luton Town,1.1,0.9,39,20155.0,Josh Brownhill,,,Tony Harrington,Match Report,13,7,18.8,1,0,0,Burnley,2024,January,21,Mid season,False,False,1,-0.1
2024-01-31,19:30,Premier League,Matchweek 22,Wed,Away,L,1,3,Manchester City,1.4,1.7,26,52143.0,Josh Brownhill,,4-2-3-1,Samuel Barrott,Match Report,8,3,14.7,0,0,0,Burnley,2024,January,22,Mid season,False,False,0,-0.4
2024-02-03,15:00,Premier League,Matchweek 23,Sat,Home,D,2,2,Fulham,1.8,1.5,44,20203.0,Josh Brownhill,,4-2-3-1,Darren Bond,Match Report,12,4,15.4,0,0,0,Burnley,2024,February,23,Mid season,False,False,1,0.2
2024-02-10,15:00,Premier League,Matchweek 24,Sat,Away,L,1,3,Liverpool,1.3,2.8,30,59896.0,Josh Brownhill,,,Tim Robinson,Match Report,9,4,17.6,0,0,0,Burnley,2024,February,24,Mid season,False,False,0,-0.3
2024-02-17,15:00,Premier League,Matchweek 25,Sat,Home,L,0,5,Arsenal,0.3,2.3,36,21311.0,Josh Brownhill,,,Jarred Gillett,Match Report,8,0,18.6,0,0,0,Burnley,2024,February,25,Mid season,False,False,0,-0.3
2024-02-24,15:00,Premier League,Matchweek 26,Sat,Away,L,0,3,Crystal Palace,0.1,2.4,44,24042.0,Josh Brownhill,,,Lewis Smith,Match Report,2,0,12.0,0,0,0,Burnley,2024,February,26,Late season,False,False,0,-0.1
2024-03-03,13:00,Premier League,Matchweek 27,Sun,Home,L,0,2,Bournemouth,1.5,1.1,74,19713.0,Josh Cullen,,4-2-3-1,David Coote,Match Report,20,5,18.9,1,0,0,Burnley,2024,March,27,Late season,False,False,0,-1.5
2024-03-10,14:00,Premier League,Matchweek 28,Sun,Away,D,2,2,West Ham United,0.7,2.1,48,62441.0,Josh Cullen,,4-2-3-1,Darren England,Match Report,11,4,24.8,1,0,0,Burnley,2024,March,28,Late season,False,False,1,1.3
2024-03-16,15:00,Premier League,Matchweek 29,Sat,Home,W,2,1,Brentford,2.8,1.1,60,20431.0,Josh Cullen,,,Darren Bond,Match Report,16,5,19.2,0,1,1,Burnley,2024,March,29,Late season,False,False,3,-0.8
2024-03-30,15:00,Premier League,Matchweek 30,Sat,Away,D,2,2,Chelsea,1.6,4.2,31,39535.0,Josh Cullen,,4-2-3-1,Darren England,Match Report,18,6,14.4,2,0,0,Burnley,2024,March,30,Late season,False,False,1,0.4
2024-04-02,19:45,Premier League,Matchweek 31,Tue,Home,D,1,1,Wolverhampton Wanderers,1.3,0.9,51,21528.0,Josh Cullen,,4-4-1-1,Thomas Bramall,Match Report,13,6,18.4,0,0,0,Burnley,2024,April,31,Late season,False,False,1,-0.3
2024-04-06,15:00,Premier League,Matchweek 32,Sat,Away,L,0,1,Everton,0.5,0.9,62,39125.0,Josh Cullen,,4-4-1-1,Michael Oliver,Match Report,6,1,16.5,1,0,0,Burnley,2024,April,32,Late season,False,False,0,-0.5
2024-04-13,15:00,Premier League,Matchweek 33,Sat,Home,D,1,1,Brighton And Hove Albion,1.7,0.9,44,20687.0,Josh Cullen,,4-2-3-1,Simon Hooper,Match Report,11,3,17.1,0,0,0,Burnley,2024,April,33,Late season,False,False,1,-0.7
2024-04-20,15:00,Premier League,Matchweek 34,Sat,Away,W,4,1,Sheffield United,2.2,2.4,51,28964.0,Josh Cullen,,4-2-3-1,Andy Madley,Match Report,16,9,16.0,0,0,0,Burnley,2024,April,34,Late season,False,False,3,1.8
2024-04-27,15:00,Premier League,Matchweek 35,Sat,Away,D,1,1,Manchester United,2.1,2.7,52,73571.0,Josh Cullen,,4-2-3-1,John Brooks,Match Report,15,6,19.3,1,1,1,Burnley,2024,April,35,Late season,False,False,1,-1.1
2024-05-04,15:00,Premier League,Matchweek 36,Sat,Home,L,1,4,Newcastle United,1.0,3.4,47,21781.0,Josh Brownhill,4-2-3-1,,Anthony Taylor,Match Report,17,5,18.2,0,0,0,Burnley,2024,May,36,Late season,False,False,0,0.0
2024-05-11,15:00,Premier League,Matchweek 37,Sat,Away,L,1,2,Tottenham Hotspur,0.7,2.7,37,61148.0,Josh Cullen,,,Jarred Gillett,Match Report,7,3,11.8,0,0,0,Burnley,2024,May,37,Late season,False,False,0,0.3
2024-05-19,16:00,Premier League,Matchweek 38,Sun,Home,L,1,2,Nottingham Forest,1.2,1.7,72,21109.0,Josh Cullen,,4-2-3-1,Graham Scott,Match Report,20,3,22.4,1,0,0,Burnley,2024,May,38,Late season,False,False,0,-0.2
2020-09-14,20:15,Premier League,Matchweek 1,Mon,Away,W,3,1,Brighton And Hove Albion,1.2,1.1,48,,Jorginho,4-2-2-2,,Craig Pawson,Match Report,9,4,21.3,0,1,1,Chelsea,2021,September,1,Early season,False,,3,1.8
2020-09-20,16:30,Premier League,Matchweek 2,Sun,Home,L,0,2,Liverpool,0.9,2.1,39,,Jorginho,,,Paul Tierney,Match Report,4,2,22.7,0,0,1,Chelsea,2021,September,2,Early season,False,,0,-0.9
2020-09-26,17:30,Premier League,Matchweek 3,Sat,Away,D,3,3,West Bromwich Albion,2.0,0.6,75,,Thiago Silva,4-2-3-1,,Jonathan Moss,Match Report,22,10,19.4,1,0,0,Chelsea,2021,September,3,Early season,False,,1,1.0
2020-10-03,12:30,Premier League,Matchweek 4,Sat,Home,W,4,0,Crystal Palace,2.7,0.2,70,,César Azpilicueta,4-2-3-1,,Michael Oliver,Match Report,15,4,17.2,0,2,2,Chelsea,2021,October,4,Early season,False,,3,1.3
2020-10-17,15:00,Premier League,Matchweek 5,Sat,Home,D,3,3,Southampton,1.8,1.9,53,,César Azpilicueta,4-2-3-1,,Peter Bankes,Match Report,11,5,11.3,0,0,0,Chelsea,2021,October,5,Early season,False,,1,1.2
2020-10-24,17:30,Premier League,Matchweek 6,Sat,Away,D,0,0,Manchester United,0.2,0.6,49,,César Azpilicueta,,4-2-3-1,Martin Atkinson,Match Report,6,1,20.3,0,0,0,Chelsea,2021,October,6,Early season,False,,1,-0.2
2020-10-31,15:00,Premier League,Matchweek 7,Sat,Away,W,3,0,Burnley,0.9,0.5,63,,Thiago Silva,,,David Coote,Match Report,14,9,18.9,1,0,0,Chelsea,2021,October,7,Early season,False,,3,2.1
2020-11-07,17:30,Premier League,Matchweek 8,Sat,Home,W,4,1,Sheffield United,2.2,0.4,69,,Thiago Silva,,,Jonathan Moss,Match Report,20,9,17.0,1,0,0,Chelsea,2021,November,8,Early season,False,,3,1.8
2020-11-21,12:30,Premier League,Matchweek 9,Sat,Away,W,2,0,Newcastle United,1.5,0.3,70,,N'Golo Kanté,,,Craig Pawson,Match Report,14,3,18.5,0,0,0,Chelsea,2021,November,9,Early season,False,,3,0.5
2020-11-29,16:30,Premier League,Matchweek 10,Sun,Home,D,0,0,Tottenham Hotspur,0.8,0.2,60,,Thiago Silva,,4-2-3-1,Paul Tierney,Match Report,13,3,17.3,0,0,0,Chelsea,2021,November,10,Early season,False,,1,-0.8
2020-12-05,20:00,Premier League,Matchweek 11,Sat,Home,W,3,1,Leeds United,4.1,0.8,46,2000.0,Thiago Silva,,4-4-1-1,Kevin Friend,Match Report,23,10,11.6,0,0,0,Chelsea,2021,December,11,Early season,False,True,3,-1.1
2020-12-12,20:00,Premier League,Matchweek 12,Sat,Away,L,0,1,Everton,0.7,1.2,71,2000.0,Thiago Silva,,,Jonathan Moss,Match Report,10,3,20.3,2,0,0,Chelsea,2021,December,12,Early season,False,True,0,-0.7
2020-12-15,18:00,Premier League,Matchweek 13,Tue,Away,L,1,2,Wolverhampton Wanderers,1.0,0.5,55,,Thiago Silva,,3-4-1-2,Stuart Attwell,Match Report,13,3,18.5,1,0,0,Chelsea,2021,December,13,Early season,False,,0,0.0
2020-12-21,20:00,Premier League,Matchweek 14,Mon,Home,W,3,0,West Ham United,2.0,0.4,53,,César Azpilicueta,,4-2-3-1,Chris Kavanagh,Match Report,11,7,14.1,0,0,0,Chelsea,2021,December,14,Mid season,False,,3,1.0
2020-12-26,17:30,Premier League,Matchweek 15,Sat,Away,L,1,3,Arsenal,2.6,2.0,60,,Thiago Silva,,4-2-3-1,Michael Oliver,Match Report,18,2,16.8,1,0,1,Chelsea,2021,December,15,Mid season,False,,0,-1.6
2020-12-28,17:30,Premier League,Matchweek 16,Mon,Home,D,1,1,Aston Villa,1.7,0.7,63,,César Azpilicueta,,4-2-3-1,Stuart Attwell,Match Report,16,5,17.1,0,0,0,Chelsea,2021,December,16,Mid season,False,,1,-0.7
2021-01-03,16:30,Premier League,Matchweek 17,Sun,Home,L,1,3,Manchester City,0.8,2.7,54,,César Azpilicueta,,,Anthony Taylor,Match Report,9,2,17.0,1,0,0,Chelsea,2021,January,17,Mid season,False,,0,0.2
2021-01-16,17:30,Premier League,Matchweek 19,Sat,Away,W,1,0,Fulham,1.6,0.7,69,,César Azpilicueta,,,Peter Bankes,Match Report,21,6,18.6,0,0,0,Chelsea,2021,January,19,Mid season,False,,3,-0.6
2021-01-19,20:15,Premier League,Matchweek 18,Tue,Away,L,0,2,Leicester City,0.7,1.4,64,,Thiago Silva,4-2-3-1,4-1-4-1,Craig Pawson,Match Report,9,5,12.7,1,0,0,Chelsea,2021,January,18,Mid season,False,,0,-0.7
2021-01-27,18:00,Premier League,Matchweek 20,Wed,Home,D,0,0,Wolverhampton Wanderers,0.7,0.5,78,,César Azpilicueta,,3-4-1-2,Andy Madley,Match Report,14,5,16.5,0,0,0,Chelsea,2021,January,20,Mid season,False,,1,-0.7
2021-01-31,12:00,Premier League,Matchweek 21,Sun,Home,W,2,0,Burnley,1.2,0.2,70,,César Azpilicueta,,,Graham Scott,Match Report,19,8,16.7,0,0,0,Chelsea,2021,January,21,Mid season,False,,3,0.8
2021-02-04,20:00,Premier League,Matchweek 22,Thu,Away,W,1,0,Tottenham Hotspur,1.6,0.6,58,,César Azpilicueta,3-4-1-2,4-2-2-2,Andre Marriner,Match Report,15,1,18.0,0,1,1,Chelsea,2021,February,22,Mid season,False,,3,-0.6
2021-02-07,19:15,Premier League,Matchweek 23,Sun,Away,W,2,1,Sheffield United,1.6,0.6,68,,César Azpilicueta,,,Kevin Friend,Match Report,8,1,20.3,0,1,1,Chelsea,2021,February,23,Mid season,False,,3,0.4
2021-02-15,20:00,Premier League,Matchweek 24,Mon,Home,W,2,0,Newcastle United,2.2,0.6,64,,César Azpilicueta,,,Peter Bankes,Match Report,18,5,14.2,0,0,0,Chelsea,2021,February,24,Mid season,False,,3,-0.2
2021-02-20,12:30,Premier League,Matchweek 25,Sat,Away,D,1,1,Southampton,1.2,0.6,70,,César Azpilicueta,,,Anthony Taylor,Match Report,8,2,19.6,1,1,1,Chelsea,2021,February,25,Mid season,False,,1,-0.2
2021-02-28,16:30,Premier League,Matchweek 26,Sun,Home,D,0,0,Manchester United,1.1,0.4,57,,César Azpilicueta,,4-2-3-1,Stuart Attwell,Match Report,18,6,21.9,0,0,0,Chelsea,2021,February,26,Late season,False,,1,-1.1
2021-03-04,20:15,Premier League,Matchweek 29,Thu,Away,W,1,0,Liverpool,1.0,0.3,46,,César Azpilicueta,,,Martin Atkinson,Match Report,11,4,17.7,0,0,0,Chelsea,2021,March,29,Late season,False,,3,0.0
2021-03-08,18:00,Premier League,Matchweek 27,Mon,Home,W,2,0,Everton,2.4,0.3,65,,César Azpilicueta,,3-4-1-2,David Coote,Match Report,18,8,20.2,1,1,1,Chelsea,2021,March,27,Late season,False,,3,-0.4
2021-03-13,12:30,Premier League,Matchweek 28,Sat,Away,D,0,0,Leeds United,1.0,0.4,62,,César Azpilicueta,4-2-3-1,4-1-4-1,Kevin Friend,Match Report,15,8,17.6,0,0,0,Chelsea,2021,March,28,Late season,False,,1,-1.0
2021-04-03,12:30,Premier League,Matchweek 30,Sat,Home,L,2,5,West Bromwich Albion,2.1,1.6,65,,César Azpilicueta,,,David Coote,Match Report,18,7,16.1,2,0,0,Chelsea,2021,April,30,Late season,False,,0,-0.1
2021-04-10,17:30,Premier League,Matchweek 31,Sat,Away,W,4,1,Crystal Palace,3.1,0.4,64,,César Azpilicueta,,,Michael Oliver,Match Report,23,9,13.6,0,0,0,Chelsea,2021,April,31,Late season,False,,3,0.9
2021-04-20,20:15,Premier League,Matchweek 32,Tue,Home,D,0,0,Brighton And Hove Albion,0.7,0.5,64,,Jorginho,,3-1-4-2,Stuart Attwell,Match Report,7,4,16.9,0,0,0,Chelsea,2021,April,32,Late season,False,,1,-0.7
2021-04-24,17:30,Premier League,Matchweek 33,Sat,Away,W,1,0,West Ham United,2.5,0.4,55,,César Azpilicueta,,3-4-1-2,Chris Kavanagh,Match Report,17,6,18.8,1,0,0,Chelsea,2021,April,33,Late season,False,,3,-1.5
2021-05-01,17:30,Premier League,Matchweek 34,Sat,Home,W,2,0,Fulham,1.7,0.3,49,,Thiago Silva,,4-2-3-1,Kevin Friend,Match Report,9,5,14.4,1,0,0,Chelsea,2021,May,34,Late season,False,,3,0.3
2021-05-08,17:30,Premier League,Matchweek 35,Sat,Away,W,2,1,Manchester City,0.7,1.8,52,,César Azpilicueta,,3-1-4-2,Anthony Taylor,Match Report,12,5,22.3,1,0,0,Chelsea,2021,May,35,Late season,False,,3,1.3
2021-05-12,20:15,Premier League,Matchweek 36,Wed,Home,L,0,1,Arsenal,1.8,0.6,67,,César Azpilicueta,,,Andre Marriner,Match Report,19,4,15.0,0,0,0,Chelsea,2021,May,36,Late season,False,,0,-1.8
2021-05-18,20:15,Premier League,Matchweek 37,Tue,Home,W,2,1,Leicester City,3.1,0.8,58,8000.0,César Azpilicueta,,,Mike Dean,Match Report,16,5,13.8,0,1,1,Chelsea,2021,May,37,Late season,False,False,3,-1.1
2021-05-23,16:00,Premier League,Matchweek 38,Sun,Away,L,1,2,Aston Villa,3.3,1.1,71,10000.0,César Azpilicueta,,4-2-3-1,Stuart Attwell,Match Report,23,7,15.9,0,0,0,Chelsea,2021,May,38,Late season,False,False,0,-2.3
2021-08-14,15:00,Premier League,Matchweek 1,Sat,Home,W,3,0,Crystal Palace,0.7,0.2,62,38965.0,César Azpilicueta,,,Jonathan Moss,Match Report,13,6,21.0,4,0,0,Chelsea,2022,August,1,Early season,False,False,3,2.3
2021-08-22,16:30,Premier League,Matchweek 2,Sun,Away,W,2,0,Arsenal,3.1,0.3,65,58729.0,César Azpilicueta,,4-2-3-1,Paul Tierney,Match Report,22,5,16.0,0,0,0,Chelsea,2022,August,2,Early season,False,False,3,-1.1
2021-08-28,17:30,Premier League,Matchweek 3,Sat,Away,D,1,1,Liverpool,0.6,2.5,35,54000.0,César Azpilicueta,,,Anthony Taylor,Match Report,6,3,12.5,0,0,0,Chelsea,2022,August,3,Early season,False,False,1,0.4
2021-09-11,17:30,Premier League,Matchweek 4,Sat,Home,W,3,0,Aston Villa,1.3,1.2,57,39969.0,Marcos Alonso,,,Stuart Attwell,Match Report,12,4,22.6,0,0,0,Chelsea,2022,September,4,Early season,False,False,3,1.7
2021-09-19,16:30,Premier League,Matchweek 5,Sun,Away,W,3,0,Tottenham Hotspur,2.1,0.5,53,60059.0,César Azpilicueta,,4-3-2-1,Paul Tierney,Match Report,20,9,14.5,0,0,0,Chelsea,2022,September,5,Early season,False,False,3,0.9
2021-09-25,12:30,Premier League,Matchweek 6,Sat,Home,L,0,1,Manchester City,0.2,1.7,41,40036.0,César Azpilicueta,,,Michael Oliver,Match Report,5,0,27.9,1,0,0,Chelsea,2022,September,6,Early season,False,False,0,-0.2
2021-10-02,15:00,Premier League,Matchweek 7,Sat,Home,W,3,1,Southampton,3.3,1.3,62,40109.0,César Azpilicueta,,,Martin Atkinson,Match Report,20,9,12.8,0,0,0,Chelsea,2022,October,7,Early season,False,False,3,-0.3
2021-10-16,17:30,Premier League,Matchweek 8,Sat,Away,W,1,0,Brentford,0.3,1.4,55,16940.0,César Azpilicueta,,,Anthony Taylor,Match Report,5,1,24.7,2,0,0,Chelsea,2022,October,8,Early season,False,False,3,0.7
2021-10-23,12:30,Premier League,Matchweek 9,Sat,Home,W,7,0,Norwich City,3.1,0.1,62,40113.0,Jorginho,,,Andy Madley,Match Report,22,12,19.8,0,1,1,Chelsea,2022,October,9,Early season,False,False,3,3.9
2021-10-30,15:00,Premier League,Matchweek 10,Sat,Away,W,3,0,Newcastle United,2.2,0.2,79,52208.0,Jorginho,,,Paul Tierney,Match Report,18,5,20.5,1,1,1,Chelsea,2022,October,10,Early season,False,False,3,0.8
2021-11-06,15:00,Premier League,Matchweek 11,Sat,Home,D,1,1,Burnley,1.8,0.7,70,39798.0,Jorginho,3-4-1-2,,Andre Marriner,Match Report,25,4,16.0,0,0,0,Chelsea,2022,November,11,Early season,False,False,1,-0.8
2021-11-20,12:30,Premier League,Matchweek 12,Sat,Away,W,3,0,Leicester City,2.0,0.4,61,35497.0,Jorginho,,,Paul Tierney,Match Report,16,7,16.7,2,0,0,Chelsea,2022,November,12,Early season,False,False,3,1.0
2021-11-28,16:30,Premier League,Matchweek 13,Sun,Home,D,1,1,Manchester United,2.7,0.9,65,40041.0,Jorginho,,4-3-1-2,Anthony Taylor,Match Report,23,5,16.8,0,1,1,Chelsea,2022,November,13,Early season,False,False,1,-1.7
2021-12-01,19:30,Premier League,Matchweek 14,Wed,Away,W,2,1,Watford,0.9,1.0,49,20388.0,César Azpilicueta,,4-1-4-1,David Coote,Match Report,8,4,15.1,0,0,0,Chelsea,2022,December,14,Mid season,False,False,3,1.1
2021-12-04,12:30,Premier League,Matchweek 15,Sat,Away,L,2,3,West Ham United,1.1,1.8,63,59942.0,Jorginho,,,Andre Marriner,Match Report,19,7,17.5,0,0,0,Chelsea,2022,December,15,Mid season,False,False,0,0.9
2021-12-11,15:00,Premier League,Matchweek 16,Sat,Home,W,3,2,Leeds United,2.5,1.4,57,39959.0,César Azpilicueta,,4-3-1-2,Chris Kavanagh,Match Report,14,4,20.0,2,2,2,Chelsea,2022,December,16,Mid season,False,False,3,0.5
2021-12-16,19:45,Premier League,Matchweek 17,Thu,Home,D,1,1,Everton,2.9,0.6,80,13933.0,César Azpilicueta,,,Michael Oliver,Match Report,23,10,14.7,2,0,0,Chelsea,2022,December,17,Mid season,False,False,1,-1.9
2021-12-19,14:00,Premier League,Matchweek 18,Sun,Away,D,0,0,Wolverhampton Wanderers,0.9,0.2,63,30631.0,César Azpilicueta,,,David Coote,Match Report,8,1,14.9,0,0,0,Chelsea,2022,December,18,Mid season,False,False,1,-0.9
2021-12-26,17:30,Premier League,Matchweek 19,Sun,Away,W,3,1,Aston Villa,2.6,0.4,58,41907.0,Jorginho,,4-3-1-2,Martin Atkinson,Match Report,8,2,17.6,1,2,2,Chelsea,2022,December,19,Mid season,False,False,3,0.4
2021-12-29,19:30,Premier League,Matchweek 20,Wed,Home,D,1,1,Brighton And Hove Albion,0.7,0.9,47,40080.0,César Azpilicueta,,,Mike Dean,Match Report,11,5,13.6,0,0,0,Chelsea,2022,December,20,Mid season,False,False,1,0.3
2022-01-02,16:30,Premier League,Matchweek 21,Sun,Home,D,2,2,Liverpool,1.2,1.3,54,40072.0,César Azpilicueta,,,Anthony Taylor,Match Report,15,6,18.0,3,0,0,Chelsea,2022,January,21,Mid season,False,False,1,0.8
2022-01-15,12:30,Premier League,Matchweek 22,Sat,Away,L,0,1,Manchester City,0.3,1.0,44,53319.0,César Azpilicueta,,4-2-3-1,Craig Pawson,Match Report,4,1,19.1,0,0,0,Chelsea,2022,January,22,Mid season,False,False,0,-0.3
2022-01-18,20:00,Premier League,Matchweek 24,Tue,Away,D,1,1,Brighton And Hove Albion,0.7,0.7,56,30880.0,César Azpilicueta,4-2-2-2,4-1-4-1,Kevin Friend,Match Report,15,3,21.1,1,0,0,Chelsea,2022,January,24,Mid season,False,False,1,0.3
2022-01-23,16:30,Premier League,Matchweek 23,Sun,Home,W,2,0,Tottenham Hotspur,1.2,0.5,64,40020.0,César Azpilicueta,,,Paul Tierney,Match Report,15,7,15.9,0,0,0,Chelsea,2022,January,23,Mid season,False,False,3,0.8
2022-02-19,15:00,Premier League,Matchweek 26,Sat,Away,W,1,0,Crystal Palace,0.9,0.5,58,25109.0,Jorginho,,4-2-3-1,David Coote,Match Report,9,3,17.0,1,0,0,Chelsea,2022,February,26,Late season,False,False,3,0.1
2022-03-05,15:00,Premier League,Matchweek 28,Sat,Away,W,4,0,Burnley,2.3,0.7,72,19439.0,Jorginho,,,Andre Marriner,Match Report,11,5,18.1,0,0,0,Chelsea,2022,March,28,Late season,False,False,3,1.7
2022-03-10,19:30,Premier League,Matchweek 30,Thu,Away,W,3,1,Norwich City,1.8,1.0,66,26684.0,César Azpilicueta,,,Martin Atkinson,Match Report,15,7,12.7,1,0,0,Chelsea,2022,March,30,Late season,False,False,3,1.2
2022-03-13,14:00,Premier League,Matchweek 29,Sun,Home,W,1,0,Newcastle United,1.1,0.3,71,40026.0,Jorginho,,,David Coote,Match Report,8,3,16.4,1,0,0,Chelsea,2022,March,29,Late season,False,False,3,-0.1
2022-04-02,15:00,Premier League,Matchweek 31,Sat,Home,L,1,4,Brentford,1.3,1.8,70,39061.0,César Azpilicueta,,,Andy Madley,Match Report,21,8,20.1,0,0,0,Chelsea,2022,April,31,Late season,False,False,0,-0.3
2022-04-09,15:00,Premier League,Matchweek 32,Sat,Away,W,6,0,Southampton,4.2,0.5,70,31359.0,N'Golo Kanté,3-4-1-2,,Kevin Friend,Match Report,24,14,15.3,0,0,0,Chelsea,2022,April,32,Late season,False,False,3,1.8
2022-04-20,19:45,Premier League,Matchweek 25,Wed,Home,L,2,4,Arsenal,0.7,2.0,67,32249.0,César Azpilicueta,3-4-1-2,4-2-3-1,Jonathan Moss,Match Report,11,2,15.9,0,0,0,Chelsea,2022,April,25,Mid season,False,False,0,1.3
2022-04-24,14:00,Premier League,Matchweek 34,Sun,Home,W,1,0,West Ham United,3.0,0.5,66,32231.0,César Azpilicueta,3-4-1-2,,Michael Oliver,Match Report,25,4,19.0,0,0,1,Chelsea,2022,April,34,Late season,False,False,3,-2.0
2022-04-28,19:45,Premier League,Matchweek 37,Thu,Away,D,1,1,Manchester United,1.9,0.5,64,73564.0,César Azpilicueta,3-4-1-2,4-2-3-1,Mike Dean,Match Report,21,6,17.4,0,0,0,Chelsea,2022,April,37,Late season,False,False,1,-0.9
2022-05-01,14:00,Premier League,Matchweek 35,Sun,Away,L,0,1,Everton,0.8,0.8,77,39256.0,César Azpilicueta,3-4-1-2,,Kevin Friend,Match Report,17,5,17.9,0,0,0,Chelsea,2022,May,35,Late season,False,False,0,-0.8
2022-05-07,15:00,Premier League,Matchweek 36,Sat,Home,D,2,2,Wolverhampton Wanderers,1.7,2.0,59,32190.0,César Azpilicueta,3-4-1-2,,Peter Bankes,Match Report,18,5,18.2,2,1,1,Chelsea,2022,May,36,Late season,False,False,1,0.3
2022-05-11,19:30,Premier League,Matchweek 33,Wed,Away,W,3,0,Leeds United,1.3,0.4,67,36549.0,Jorginho,,,Anthony Taylor,Match Report,17,3,16.9,0,0,0,Chelsea,2022,May,33,Late season,False,False,3,1.7
2022-05-19,20:00,Premier League,Matchweek 27,Thu,Home,D,1,1,Leicester City,1.6,0.1,67,31478.0,Jorginho,,3-1-4-2,Stuart Attwell,Match Report,20,7,20.0,2,0,0,Chelsea,2022,May,27,Late season,False,False,1,-0.6
2022-05-22,16:00,Premier League,Matchweek 38,Sun,Home,W,2,1,Watford,2.2,0.6,71,32089.0,César Azpilicueta,,,Mike Dean,Match Report,19,8,16.9,0,0,0,Chelsea,2022,May,38,Late season,False,False,3,-0.2
2022-08-06,17:30,Premier League,Matchweek 1,Sat,Away,W,1,0,Everton,1.5,0.7,62,39254.0,César Azpilicueta,,,Craig Pawson,Match Report,14,5,16.1,1,1,1,Chelsea,2023,August,1,Early season,False,False,3,-0.5
2022-08-14,16:30,Premier League,Matchweek 2,Sun,Home,D,2,2,Tottenham Hotspur,1.6,1.0,63,39946.0,Jorginho,,,Anthony Taylor,Match Report,16,3,17.2,0,0,0,Chelsea,2023,August,2,Early season,False,False,1,0.4
2022-08-21,14:00,Premier League,Matchweek 3,Sun,Away,L,0,3,Leeds United,0.9,2.1,61,36372.0,Jorginho,,4-2-3-1,Stuart Attwell,Match Report,14,3,19.8,0,0,0,Chelsea,2023,August,3,Early season,False,False,0,-0.9
2022-08-27,15:00,Premier League,Matchweek 4,Sat,Home,W,2,1,Leicester City,1.8,2.5,45,39953.0,Jorginho,,4-1-4-1,Paul Tierney,Match Report,7,4,14.6,0,0,0,Chelsea,2023,August,4,Early season,False,False,3,0.2
2022-08-30,19:45,Premier League,Matchweek 5,Tue,Away,L,1,2,Southampton,1.1,1.1,67,31542.0,César Azpilicueta,4-2-2-2,4-2-3-1,Michael Oliver,Match Report,10,4,14.5,0,0,0,Chelsea,2023,August,5,Early season,False,False,0,-0.1
2022-09-03,15:00,Premier League,Matchweek 6,Sat,Home,W,2,1,West Ham United,0.9,1.1,67,39923.0,Thiago Silva,3-1-4-2,3-4-1-2,Andy Madley,Match Report,8,3,17.2,0,0,0,Chelsea,2023,September,6,Early season,False,False,3,1.1
2022-10-01,15:00,Premier League,Matchweek 9,Sat,Away,W,2,1,Crystal Palace,1.1,0.4,64,25198.0,Jorginho,4-2-2-2,,Chris Kavanagh,Match Report,13,3,14.8,0,0,0,Chelsea,2023,October,9,Early season,False,False,3,0.9
2022-10-08,15:00,Premier League,Matchweek 10,Sat,Home,W,3,0,Wolverhampton Wanderers,1.9,1.1,57,39940.0,César Azpilicueta,4-2-3-1,4-2-3-1,Simon Hooper,Match Report,20,7,14.7,0,0,0,Chelsea,2023,October,10,Early season,False,False,3,1.1
2022-10-16,14:00,Premier League,Matchweek 11,Sun,Away,W,2,0,Aston Villa,0.9,1.8,58,41754.0,Thiago Silva,,,Robert Jones,Match Report,8,4,18.0,1,0,0,Chelsea,2023,October,11,Early season,False,False,3,1.1
2022-10-19,19:30,Premier League,Matchweek 12,Wed,Away,D,0,0,Brentford,0.9,1.3,66,17118.0,César Azpilicueta,3-5-1-1,,Jarred Gillett,Match Report,14,5,21.4,0,0,0,Chelsea,2023,October,12,Early season,False,False,1,-0.9
2022-10-22,17:30,Premier League,Matchweek 13,Sat,Home,D,1,1,Manchester United,1.1,0.8,48,39503.0,César Azpilicueta,,4-1-4-1,Stuart Attwell,Match Report,5,1,19.7,0,1,1,Chelsea,2023,October,13,Early season,False,False,1,-0.1
2022-10-29,15:00,Premier League,Matchweek 14,Sat,Away,L,1,4,Brighton And Hove Albion,1.4,2.4,59,31746.0,Thiago Silva,,4-2-3-1,Andy Madley,Match Report,15,7,18.3,0,0,0,Chelsea,2023,October,14,Mid season,False,False,0,-0.4
2022-11-06,12:00,Premier League,Matchweek 15,Sun,Home,L,0,1,Arsenal,0.3,2.1,45,40142.0,César Azpilicueta,4-2-3-1,,Michael Oliver,Match Report,5,1,16.0,0,0,0,Chelsea,2023,November,15,Mid season,False,False,0,-0.3
2022-11-12,17:30,Premier League,Matchweek 16,Sat,Away,L,0,1,Newcastle United,0.3,1.0,51,52264.0,César Azpilicueta,,,Robert Jones,Match Report,5,2,14.0,0,0,0,Chelsea,2023,November,16,Mid season,False,False,0,-0.3
2022-12-27,17:30,Premier League,Matchweek 17,Tue,Home,W,2,0,Bournemouth,1.8,0.5,60,40046.0,Jorginho,,,Simon Hooper,Match Report,15,5,15.7,0,0,0,Chelsea,2023,December,17,Mid season,False,False,3,0.2
2023-01-01,16:30,Premier League,Matchweek 18,Sun,Away,D,1,1,Nottingham Forest,0.9,1.4,71,29229.0,César Azpilicueta,,,Peter Bankes,Match Report,7,2,11.6,0,0,0,Chelsea,2023,January,18,Mid season,False,False,1,0.1
2023-01-05,20:00,Premier League,Matchweek 19,Thu,Home,L,0,1,Manchester City,0.4,2.0,48,39998.0,César Azpilicueta,4-2-3-1,3-2-4-1,Paul Tierney,Match Report,8,2,17.2,0,0,0,Chelsea,2023,January,19,Mid season,False,False,0,-0.4
2023-01-12,20:00,Premier League,Matchweek 7,Thu,Away,L,1,2,Fulham,2.1,1.0,52,24460.0,César Azpilicueta,,4-2-3-1,David Coote,Match Report,20,10,16.6,1,0,0,Chelsea,2023,January,7,Early season,False,False,0,-1.1
2023-01-15,14:00,Premier League,Matchweek 20,Sun,Home,W,1,0,Crystal Palace,1.5,0.7,61,40075.0,Jorginho,4-2-3-1,4-2-3-1,Peter Bankes,Match Report,15,5,14.8,0,0,0,Chelsea,2023,January,20,Mid season,False,False,3,-0.5
2023-01-21,12:30,Premier League,Matchweek 21,Sat,Away,D,0,0,Liverpool,1.6,1.4,52,53126.0,Jorginho,,,Michael Oliver,Match Report,11,2,13.8,0,0,0,Chelsea,2023,January,21,Mid season,False,False,1,-1.6
2023-02-03,20:00,Premier League,Matchweek 22,Fri,Home,D,0,0,Fulham,1.3,0.6,66,40041.0,Thiago Silva,,4-2-3-1,Stuart Attwell,Match Report,12,2,17.0,0,0,0,Chelsea,2023,February,22,Mid season,False,False,1,-1.3
2023-02-11,12:30,Premier League,Matchweek 23,Sat,Away,D,1,1,West Ham United,1.1,1.3,71,62471.0,Thiago Silva,4-2-3-1,,Craig Pawson,Match Report,12,4,18.0,2,0,0,Chelsea,2023,February,23,Mid season,False,False,1,-0.1
2023-02-18,15:00,Premier League,Matchweek 24,Sat,Home,L,0,1,Southampton,1.6,0.6,62,40152.0,César Azpilicueta,4-2-3-1,,David Coote,Match Report,17,4,17.0,1,0,0,Chelsea,2023,February,24,Mid season,False,False,0,-1.6
2023-02-26,13:30,Premier League,Matchweek 25,Sun,Away,L,0,2,Tottenham Hotspur,0.4,0.8,59,61613.0,Thiago Silva,4-2-3-1,,Stuart Attwell,Match Report,10,2,23.8,0,0,0,Chelsea,2023,February,25,Mid season,False,False,0,-0.4
2023-03-04,15:00,Premier League,Matchweek 26,Sat,Home,W,1,0,Leeds United,1.5,1.0,57,39905.0,Mateo Kovačić,,4-2-3-1,Michael Oliver,Match Report,13,3,15.8,1,0,0,Chelsea,2023,March,26,Late season,False,False,3,-0.5
2023-03-11,15:00,Premier League,Matchweek 27,Sat,Away,W,3,1,Leicester City,1.6,2.4,52,32170.0,Mateo Kovačić,,,Andre Marriner,Match Report,12,6,15.1,0,0,0,Chelsea,2023,March,27,Late season,False,False,3,1.4
2023-03-18,17:30,Premier League,Matchweek 28,Sat,Home,D,2,2,Everton,2.3,1.2,68,40025.0,Mateo Kovačić,,,Darren England,Match Report,19,6,17.1,0,1,1,Chelsea,2023,March,28,Late season,False,False,1,-0.3
2023-04-01,17:30,Premier League,Matchweek 29,Sat,Home,L,0,2,Aston Villa,2.1,0.9,69,40082.0,Mateo Kovačić,,,Andy Madley,Match Report,27,7,16.3,0,0,0,Chelsea,2023,April,29,Late season,False,False,0,-2.1
2023-04-04,20:00,Premier League,Matchweek 8,Tue,Home,D,0,0,Liverpool,2.2,0.3,49,40093.0,N'Golo Kanté,,,Anthony Taylor,Match Report,12,2,16.1,0,0,0,Chelsea,2023,April,8,Early season,False,False,1,-2.2
2023-04-08,15:00,Premier League,Matchweek 30,Sat,Away,L,0,1,Wolverhampton Wanderers,1.1,0.6,62,31614.0,Mateo Kovačić,,,Peter Bankes,Match Report,13,1,16.7,0,0,0,Chelsea,2023,April,30,Late season,False,False,0,-1.1
2023-04-15,15:00,Premier League,Matchweek 31,Sat,Home,L,1,2,Brighton And Hove Albion,0.5,2.9,43,40126.0,Kepa Arrizabalaga,4-2-3-1,4-2-3-1,Robert Jones,Match Report,8,2,18.9,0,0,0,Chelsea,2023,April,31,Late season,False,False,0,0.5
2023-04-26,19:45,Premier League,Matchweek 33,Wed,Home,L,0,2,Brentford,1.3,1.1,71,39929.0,César Azpilicueta,,,Andy Madley,Match Report,15,4,16.5,0,0,0,Chelsea,2023,April,33,Late season,False,False,0,-1.3
2023-05-02,20:00,Premier League,Matchweek 34,Tue,Away,L,1,3,Arsenal,0.8,1.7,45,60144.0,César Azpilicueta,,,Robert Jones,Match Report,7,4,17.2,0,0,0,Chelsea,2023,May,34,Late season,False,False,0,0.2
2023-05-06,15:00,Premier League,Matchweek 35,Sat,Away,W,3,1,Bournemouth,1.3,1.2,65,10357.0,Thiago Silva,,4-2-3-1,John Brooks,Match Report,11,5,16.9,0,0,0,Chelsea,2023,May,35,Late season,False,False,3,1.7
2023-05-13,15:00,Premier League,Matchweek 36,Sat,Home,D,2,2,Nottingham Forest,1.2,1.3,75,40030.0,Thiago Silva,,,Paul Tierney,Match Report,14,6,17.4,1,0,0,Chelsea,2023,May,36,Late season,False,False,1,0.8
2023-05-21,16:00,Premier League,Matchweek 37,Sun,Away,L,0,1,Manchester City,1.2,1.2,36,53490.0,César Azpilicueta,3-4-1-2,,Michael Oliver,Match Report,13,6,15.7,1,0,0,Chelsea,2023,May,37,Late season,False,False,0,-1.2
2023-05-25,20:00,Premier League,Matchweek 32,Thu,Away,L,1,4,Manchester United,1.9,5.2,58,73561.0,César Azpilicueta,,4-2-3-1,Stuart Attwell,Match Report,14,5,19.2,0,0,0,Chelsea,2023,May,32,Late season,False,False,0,-0.9
2023-05-28,16:30,Premier League,Matchweek 38,Sun,Home,D,1,1,Newcastle United,2.2,1.7,64,40130.0,César Azpilicueta,4-2-3-1,,Jarred Gillett,Match Report,22,4,17.8,1,0,0,Chelsea,2023,May,38,Late season,False,False,1,-1.2
2023-08-13,16:30,Premier League,Matchweek 1,Sun,Home,D,1,1,Liverpool,1.4,1.3,65,40096.0,Reece James,,,Anthony Taylor,Match Report,10,4,13.2,1,0,0,Chelsea,2024,August,1,Early season,False,False,1,-0.4
2023-08-20,16:30,Premier League,Matchweek 2,Sun,Away,L,1,3,West Ham United,2.5,1.8,75,62451.0,Ben Chilwell,,4-2-3-1,John Brooks,Match Report,16,3,17.1,0,0,1,Chelsea,2024,August,2,Early season,False,False,0,-1.5
2023-08-25,20:00,Premier League,Matchweek 3,Fri,Home,W,3,0,Luton Town,2.2,0.4,67,39893.0,Ben Chilwell,,,Robert Jones,Match Report,19,8,14.2,1,0,0,Chelsea,2024,August,3,Early season,False,False,3,0.8
2023-09-02,15:00,Premier League,Matchweek 4,Sat,Home,L,0,1,Nottingham Forest,2.3,0.8,75,39820.0,Ben Chilwell,,,Tim Robinson,Match Report,21,2,17.7,2,0,0,Chelsea,2024,September,4,Early season,False,False,0,-2.3
2023-09-17,14:00,Premier League,Matchweek 5,Sun,Away,D,0,0,Bournemouth,1.8,1.0,64,10421.0,Conor Gallagher,4-2-3-1,4-2-3-1,David Coote,Match Report,14,6,15.0,1,0,0,Chelsea,2024,September,5,Early season,False,False,1,-1.8
2023-09-24,14:00,Premier League,Matchweek 6,Sun,Home,L,0,1,Aston Villa,1.3,1.0,53,39700.0,Conor Gallagher,4-2-3-1,4-2-3-1,Jarred Gillett,Match Report,10,4,17.8,0,0,0,Chelsea,2024,September,6,Early season,False,False,0,-1.3
2023-10-02,20:00,Premier League,Matchweek 7,Mon,Away,W,2,0,Fulham,1.7,1.1,44,24445.0,Conor Gallagher,,,Tim Robinson,Match Report,11,4,19.8,1,0,0,Chelsea,2024,October,7,Early season,False,False,3,0.3
2023-10-07,15:00,Premier League,Matchweek 8,Sat,Away,W,4,1,Burnley,1.9,0.7,62,21654.0,Conor Gallagher,,,Stuart Attwell,Match Report,8,4,18.1,0,1,1,Chelsea,2024,October,8,Early season,False,False,3,2.1
2023-10-21,17:30,Premier League,Matchweek 9,Sat,Home,D,2,2,Arsenal,1.3,1.0,44,39723.0,Conor Gallagher,4-2-3-1,,Chris Kavanagh,Match Report,10,4,20.4,0,1,1,Chelsea,2024,October,9,Early season,False,False,1,0.7
2023-10-28,12:30,Premier League,Matchweek 10,Sat,Home,L,0,2,Brentford,1.9,2.2,68,39575.0,Conor Gallagher,4-2-3-1,,Simon Hooper,Match Report,17,2,16.1,1,0,0,Chelsea,2024,October,10,Early season,False,False,0,-1.9
2023-11-06,20:00,Premier League,Matchweek 11,Mon,Away,W,4,1,Tottenham Hotspur,4.1,0.9,60,61726.0,Reece James,4-2-3-1,4-2-3-1,Michael Oliver,Match Report,16,6,16.8,0,1,1,Chelsea,2024,November,11,Early season,False,False,3,-0.1
2023-11-12,16:30,Premier League,Matchweek 12,Sun,Home,D,4,4,Manchester City,2.9,2.9,45,39532.0,Reece James,4-2-3-1,3-2-4-1,Anthony Taylor,Match Report,16,8,19.1,1,1,1,Chelsea,2024,November,12,Early season,False,False,1,1.1
2023-11-25,15:00,Premier League,Matchweek 13,Sat,Away,L,1,4,Newcastle United,0.5,2.4,46,52227.0,Reece James,4-2-3-1,,Simon Hooper,Match Report,7,4,18.4,2,0,0,Chelsea,2024,November,13,Early season,False,False,0,0.5
2023-12-03,14:00,Premier League,Matchweek 14,Sun,Home,W,3,2,Brighton And Hove Albion,2.1,1.1,32,39647.0,Conor Gallagher,4-2-3-1,4-2-3-1,Craig Pawson,Match Report,7,3,19.6,0,1,1,Chelsea,2024,December,14,Mid season,False,False,3,0.9
2023-12-06,20:15,Premier League,Matchweek 15,Wed,Away,L,1,2,Manchester United,1.5,4.1,55,73607.0,Levi Colwill,4-2-3-1,4-2-3-1,Chris Kavanagh,Match Report,13,3,15.0,0,0,0,Chelsea,2024,December,15,Mid season,False,False,0,-0.5
2023-12-10,14:00,Premier League,Matchweek 16,Sun,Away,L,0,2,Everton,0.9,1.2,71,39280.0,Reece James,4-2-3-1,4-4-1-1,Michael Oliver,Match Report,16,4,18.5,1,0,0,Chelsea,2024,December,16,Mid season,False,False,0,-0.9
2023-12-16,15:00,Premier League,Matchweek 17,Sat,Home,W,2,0,Sheffield United,3.1,0.4,78,39599.0,Conor Gallagher,4-2-3-1,4-1-4-1,Andy Madley,Match Report,15,6,17.2,1,0,0,Chelsea,2024,December,17,Mid season,False,False,3,-1.1
2023-12-24,13:00,Premier League,Matchweek 18,Sun,Away,L,1,2,Wolverhampton Wanderers,2.0,1.3,68,31641.0,Conor Gallagher,4-2-3-1,,David Coote,Match Report,16,4,17.4,1,0,0,Chelsea,2024,December,18,Mid season,False,False,0,-1.0
2023-12-27,19:30,Premier League,Matchweek 19,Wed,Home,W,2,1,Crystal Palace,2.6,1.1,63,39618.0,Conor Gallagher,4-2-3-1,,Michael Salisbury,Match Report,8,2,15.3,0,1,1,Chelsea,2024,December,19,Mid season,False,False,3,-0.6
2023-12-30,12:30,Premier League,Matchweek 20,Sat,Away,W,3,2,Luton Town,1.5,2.3,48,11041.0,Conor Gallagher,4-2-3-1,,Paul Tierney,Match Report,12,8,17.5,0,0,0,Chelsea,2024,December,20,Mid season,False,False,3,1.5
2024-01-13,12:30,Premier League,Matchweek 21,Sat,Home,W,1,0,Fulham,2.2,0.8,55,39643.0,Conor Gallagher,4-2-3-1,4-2-3-1,Anthony Taylor,Match Report,16,2,17.5,0,1,1,Chelsea,2024,January,21,Mid season,False,False,3,-1.2
2024-01-31,20:15,Premier League,Matchweek 22,Wed,Away,L,1,4,Liverpool,0.6,2.9,50,57524.0,Ben Chilwell,4-2-3-1,,Paul Tierney,Match Report,4,3,18.8,0,0,0,Chelsea,2024,January,22,Mid season,False,False,0,0.4
2024-02-04,14:00,Premier League,Matchweek 23,Sun,Home,L,2,4,Wolverhampton Wanderers,1.7,2.0,64,39628.0,Ben Chilwell,4-2-3-1,,Tim Robinson,Match Report,15,4,14.5,0,0,0,Chelsea,2024,February,23,Mid season,False,False,0,0.3
2024-02-12,20:00,Premier League,Matchweek 24,Mon,Away,W,3,1,Crystal Palace,1.4,0.6,77,25110.0,Ben Chilwell,4-2-3-1,4-1-4-1,Michael Oliver,Match Report,14,5,15.3,0,0,0,Chelsea,2024,February,24,Mid season,False,False,3,1.6
2024-02-17,17:30,Premier League,Matchweek 25,Sat,Away,D,1,1,Manchester City,1.4,2.6,30,52178.0,Ben Chilwell,4-2-3-1,4-1-4-1,Andy Madley,Match Report,9,6,12.8,0,0,0,Chelsea,2024,February,25,Mid season,False,False,1,-0.4
2024-03-02,15:00,Premier League,Matchweek 27,Sat,Away,D,2,2,Brentford,1.8,1.8,67,17140.0,Ben Chilwell,,,Jarred Gillett,Match Report,17,5,19.5,0,0,0,Chelsea,2024,March,27,Late season,False,False,1,0.2
2024-03-11,20:00,Premier League,Matchweek 28,Mon,Home,W,3,2,Newcastle United,1.6,0.7,44,37753.0,Conor Gallagher,4-2-3-1,,John Brooks,Match Report,12,7,19.7,0,0,0,Chelsea,2024,March,28,Late season,False,False,3,1.4
2024-03-30,15:00,Premier League,Matchweek 30,Sat,Home,D,2,2,Burnley,4.2,1.6,69,39535.0,Conor Gallagher,4-2-3-1,,Darren England,Match Report,32,12,17.8,0,1,1,Chelsea,2024,March,30,Late season,False,False,1,-2.2
2024-04-04,20:15,Premier League,Matchweek 31,Thu,Home,W,4,3,Manchester United,3.0,1.5,57,39694.0,Conor Gallagher,4-2-3-1,4-2-3-1,Jarred Gillett,Match Report,26,8,19.0,1,2,2,Chelsea,2024,April,31,Late season,False,False,3,1.0
2024-04-07,17:30,Premier League,Matchweek 32,Sun,Away,D,2,2,Sheffield United,0.3,1.4,68,28638.0,Conor Gallagher,4-2-3-1,,Robert Jones,Match Report,6,3,18.5,0,0,0,Chelsea,2024,April,32,Late season,False,False,1,1.7
2024-04-15,20:00,Premier League,Matchweek 33,Mon,Home,W,6,0,Everton,3.1,1.5,58,39392.0,Conor Gallagher,4-2-3-1,4-4-1-1,Paul Tierney,Match Report,13,9,18.8,0,1,1,Chelsea,2024,April,33,Late season,False,False,3,2.9
2024-04-23,20:00,Premier League,Matchweek 29,Tue,Away,L,0,5,Arsenal,1.6,3.3,55,60238.0,Conor Gallagher,4-2-3-1,,Simon Hooper,Match Report,7,1,13.0,1,0,0,Chelsea,2024,April,29,Late season,False,False,0,-1.6
2024-04-27,20:00,Premier League,Matchweek 35,Sat,Away,D,2,2,Aston Villa,1.6,1.1,71,42354.0,Conor Gallagher,4-2-3-1,4-4-1-1,Craig Pawson,Match Report,21,5,21.7,1,0,0,Chelsea,2024,April,35,Late season,False,False,1,0.4
2024-05-02,19:30,Premier League,Matchweek 26,Thu,Home,W,2,0,Tottenham Hotspur,2.2,1.6,37,39086.0,Conor Gallagher,4-2-3-1,4-2-3-1,Robert Jones,Match Report,16,4,16.1,2,0,0,Chelsea,2024,May,26,Late season,False,False,3,-0.2
2024-05-05,14:00,Premier League,Matchweek 36,Sun,Home,W,5,0,West Ham United,4.1,0.9,69,39295.0,Conor Gallagher,4-2-3-1,4-2-3-1,Andy Madley,Match Report,25,14,15.7,1,0,0,Chelsea,2024,May,36,Late season,False,False,3,0.9
2024-05-11,17:30,Premier League,Matchweek 37,Sat,Away,W,3,2,Nottingham Forest,1.6,1.5,67,29708.0,Conor Gallagher,4-2-3-1,,Tony Harrington,Match Report,12,5,12.0,1,0,0,Chelsea,2024,May,37,Late season,False,False,3,1.4
2024-05-15,19:45,Premier League,Matchweek 34,Wed,Away,W,2,1,Brighton And Hove Albion,1.5,1.3,45,31555.0,Conor Gallagher,4-2-3-1,4-2-3-1,Michael Salisbury,Match Report,14,6,20.3,2,0,0,Chelsea,2024,May,34,Late season,False,False,3,0.5
2024-05-19,16:00,Premier League,Matchweek 38,Sun,Home,W,2,1,Bournemouth,1.1,2.2,61,39724.0,Conor Gallagher,4-2-3-1,4-2-3-1,Anthony Taylor,Match Report,16,6,18.2,0,0,0,Chelsea,2024,May,38,Late season,False,False,3,0.9
2024-08-18,16:30,Premier League,Matchweek 1,Sun,Home,L,0,2,Manchester City,1.0,0.8,48,39818.0,Enzo Fernández,4-2-3-1,3-2-4-1,Anthony Taylor,Match Report,10,3,17.1,0,0,0,Chelsea,2025,August,1,Early season,False,False,0,-1.0
2024-08-25,14:00,Premier League,Matchweek 2,Sun,Away,W,6,2,Wolverhampton Wanderers,1.6,1.9,60,31235.0,Enzo Fernández,4-2-3-1,4-2-3-1,Darren England,Match Report,14,8,15.4,1,0,0,Chelsea,2025,August,2,Early season,False,False,3,4.4
2024-09-01,13:30,Premier League,Matchweek 3,Sun,Home,D,1,1,Crystal Palace,2.4,0.5,62,39298.0,Enzo Fernández,4-2-3-1,,Jarred Gillett,Match Report,13,7,15.9,1,0,0,Chelsea,2025,September,3,Early season,False,False,1,-1.4
2024-09-14,20:00,Premier League,Matchweek 4,Sat,Away,W,1,0,Bournemouth,0.8,1.7,66,11235.0,Moisés Caicedo,4-2-3-1,4-2-3-1,Anthony Taylor,Match Report,10,3,18.2,0,0,0,Chelsea,2025,September,4,Early season,False,False,3,0.2
2024-09-21,12:30,Premier League,Matchweek 5,Sat,Away,W,3,0,West Ham United,2.2,0.9,47,62473.0,Enzo Fernández,4-2-3-1,,Samuel Barrott,Match Report,12,5,15.0,0,0,0,Chelsea,2025,September,5,Early season,False,False,3,0.8
2024-09-28,15:00,Premier League,Matchweek 6,Sat,Home,W,4,2,Brighton And Hove Albion,4.2,1.1,41,39495.0,Enzo Fernández,4-2-3-1,,Peter Bankes,Match Report,14,5,15.7,1,1,1,Chelsea,2025,September,6,Early season,False,False,3,-0.2
2024-10-06,14:00,Premier League,Matchweek 7,Sun,Home,D,1,1,Nottingham Forest,2.3,0.9,65,39501.0,Enzo Fernández,4-2-3-1,4-2-3-1,Chris Kavanagh,Match Report,22,8,17.2,0,0,0,Chelsea,2025,October,7,Early season,False,False,1,-1.3
2024-10-20,16:30,Premier League,Matchweek 8,Sun,Away,L,1,2,Liverpool,1.0,1.9,57,60277.0,Reece James,4-2-3-1,4-2-3-1,John Brooks,Match Report,12,2,16.1,1,0,0,Chelsea,2025,October,8,Early season,False,False,0,0.0
2024-10-27,14:00,Premier League,Matchweek 9,Sun,Home,W,2,1,Newcastle United,1.6,1.8,50,39526.0,Reece James,4-2-3-1,,Simon Hooper,Match Report,17,7,16.7,0,0,0,Chelsea,2025,October,9,Early season,False,False,3,0.4
2024-11-03,16:30,Premier League,Matchweek 10,Sun,Away,D,1,1,Manchester United,1.1,2.0,54,73813.0,Reece James,4-2-3-1,4-2-3-1,Robert Jones,Match Report,12,3,16.0,0,0,0,Chelsea,2025,November,10,Early season,False,False,1,-0.1
2024-11-10,16:30,Premier League,Matchweek 11,Sun,Home,D,1,1,Arsenal,1.5,1.5,49,39780.0,Moisés Caicedo,4-2-3-1,,Michael Oliver,Match Report,17,3,20.8,3,0,0,Chelsea,2025,November,11,Early season,False,False,1,-0.5
2024-11-23,12:30,Premier League,Matchweek 12,Sat,Away,W,2,1,Leicester City,2.7,1.1,63,31880.0,Enzo Fernández,4-2-3-1,4-4-1-1,Andy Madley,Match Report,16,6,14.2,0,0,0,Chelsea,2025,November,12,Early season,False,False,3,-0.7
2024-12-01,13:30,Premier League,Matchweek 13,Sun,Home,W,3,0,Aston Villa,1.6,1.2,64,40853.0,Enzo Fernández,4-2-3-1,4-2-3-1,Stuart Attwell,Match Report,17,8,15.8,0,0,0,Chelsea,2025,December,13,Early season,False,False,3,1.4
2024-12-04,19:30,Premier League,Matchweek 14,Wed,Away,W,5,1,Southampton,5.2,1.6,55,31193.0,Enzo Fernández,4-2-3-1,,Tony Harrington,Match Report,26,11,12.6,1,0,0,Chelsea,2025,December,14,Mid season,False,False,3,-0.2
2024-12-08,16:30,Premier League,Matchweek 15,Sun,Away,W,4,3,Tottenham Hotspur,2.8,2.8,61,61184.0,Enzo Fernández,4-2-3-1,,Anthony Taylor,Match Report,15,6,17.9,0,2,2,Chelsea,2025,December,15,Mid season,False,False,3,1.2
2024-12-15,19:00,Premier League,Matchweek 16,Sun,Home,W,2,1,Brentford,2.2,1.6,62,39571.0,Enzo Fernández,4-2-3-1,,Peter Bankes,Match Report,26,8,16.2,0,0,0,Chelsea,2025,December,16,Mid season,False,False,3,-0.2
2024-12-22,14:00,Premier League,Matchweek 17,Sun,Away,D,0,0,Everton,1.2,1.0,75,39358.0,Enzo Fernández,4-2-3-1,,Chris Kavanagh,Match Report,12,4,16.8,2,0,0,Chelsea,2025,December,17,Mid season,False,False,1,-1.2
2024-12-26,15:00,Premier League,Matchweek 18,Thu,Home,L,1,2,Fulham,1.1,1.8,47,39687.0,Enzo Fernández,4-2-3-1,,Samuel Barrott,Match Report,12,8,18.7,1,0,0,Chelsea,2025,December,18,Mid season,False,False,0,-0.1
2024-12-30,19:45,Premier League,Matchweek 19,Mon,Away,L,0,2,Ipswich Town,2.0,1.6,76,29968.0,Enzo Fernández,4-2-3-1,,John Brooks,Match Report,20,4,17.1,0,0,0,Chelsea,2025,December,19,Mid season,False,False,0,-2.0
2025-01-04,15:00,Premier League,Matchweek 20,Sat,Away,D,1,1,Crystal Palace,1.2,1.1,61,25179.0,Enzo Fernández,4-2-3-1,,Tim Robinson,Match Report,15,1,16.2,0,0,0,Chelsea,2025,January,20,Mid season,False,False,1,-0.2
2025-01-14,19:30,Premier League,Matchweek 21,Tue,Home,D,2,2,Bournemouth,2.5,1.2,57,39092.0,Enzo Fernández,4-2-3-1,4-2-3-1,Robert Jones,Match Report,26,10,16.6,2,0,0,Chelsea,2025,January,21,Mid season,False,False,1,-0.5
2025-01-20,20:00,Premier League,Matchweek 22,Mon,Home,W,3,1,Wolverhampton Wanderers,3.1,0.8,63,39221.0,Reece James,4-2-3-1,,Simon Hooper,Match Report,19,6,14.0,0,0,0,Chelsea,2025,January,22,Mid season,False,False,3,-0.1
2025-01-25,17:30,Premier League,Matchweek 23,Sat,Away,L,1,3,Manchester City,1.8,2.2,44,52687.0,Reece James,4-2-3-1,,John Brooks,Match Report,10,4,16.5,0,0,0,Chelsea,2025,January,23,Mid season,False,False,0,-0.8
2025-02-03,20:00,Premier League,Matchweek 24,Mon,Home,W,2,1,West Ham United,1.6,1.2,68,39459.0,Reece James,4-2-3-1,,Stuart Attwell,Match Report,22,3,17.0,1,0,0,Chelsea,2025,February,24,Mid season,False,False,3,0.4
2025-02-14,20:00,Premier League,Matchweek 25,Fri,Away,L,0,3,Brighton And Hove Albion,0.5,1.4,69,31324.0,Enzo Fernández,4-2-3-1,,Chris Kavanagh,Match Report,8,0,16.9,0,0,0,Chelsea,2025,February,25,Mid season,False,False,0,-0.5
2025-02-22,17:30,Premier League,Matchweek 26,Sat,Away,L,1,2,Aston Villa,2.3,2.3,48,42423.0,Reece James,4-2-3-1,4-2-3-1,Michael Oliver,Match Report,15,6,16.3,0,0,0,Chelsea,2025,February,26,Late season,False,False,0,-1.3
2025-02-25,20:15,Premier League,Matchweek 27,Tue,Home,W,4,0,Southampton,2.4,0.7,60,39485.0,Enzo Fernández,4-2-3-1,,Thomas Bramall,Match Report,19,10,15.6,1,0,0,Chelsea,2025,February,27,Late season,False,False,3,1.6
2025-03-09,14:00,Premier League,Matchweek 28,Sun,Home,W,1,0,Leicester City,1.7,0.1,56,39750.0,Enzo Fernández,4-2-3-1,,Tim Robinson,Match Report,19,6,20.0,0,0,1,Chelsea,2025,March,28,Late season,False,False,3,-0.7
2025-03-16,13:30,Premier League,Matchweek 29,Sun,Away,L,0,1,Arsenal,0.4,0.7,58,60311.0,Reece James,4-2-3-1,,Chris Kavanagh,Match Report,8,2,21.8,0,0,0,Chelsea,2025,March,29,Late season,False,False,0,-0.4
2025-04-03,20:00,Premier League,Matchweek 30,Thu,Home,W,1,0,Tottenham Hotspur,1.0,0.9,51,39852.0,Enzo Fernández,4-2-3-1,,Craig Pawson,Match Report,11,5,17.3,0,0,0,Chelsea,2025,April,30,Late season,False,False,3,0.0
2025-04-06,14:00,Premier League,Matchweek 31,Sun,Away,D,0,0,Brentford,1.2,1.1,58,17183.0,Reece James,4-2-3-1,4-2-3-1,Michael Oliver,Match Report,21,5,19.0,0,0,0,Chelsea,2025,April,31,Late season,False,False,1,-1.2
2025-04-13,14:00,Premier League,Matchweek 32,Sun,Home,D,2,2,Ipswich Town,2.2,1.1,73,39805.0,Enzo Fernández,4-2-3-1,4-2-3-1,Stuart Attwell,Match Report,34,9,18.0,0,0,0,Chelsea,2025,April,32,Late season,False,False,1,-0.2
2025-04-20,14:00,Premier League,Matchweek 33,Sun,Away,W,2,1,Fulham,0.9,0.3,59,27712.0,Reece James,4-2-3-1,4-2-3-1,Anthony Taylor,Match Report,13,7,17.5,1,0,0,Chelsea,2025,April,33,Late season,False,False,3,1.1
2025-04-26,12:30,Premier League,Matchweek 34,Sat,Home,W,1,0,Everton,0.8,0.4,55,39894.0,Enzo Fernández,4-2-3-1,4-2-3-1,Chris Kavanagh,Match Report,10,7,18.3,0,0,0,Chelsea,2025,April,34,Late season,False,False,3,0.2
2025-05-04,16:30,Premier League,Matchweek 35,Sun,Home,W,3,1,Liverpool,3.1,1.0,36,39829.0,Enzo Fernández,4-2-3-1,4-2-3-1,Simon Hooper,Match Report,16,5,14.3,0,1,1,Chelsea,2025,May,35,Late season,False,False,3,-0.1
2025-05-11,12:00,Premier League,Matchweek 36,Sun,Away,L,0,2,Newcastle United,0.7,1.6,55,52231.0,Enzo Fernández,4-2-3-1,,John Brooks,Match Report,10,3,17.3,0,0,0,Chelsea,2025,May,36,Late season,False,False,0,-0.7
2025-05-16,20:15,Premier League,Matchweek 37,Fri,Home,W,1,0,Manchester United,0.8,0.3,47,39849.0,Reece James,4-2-3-1,,Chris Kavanagh,Match Report,11,3,19.3,1,0,0,Chelsea,2025,May,37,Late season,False,False,3,0.2
2025-05-25,16:00,Premier League,Matchweek 38,Sun,Away,W,1,0,Nottingham Forest,1.1,1.2,48,30263.0,Reece James,4-2-3-1,4-3-1-2,Anthony Taylor,Match Report,6,2,14.3,0,0,0,Chelsea,2025,May,38,Late season,False,False,3,-0.1
2020-09-12,15:00,Premier League,Matchweek 1,Sat,Home,W,1,0,Southampton,1.1,0.9,31,,Scott Dann,,,Jonathan Moss,Match Report,5,3,10.6,0,0,0,Crystal Palace,2021,September,1,Early season,False,,3,-0.1
2020-09-19,17:30,Premier League,Matchweek 2,Sat,Away,W,3,1,Manchester United,1.6,1.2,25,,Wilfried Zaha,,4-2-3-1,Martin Atkinson,Match Report,13,4,18.6,0,1,1,Crystal Palace,2021,September,2,Early season,False,,3,1.4
2020-09-26,15:00,Premier League,Matchweek 3,Sat,Home,L,1,2,Everton,0.4,1.9,42,,Wilfried Zaha,,,Kevin Friend,Match Report,8,1,18.3,0,0,0,Crystal Palace,2021,September,3,Early season,False,,0,0.6
2020-10-03,12:30,Premier League,Matchweek 4,Sat,Away,L,0,4,Chelsea,0.2,2.7,30,,Wilfried Zaha,,4-2-3-1,Michael Oliver,Match Report,4,0,22.5,0,0,0,Crystal Palace,2021,October,4,Early season,False,,0,-0.2
2020-10-18,14:00,Premier League,Matchweek 5,Sun,Home,D,1,1,Brighton And Hove Albion,0.8,1.7,34,,Gary Cahill,,,Stuart Attwell,Match Report,0,0,,0,1,1,Crystal Palace,2021,October,5,Early season,False,,1,0.2
2020-10-24,15:00,Premier League,Matchweek 6,Sat,Away,W,2,1,Fulham,2.5,1.1,36,,Luka Milivojević,,4-3-2-1,Graham Scott,Match Report,14,10,11.9,1,0,0,Crystal Palace,2021,October,6,Early season,False,,3,-0.5
2020-10-30,20:00,Premier League,Matchweek 7,Fri,Away,L,0,2,Wolverhampton Wanderers,0.7,1.3,55,,Luka Milivojević,,,Martin Atkinson,Match Report,11,2,19.3,2,0,0,Crystal Palace,2021,October,7,Early season,False,,0,-0.7
2020-11-07,15:00,Premier League,Matchweek 8,Sat,Home,W,4,1,Leeds United,0.9,0.8,36,,Scott Dann,,3-3-3-1,Chris Kavanagh,Match Report,10,6,17.2,1,0,0,Crystal Palace,2021,November,8,Early season,False,,3,3.1
2020-11-23,17:30,Premier League,Matchweek 9,Mon,Away,L,0,1,Burnley,1.5,1.5,54,,Scott Dann,,,Kevin Friend,Match Report,15,5,19.5,0,0,0,Crystal Palace,2021,November,9,Early season,False,,0,-1.5
2020-11-27,20:00,Premier League,Matchweek 10,Fri,Home,L,0,2,Newcastle United,0.6,1.3,57,,Scott Dann,,,Graham Scott,Match Report,12,3,17.0,1,0,0,Crystal Palace,2021,November,10,Early season,False,,0,-0.6
2020-12-06,12:00,Premier League,Matchweek 11,Sun,Away,W,5,1,West Bromwich Albion,1.6,0.7,50,,Luka Milivojević,,3-4-1-2,Paul Tierney,Match Report,18,6,16.0,0,0,0,Crystal Palace,2021,December,11,Early season,False,,3,3.4
2020-12-13,14:15,Premier League,Matchweek 12,Sun,Home,D,1,1,Tottenham Hotspur,1.6,0.9,44,2000.0,Luka Milivojević,,4-2-3-1,Kevin Friend,Match Report,16,5,16.0,2,0,0,Crystal Palace,2021,December,12,Early season,False,True,1,-0.6
2020-12-16,20:00,Premier League,Matchweek 13,Wed,Away,D,1,1,West Ham United,1.1,0.4,48,,Luka Milivojević,,4-2-3-1,David Coote,Match Report,8,2,13.2,0,0,0,Crystal Palace,2021,December,13,Early season,False,,1,-0.1
2020-12-19,12:30,Premier League,Matchweek 14,Sat,Home,L,0,7,Liverpool,0.3,2.5,36,,Luka Milivojević,,,Jonathan Moss,Match Report,5,3,20.8,0,0,0,Crystal Palace,2021,December,14,Mid season,False,,0,-0.3
2020-12-26,15:00,Premier League,Matchweek 15,Sat,Away,L,0,3,Aston Villa,0.9,3.9,61,,Luka Milivojević,,4-2-3-1,Anthony Taylor,Match Report,13,6,20.2,2,0,0,Crystal Palace,2021,December,15,Mid season,False,,0,-0.9
2020-12-28,15:00,Premier League,Matchweek 16,Mon,Home,D,1,1,Leicester City,0.5,1.9,34,,Luka Milivojević,,4-2-3-1,Graham Scott,Match Report,4,1,10.1,0,0,0,Crystal Palace,2021,December,16,Mid season,False,,1,0.5
2021-01-02,15:00,Premier League,Matchweek 17,Sat,Home,W,2,0,Sheffield United,0.6,0.4,44,,Luka Milivojević,,,Stuart Attwell,Match Report,9,4,17.9,0,0,0,Crystal Palace,2021,January,17,Mid season,False,,3,1.4
2021-01-14,20:00,Premier League,Matchweek 18,Thu,Away,D,0,0,Arsenal,0.8,0.4,33,,Luka Milivojević,,4-2-3-1,Andre Marriner,Match Report,12,2,18.2,1,0,0,Crystal Palace,2021,January,18,Mid season,False,,1,-0.8
2021-01-17,19:15,Premier League,Matchweek 19,Sun,Away,L,0,4,Manchester City,0.1,0.7,29,,Luka Milivojević,4-1-4-1,,Lee Mason,Match Report,2,0,28.2,0,0,0,Crystal Palace,2021,January,19,Mid season,False,,0,-0.1
2021-01-26,18:00,Premier League,Matchweek 20,Tue,Home,L,2,3,West Ham United,0.7,2.8,54,,Luka Milivojević,,4-2-3-1,Stuart Attwell,Match Report,6,3,21.8,0,0,0,Crystal Palace,2021,January,20,Mid season,False,,0,1.3
2021-01-30,15:00,Premier League,Matchweek 21,Sat,Home,W,1,0,Wolverhampton Wanderers,1.4,0.4,48,,Luka Milivojević,4-2-3-1,,Simon Hooper,Match Report,11,2,20.0,2,0,0,Crystal Palace,2021,January,21,Mid season,False,,3,-0.4
2021-02-02,20:15,Premier League,Matchweek 22,Tue,Away,W,2,1,Newcastle United,0.7,1.9,39,,Luka Milivojević,,4-3-1-2,Darren England,Match Report,6,3,18.6,0,0,0,Crystal Palace,2021,February,22,Mid season,False,,3,1.3
2021-02-08,20:00,Premier League,Matchweek 23,Mon,Away,L,0,2,Leeds United,0.4,1.9,33,,Luka Milivojević,,4-1-4-1,Andre Marriner,Match Report,8,3,19.3,0,0,0,Crystal Palace,2021,February,23,Mid season,False,,0,-0.4
2021-02-13,15:00,Premier League,Matchweek 24,Sat,Home,L,0,3,Burnley,0.5,1.4,54,,Luka Milivojević,,,Michael Oliver,Match Report,13,3,18.6,0,0,0,Crystal Palace,2021,February,24,Mid season,False,,0,-0.5
2021-02-22,20:00,Premier League,Matchweek 25,Mon,Away,W,2,1,Brighton And Hove Albion,0.2,2.4,26,,Luka Milivojević,,,Kevin Friend,Match Report,3,2,15.0,0,0,0,Crystal Palace,2021,February,25,Mid season,False,,3,1.8
2021-02-28,12:00,Premier League,Matchweek 26,Sun,Home,D,0,0,Fulham,0.1,1.4,40,,Luka Milivojević,4-2-3-1,4-2-3-1,Anthony Taylor,Match Report,3,0,15.8,0,0,0,Crystal Palace,2021,February,26,Late season,False,,1,-0.1
2021-03-03,20:15,Premier League,Matchweek 29,Wed,Home,D,0,0,Manchester United,0.9,0.9,37,,Luka Milivojević,,4-2-3-1,Andre Marriner,Match Report,8,2,18.3,1,0,0,Crystal Palace,2021,March,29,Late season,False,,1,-0.9
2021-03-07,19:15,Premier League,Matchweek 27,Sun,Away,L,1,4,Tottenham Hotspur,0.5,2.7,37,,Luka Milivojević,,4-2-3-1,Stuart Attwell,Match Report,5,1,14.9,0,0,0,Crystal Palace,2021,March,27,Late season,False,,0,0.5
2021-03-13,15:00,Premier League,Matchweek 28,Sat,Home,W,1,0,West Bromwich Albion,1.2,0.8,45,,Luka Milivojević,,4-1-4-1,Simon Hooper,Match Report,5,3,23.0,0,1,1,Crystal Palace,2021,March,28,Late season,False,,3,-0.2
2021-04-05,18:00,Premier League,Matchweek 30,Mon,Away,D,1,1,Everton,0.7,2.5,52,,Luka Milivojević,,3-4-1-2,Kevin Friend,Match Report,13,6,20.1,0,0,0,Crystal Palace,2021,April,30,Late season,False,,1,0.3
2021-04-10,17:30,Premier League,Matchweek 31,Sat,Home,L,1,4,Chelsea,0.4,3.1,36,,Luka Milivojević,,,Michael Oliver,Match Report,1,1,5.9,0,0,0,Crystal Palace,2021,April,31,Late season,False,,0,0.6
2021-04-26,20:00,Premier League,Matchweek 33,Mon,Away,L,1,2,Leicester City,0.7,1.5,34,,Luka Milivojević,,3-4-1-2,Graham Scott,Match Report,4,2,14.6,0,0,0,Crystal Palace,2021,April,33,Late season,False,,0,0.3
2021-05-01,12:30,Premier League,Matchweek 34,Sat,Home,L,0,2,Manchester City,0.9,1.7,32,,Luka Milivojević,,4-4-1-1,David Coote,Match Report,9,4,19.6,0,0,0,Crystal Palace,2021,May,34,Late season,False,,0,-0.9
2021-05-08,15:00,Premier League,Matchweek 35,Sat,Away,W,2,0,Sheffield United,2.0,0.7,50,,Luka Milivojević,,,Simon Hooper,Match Report,21,8,16.1,1,0,0,Crystal Palace,2021,May,35,Late season,False,,3,0.0
2021-05-11,20:15,Premier League,Matchweek 32,Tue,Away,L,1,3,Southampton,1.5,1.2,38,,Luka Milivojević,,,Andy Madley,Match Report,10,3,18.9,1,0,1,Crystal Palace,2021,May,32,Late season,False,,0,-0.5
2021-05-16,12:00,Premier League,Matchweek 36,Sun,Home,W,3,2,Aston Villa,1.9,1.4,45,,Gary Cahill,,,David Coote,Match Report,23,8,18.0,2,0,0,Crystal Palace,2021,May,36,Late season,False,,3,1.1
2021-05-19,19:00,Premier League,Matchweek 37,Wed,Home,L,1,3,Arsenal,1.0,1.8,32,6500.0,Gary Cahill,,4-2-3-1,Anthony Taylor,Match Report,12,6,13.6,0,0,0,Crystal Palace,2021,May,37,Late season,False,False,0,0.0
2021-05-23,16:00,Premier League,Matchweek 38,Sun,Away,L,0,2,Liverpool,0.6,1.6,31,9901.0,Gary Cahill,,,Craig Pawson,Match Report,5,4,19.4,1,0,0,Crystal Palace,2021,May,38,Late season,False,False,0,-0.6
2021-08-14,15:00,Premier League,Matchweek 1,Sat,Away,L,0,3,Chelsea,0.2,0.7,38,38965.0,James McArthur,,,Jonathan Moss,Match Report,4,1,10.8,0,0,0,Crystal Palace,2022,August,1,Early season,False,False,0,-0.2
2021-08-21,15:00,Premier League,Matchweek 2,Sat,Home,D,0,0,Brentford,0.5,0.9,53,23091.0,James McArthur,,,Martin Atkinson,Match Report,7,2,15.9,0,0,0,Crystal Palace,2022,August,2,Early season,False,False,1,-0.5
2021-08-28,15:00,Premier League,Matchweek 3,Sat,Away,D,2,2,West Ham United,1.1,1.3,53,59751.0,James McArthur,,4-2-3-1,Stuart Attwell,Match Report,9,2,15.2,0,0,0,Crystal Palace,2022,August,3,Early season,False,False,1,0.9
2021-09-11,12:30,Premier League,Matchweek 4,Sat,Home,W,3,0,Tottenham Hotspur,2.1,0.1,62,26000.0,James McArthur,,4-1-2-1-2,Jonathan Moss,Match Report,17,3,17.5,1,1,1,Crystal Palace,2022,September,4,Early season,False,False,3,0.9
2021-09-18,15:00,Premier League,Matchweek 5,Sat,Away,L,0,3,Liverpool,0.6,3.1,41,52000.0,James McArthur,,,Andy Madley,Match Report,13,2,19.0,1,0,0,Crystal Palace,2022,September,5,Early season,False,False,0,-0.6
2021-09-27,20:00,Premier League,Matchweek 6,Mon,Home,D,1,1,Brighton And Hove Albion,1.4,0.8,47,22975.0,Luka Milivojević,,,Andre Marriner,Match Report,7,2,24.1,1,1,1,Crystal Palace,2022,September,6,Early season,False,False,1,-0.4
2021-10-03,14:00,Premier League,Matchweek 7,Sun,Home,D,2,2,Leicester City,1.5,1.2,60,25000.0,Luka Milivojević,,,Anthony Taylor,Match Report,18,4,15.3,0,0,0,Crystal Palace,2022,October,7,Early season,False,False,1,0.5
2021-10-18,20:00,Premier League,Matchweek 8,Mon,Away,D,2,2,Arsenal,0.7,1.7,46,59475.0,Luka Milivojević,4-2-3-1,4-1-4-1,Mike Dean,Match Report,9,6,21.4,0,0,0,Crystal Palace,2022,October,8,Early season,False,False,1,1.3
2021-10-23,15:00,Premier League,Matchweek 9,Sat,Home,D,1,1,Newcastle United,1.9,0.3,74,24609.0,Luka Milivojević,,,Darren England,Match Report,15,3,15.6,0,0,0,Crystal Palace,2022,October,9,Early season,False,False,1,-0.9
2021-10-30,15:00,Premier League,Matchweek 10,Sat,Away,W,2,0,Manchester City,0.7,0.7,32,53014.0,James McArthur,,,Andre Marriner,Match Report,8,3,15.3,0,0,0,Crystal Palace,2022,October,10,Early season,False,False,3,1.3
2021-11-06,15:00,Premier League,Matchweek 11,Sat,Home,W,2,0,Wolverhampton Wanderers,1.9,0.3,60,24390.0,James McArthur,,,Graham Scott,Match Report,13,6,13.2,0,0,0,Crystal Palace,2022,November,11,Early season,False,False,3,0.1
2021-11-20,15:00,Premier League,Matchweek 12,Sat,Away,D,3,3,Burnley,1.9,1.5,60,18028.0,Luka Milivojević,,,Simon Hooper,Match Report,18,8,16.4,1,0,0,Crystal Palace,2022,November,12,Early season,False,False,1,1.1
2021-11-27,15:00,Premier League,Matchweek 13,Sat,Home,L,1,2,Aston Villa,1.0,0.5,64,25203.0,Luka Milivojević,4-2-3-1,,Michael Salisbury,Match Report,8,3,13.9,0,0,0,Crystal Palace,2022,November,13,Early season,False,False,0,0.0
2021-11-30,20:15,Premier League,Matchweek 14,Tue,Away,L,0,1,Leeds United,1.1,1.4,39,35558.0,Joel Ward,,4-1-4-1,Kevin Friend,Match Report,9,1,18.1,1,0,0,Crystal Palace,2022,November,14,Mid season,False,False,0,-1.1
2021-12-05,14:00,Premier League,Matchweek 15,Sun,Away,L,0,1,Manchester United,0.5,0.9,39,73172.0,Wilfried Zaha,,4-2-2-2,Craig Pawson,Match Report,8,2,19.2,0,0,0,Crystal Palace,2022,December,15,Mid season,False,False,0,-0.5
2021-12-12,16:30,Premier League,Matchweek 16,Sun,Home,W,3,1,Everton,1.8,1.0,61,24066.0,Joel Ward,,4-1-4-1,Andy Madley,Match Report,17,6,16.8,1,0,0,Crystal Palace,2022,December,16,Mid season,False,False,3,1.2
2021-12-15,19:30,Premier League,Matchweek 17,Wed,Home,D,2,2,Southampton,1.2,0.6,59,22861.0,Joel Ward,,,Simon Hooper,Match Report,9,6,10.9,0,0,0,Crystal Palace,2022,December,17,Mid season,False,False,1,0.8
2021-12-26,15:00,Premier League,Matchweek 19,Sun,Away,L,0,3,Tottenham Hotspur,0.2,2.3,40,40539.0,Joel Ward,,,Jonathan Moss,Match Report,4,0,17.7,0,0,0,Crystal Palace,2022,December,19,Mid season,False,False,0,-0.2
2021-12-28,15:00,Premier League,Matchweek 20,Tue,Home,W,3,0,Norwich City,1.9,0.9,51,24433.0,Joel Ward,,4-2-3-1,Paul Tierney,Match Report,18,5,13.3,0,1,1,Crystal Palace,2022,December,20,Mid season,False,False,3,1.1
2022-01-01,17:30,Premier League,Matchweek 21,Sat,Home,L,2,3,West Ham United,2.4,2.2,62,24351.0,Luka Milivojević,,4-2-3-1,Darren England,Match Report,22,6,15.8,2,0,0,Crystal Palace,2022,January,21,Mid season,False,False,0,-0.4
2022-01-14,20:00,Premier League,Matchweek 22,Fri,Away,D,1,1,Brighton And Hove Albion,0.2,2.0,37,30675.0,Joel Ward,,4-1-2-1-2,Robert Jones,Match Report,3,1,22.2,0,0,0,Crystal Palace,2022,January,22,Mid season,False,False,1,0.8
2022-01-23,14:00,Premier League,Matchweek 23,Sun,Home,L,1,3,Liverpool,2.2,1.9,43,25002.0,Joel Ward,,,Kevin Friend,Match Report,8,5,12.2,0,0,0,Crystal Palace,2022,January,23,Mid season,False,False,0,-1.2
2022-02-09,19:45,Premier League,Matchweek 24,Wed,Away,D,1,1,Norwich City,1.3,0.4,70,26652.0,Joel Ward,,,Paul Tierney,Match Report,12,5,22.3,1,0,1,Crystal Palace,2022,February,24,Mid season,False,False,1,-0.3
2022-02-12,15:00,Premier League,Matchweek 25,Sat,Away,D,0,0,Brentford,0.3,1.6,58,16958.0,Joel Ward,,,Simon Hooper,Match Report,6,3,21.6,0,0,0,Crystal Palace,2022,February,25,Mid season,False,False,1,-0.3
2022-02-19,15:00,Premier League,Matchweek 26,Sat,Home,L,0,1,Chelsea,0.5,0.9,42,25109.0,James McArthur,4-2-3-1,,David Coote,Match Report,7,0,14.6,0,0,0,Crystal Palace,2022,February,26,Late season,False,False,0,-0.5
2022-02-23,19:30,Premier League,Matchweek 18,Wed,Away,W,4,1,Watford,1.1,1.4,54,20012.0,Marc Guéhi,,,Andre Marriner,Match Report,7,5,15.1,0,0,0,Crystal Palace,2022,February,18,Mid season,False,False,3,2.9
2022-02-26,15:00,Premier League,Matchweek 27,Sat,Home,D,1,1,Burnley,1.0,0.2,59,24203.0,Luka Milivojević,,,Jonathan Moss,Match Report,11,4,18.7,2,0,0,Crystal Palace,2022,February,27,Late season,False,False,1,0.0
2022-03-05,15:00,Premier League,Matchweek 28,Sat,Away,W,2,0,Wolverhampton Wanderers,2.7,0.7,37,31395.0,Marc Guéhi,4-2-3-1,,Andy Madley,Match Report,11,7,15.1,0,1,1,Crystal Palace,2022,March,28,Late season,False,False,3,-0.7
2022-03-14,20:00,Premier League,Matchweek 29,Mon,Home,D,0,0,Manchester City,0.6,2.8,27,25309.0,Marc Guéhi,,,Martin Atkinson,Match Report,7,1,14.7,0,0,0,Crystal Palace,2022,March,29,Late season,False,False,1,-0.6
2022-04-04,20:00,Premier League,Matchweek 31,Mon,Home,W,3,0,Arsenal,1.5,0.8,32,25149.0,Marc Guéhi,4-2-3-1,4-2-3-1,Paul Tierney,Match Report,5,4,21.0,1,1,1,Crystal Palace,2022,April,31,Late season,False,False,3,1.5
2022-04-10,14:00,Premier League,Matchweek 32,Sun,Away,L,1,2,Leicester City,1.4,1.0,49,31896.0,Marc Guéhi,4-2-3-1,4-2-3-1,Robert Jones,Match Report,10,2,14.0,0,0,1,Crystal Palace,2022,April,32,Late season,False,False,0,-0.4
2022-04-20,19:45,Premier League,Matchweek 30,Wed,Away,L,0,1,Newcastle United,0.5,0.9,63,51938.0,Marc Guéhi,4-2-3-1,,Tony Harrington,Match Report,10,2,15.4,0,0,0,Crystal Palace,2022,April,30,Late season,False,False,0,-0.5
2022-04-25,20:00,Premier League,Matchweek 34,Mon,Home,D,0,0,Leeds United,1.9,0.5,53,25357.0,James McArthur,,4-2-3-1,Darren England,Match Report,17,7,13.6,0,0,0,Crystal Palace,2022,April,34,Late season,False,False,1,-1.9
2022-04-30,15:00,Premier League,Matchweek 35,Sat,Away,W,2,1,Southampton,1.1,0.6,62,31359.0,James McArthur,,,Jarred Gillett,Match Report,14,5,13.9,0,0,0,Crystal Palace,2022,April,35,Late season,False,False,3,0.9
2022-05-07,15:00,Premier League,Matchweek 36,Sat,Home,W,1,0,Watford,2.2,0.4,67,24622.0,Joel Ward,,,Graham Scott,Match Report,14,6,15.8,1,1,1,Crystal Palace,2022,May,36,Late season,False,False,3,-1.2
2022-05-15,14:00,Premier League,Matchweek 37,Sun,Away,D,1,1,Aston Villa,1.4,1.0,51,41136.0,Luka Milivojević,,4-3-1-2,Chris Kavanagh,Match Report,16,4,17.6,0,0,0,Crystal Palace,2022,May,37,Late season,False,False,1,-0.4
2022-05-19,19:45,Premier League,Matchweek 33,Thu,Away,L,2,3,Everton,1.1,0.8,57,38448.0,Marc Guéhi,,,Anthony Taylor,Match Report,7,5,14.2,0,0,0,Crystal Palace,2022,May,33,Late season,False,False,0,0.9
2022-05-22,16:00,Premier League,Matchweek 38,Sun,Home,W,1,0,Manchester United,0.6,0.7,39,25434.0,Joel Ward,,4-2-3-1,Martin Atkinson,Match Report,6,3,14.1,0,0,0,Crystal Palace,2022,May,38,Late season,False,False,3,0.4
2022-08-05,20:00,Premier League,Matchweek 1,Fri,Home,L,0,2,Arsenal,1.2,1.0,56,25286.0,Marc Guéhi,4-2-3-1,,Anthony Taylor,Match Report,10,2,14.2,0,0,0,Crystal Palace,2023,August,1,Early season,False,False,0,-1.2
2022-08-15,20:00,Premier League,Matchweek 2,Mon,Away,D,1,1,Liverpool,1.0,2.0,28,52970.0,Joel Ward,,,Paul Tierney,Match Report,7,3,14.7,0,0,0,Crystal Palace,2023,August,2,Early season,False,False,1,0.0
2022-08-20,15:00,Premier League,Matchweek 3,Sat,Home,W,3,1,Aston Villa,2.6,0.9,51,22012.0,Joel Ward,,,Andy Madley,Match Report,16,8,15.6,1,0,1,Crystal Palace,2023,August,3,Early season,False,False,3,0.4
2022-08-27,15:00,Premier League,Matchweek 4,Sat,Away,L,2,4,Manchester City,0.1,2.2,26,53112.0,Joel Ward,,4-2-3-1,Darren England,Match Report,2,2,20.6,0,0,0,Crystal Palace,2023,August,4,Early season,False,False,0,1.9
2022-08-30,19:30,Premier League,Matchweek 5,Tue,Home,D,1,1,Brentford,1.0,1.4,49,25043.0,Joel Ward,4-1-4-1,,Simon Hooper,Match Report,13,4,19.2,0,0,0,Crystal Palace,2023,August,5,Early season,False,False,1,0.0
2022-09-03,15:00,Premier League,Matchweek 6,Sat,Away,D,0,0,Newcastle United,1.0,2.8,48,51863.0,Joel Ward,,,Michael Salisbury,Match Report,19,9,20.0,0,0,0,Crystal Palace,2023,September,6,Early season,False,False,1,-1.0
2022-10-01,15:00,Premier League,Matchweek 9,Sat,Home,L,1,2,Chelsea,0.4,1.1,36,25198.0,Joel Ward,,4-2-2-2,Chris Kavanagh,Match Report,7,3,20.1,0,0,0,Crystal Palace,2023,October,9,Early season,False,False,0,0.6
2022-10-09,14:00,Premier League,Matchweek 10,Sun,Home,W,2,1,Leeds United,1.1,1.0,54,25042.0,Joel Ward,,4-2-3-1,Paul Tierney,Match Report,13,5,17.7,2,0,0,Crystal Palace,2023,October,10,Early season,False,False,3,0.9
2022-10-15,12:30,Premier League,Matchweek 11,Sat,Away,D,0,0,Leicester City,0.4,1.0,46,31298.0,Joel Ward,,4-1-4-1,Andy Madley,Match Report,8,1,21.2,0,0,0,Crystal Palace,2023,October,11,Early season,False,False,1,-0.4
2022-10-18,20:15,Premier League,Matchweek 12,Tue,Home,W,2,1,Wolverhampton Wanderers,1.2,0.8,51,25125.0,Joel Ward,,4-2-3-1,David Coote,Match Report,14,4,17.3,1,0,0,Crystal Palace,2023,October,12,Early season,False,False,3,0.8
2022-10-22,15:00,Premier League,Matchweek 13,Sat,Away,L,0,3,Everton,0.9,1.4,54,38939.0,Luka Milivojević,4-1-4-1,4-2-3-1,Simon Hooper,Match Report,9,2,17.1,2,0,0,Crystal Palace,2023,October,13,Early season,False,False,0,-0.9
2022-10-29,15:00,Premier League,Matchweek 14,Sat,Home,W,1,0,Southampton,0.9,1.3,44,25130.0,Luka Milivojević,,,Michael Salisbury,Match Report,12,3,20.0,1,0,0,Crystal Palace,2023,October,14,Mid season,False,False,3,0.1
2022-11-06,14:00,Premier League,Matchweek 15,Sun,Away,W,2,1,West Ham United,1.0,0.3,58,62451.0,Marc Guéhi,,4-2-3-1,Paul Tierney,Match Report,15,6,20.5,2,0,0,Crystal Palace,2023,November,15,Mid season,False,False,3,1.0
2022-11-12,15:00,Premier League,Matchweek 16,Sat,Away,L,0,1,Nottingham Forest,1.2,1.1,68,29045.0,Marc Guéhi,,,John Brooks,Match Report,7,0,16.9,0,0,1,Crystal Palace,2023,November,16,Mid season,False,False,0,-1.2
2022-12-26,15:00,Premier League,Matchweek 17,Mon,Home,L,0,3,Fulham,0.4,2.5,36,25176.0,Joachim Andersen,,4-2-3-1,Andy Madley,Match Report,4,0,13.0,0,0,0,Crystal Palace,2023,December,17,Mid season,False,False,0,-0.4
2022-12-31,15:00,Premier League,Matchweek 18,Sat,Away,W,2,0,Bournemouth,1.6,0.6,41,9972.0,Joel Ward,4-2-3-1,,Andre Marriner,Match Report,15,6,18.9,1,0,0,Crystal Palace,2023,December,18,Mid season,False,False,3,0.4
2023-01-04,20:00,Premier League,Matchweek 19,Wed,Home,L,0,4,Tottenham Hotspur,0.8,1.4,47,25132.0,Joel Ward,4-2-3-1,,Michael Oliver,Match Report,19,4,20.1,0,0,0,Crystal Palace,2023,January,19,Mid season,False,False,0,-0.8
2023-01-15,14:00,Premier League,Matchweek 20,Sun,Away,L,0,1,Chelsea,0.7,1.5,39,40075.0,Marc Guéhi,4-2-3-1,4-2-3-1,Peter Bankes,Match Report,10,5,17.9,0,0,0,Crystal Palace,2023,January,20,Mid season,False,False,0,-0.7
2023-01-18,20:00,Premier League,Matchweek 7,Wed,Home,D,1,1,Manchester United,0.5,2.1,40,23343.0,Marc Guéhi,4-2-3-1,4-2-3-1,Robert Jones,Match Report,10,5,18.2,2,0,0,Crystal Palace,2023,January,7,Early season,False,False,1,0.5
2023-01-21,17:30,Premier League,Matchweek 21,Sat,Home,D,0,0,Newcastle United,0.3,1.2,40,25350.0,Joel Ward,4-2-3-1,,Craig Pawson,Match Report,6,1,19.9,0,0,0,Crystal Palace,2023,January,21,Mid season,False,False,1,-0.3
2023-02-04,15:00,Premier League,Matchweek 22,Sat,Away,L,1,2,Manchester United,1.3,2.0,48,73420.0,Marc Guéhi,4-2-3-1,4-2-3-1,Andre Marriner,Match Report,10,3,12.8,0,0,0,Crystal Palace,2023,February,22,Mid season,False,False,0,-0.3
2023-02-11,15:00,Premier League,Matchweek 23,Sat,Home,D,1,1,Brighton And Hove Albion,1.1,2.5,27,24827.0,Marc Guéhi,,4-2-3-1,Michael Oliver,Match Report,6,1,12.4,0,0,0,Crystal Palace,2023,February,23,Mid season,False,False,1,-0.1
2023-02-18,15:00,Premier League,Matchweek 24,Sat,Away,D,1,1,Brentford,1.1,0.9,41,17122.0,Marc Guéhi,4-2-3-1,,Paul Tierney,Match Report,10,4,14.4,0,0,0,Crystal Palace,2023,February,24,Mid season,False,False,1,-0.1
2023-02-25,19:45,Premier League,Matchweek 25,Sat,Home,D,0,0,Liverpool,0.7,0.9,37,25842.0,Marc Guéhi,4-2-3-1,,Darren England,Match Report,6,0,15.0,0,0,0,Crystal Palace,2023,February,25,Mid season,False,False,1,-0.7
2023-03-04,15:00,Premier League,Matchweek 26,Sat,Away,L,0,1,Aston Villa,0.2,1.2,42,41893.0,Marc Guéhi,4-2-3-1,4-2-3-1,Craig Pawson,Match Report,3,0,16.9,0,0,0,Crystal Palace,2023,March,26,Late season,False,False,0,-0.2
2023-03-11,17:30,Premier League,Matchweek 27,Sat,Home,L,0,1,Manchester City,0.2,2.1,33,25844.0,Luka Milivojević,,4-2-3-1,Robert Jones,Match Report,4,0,17.5,0,0,0,Crystal Palace,2023,March,27,Late season,False,False,0,-0.2
2023-03-15,19:30,Premier League,Matchweek 8,Wed,Away,L,0,1,Brighton And Hove Albion,1.1,0.6,43,30933.0,Marc Guéhi,,4-2-3-1,Peter Bankes,Match Report,11,3,17.3,1,0,0,Crystal Palace,2023,March,8,Early season,False,False,0,-1.1
2023-03-19,14:00,Premier League,Matchweek 28,Sun,Away,L,1,4,Arsenal,0.8,1.6,38,60247.0,Luka Milivojević,4-2-3-1,,Stuart Attwell,Match Report,9,5,14.6,1,0,0,Crystal Palace,2023,March,28,Late season,False,False,0,0.2
2023-04-01,15:00,Premier League,Matchweek 29,Sat,Home,W,2,1,Leicester City,2.3,0.2,52,25147.0,Wilfried Zaha,,4-2-3-1,Tim Robinson,Match Report,31,9,19.0,2,0,0,Crystal Palace,2023,April,29,Late season,False,False,3,-0.3
2023-04-09,14:00,Premier League,Matchweek 30,Sun,Away,W,5,1,Leeds United,3.0,0.9,52,36427.0,Joel Ward,,4-2-3-1,Simon Hooper,Match Report,16,7,12.3,1,0,0,Crystal Palace,2023,April,30,Late season,False,False,3,2.0
2023-04-15,15:00,Premier League,Matchweek 31,Sat,Away,W,2,0,Southampton,0.9,0.8,42,30309.0,Joel Ward,,,Michael Oliver,Match Report,10,2,23.7,2,0,0,Crystal Palace,2023,April,31,Late season,False,False,3,1.1
2023-04-22,15:00,Premier League,Matchweek 32,Sat,Home,D,0,0,Everton,0.5,0.4,56,25202.0,Joel Ward,,4-2-3-1,John Brooks,Match Report,12,2,19.8,0,0,0,Crystal Palace,2023,April,32,Late season,False,False,1,-0.5
2023-04-25,19:30,Premier League,Matchweek 33,Tue,Away,L,0,2,Wolverhampton Wanderers,0.8,1.4,59,30294.0,Luka Milivojević,,,Robert Jones,Match Report,14,4,18.3,0,0,0,Crystal Palace,2023,April,33,Late season,False,False,0,-0.8
2023-04-29,12:30,Premier League,Matchweek 34,Sat,Home,W,4,3,West Ham United,2.1,1.7,59,25148.0,Wilfried Zaha,,4-2-3-1,Craig Pawson,Match Report,15,5,18.1,1,1,1,Crystal Palace,2023,April,34,Late season,False,False,3,1.9
2023-05-06,15:00,Premier League,Matchweek 35,Sat,Away,L,0,1,Tottenham Hotspur,0.4,0.9,44,61093.0,Wilfried Zaha,,,Darren England,Match Report,7,2,17.6,1,0,0,Crystal Palace,2023,May,35,Late season,False,False,0,-0.4
2023-05-13,15:00,Premier League,Matchweek 36,Sat,Home,W,2,0,Bournemouth,1.5,0.3,59,25034.0,Wilfried Zaha,4-2-3-1,4-2-3-1,Michael Salisbury,Match Report,17,5,15.2,0,0,0,Crystal Palace,2023,May,36,Late season,False,False,3,0.5
2023-05-20,15:00,Premier League,Matchweek 37,Sat,Away,D,2,2,Fulham,1.6,1.7,51,24356.0,Joel Ward,4-2-3-1,4-2-3-1,Joshua Smith,Match Report,11,5,16.9,1,0,0,Crystal Palace,2023,May,37,Late season,False,False,1,0.4
2023-05-28,16:30,Premier League,Matchweek 38,Sun,Home,D,1,1,Nottingham Forest,1.4,0.5,66,25198.0,Joel Ward,4-2-3-1,,Thomas Bramall,Match Report,15,3,17.3,1,0,0,Crystal Palace,2023,May,38,Late season,False,False,1,-0.4
2023-08-12,15:00,Premier League,Matchweek 1,Sat,Away,W,1,0,Sheffield United,1.9,0.5,68,31194.0,Joel Ward,4-2-3-1,,John Brooks,Match Report,24,8,18.5,1,0,0,Crystal Palace,2024,August,1,Early season,False,False,3,-0.9
2023-08-21,20:00,Premier League,Matchweek 2,Mon,Home,L,0,1,Arsenal,1.0,2.0,47,24189.0,Joel Ward,4-2-3-1,,David Coote,Match Report,14,2,16.4,1,0,0,Crystal Palace,2024,August,2,Early season,False,False,0,-1.0
2023-08-26,15:00,Premier League,Matchweek 3,Sat,Away,D,1,1,Brentford,0.8,1.0,40,16997.0,Joel Ward,4-2-3-1,,Peter Bankes,Match Report,15,5,16.9,1,0,0,Crystal Palace,2024,August,3,Early season,False,False,1,0.2
2023-09-03,14:00,Premier League,Matchweek 4,Sun,Home,W,3,2,Wolverhampton Wanderers,2.1,1.2,43,24741.0,Joel Ward,,,Robert Jones,Match Report,16,10,13.8,1,0,0,Crystal Palace,2024,September,4,Early season,False,False,3,0.9
2023-09-16,15:00,Premier League,Matchweek 5,Sat,Away,L,1,3,Aston Villa,1.2,3.0,34,40809.0,Joel Ward,4-4-1-1,4-2-3-1,Darren England,Match Report,6,3,16.1,0,0,0,Crystal Palace,2024,September,5,Early season,False,False,0,-0.2
2023-09-23,15:00,Premier League,Matchweek 6,Sat,Home,D,0,0,Fulham,0.3,0.6,51,25072.0,Joel Ward,4-2-3-1,,Paul Tierney,Match Report,7,3,18.9,1,0,0,Crystal Palace,2024,September,6,Early season,False,False,1,-0.3
2023-09-30,15:00,Premier League,Matchweek 7,Sat,Away,W,1,0,Manchester United,0.9,1.3,23,73428.0,Joel Ward,,4-2-3-1,Chris Kavanagh,Match Report,8,2,13.5,0,0,0,Crystal Palace,2024,September,7,Early season,False,False,3,0.1
2023-10-07,17:30,Premier League,Matchweek 8,Sat,Home,D,0,0,Nottingham Forest,0.8,1.0,52,25017.0,Marc Guéhi,,,Craig Pawson,Match Report,8,2,15.2,0,0,0,Crystal Palace,2024,October,8,Early season,False,False,1,-0.8
2023-10-21,15:00,Premier League,Matchweek 9,Sat,Away,L,0,4,Newcastle United,1.2,2.4,41,52189.0,Joel Ward,,,Tim Robinson,Match Report,17,3,17.8,1,0,0,Crystal Palace,2024,October,9,Early season,False,False,0,-1.2
2023-10-27,20:00,Premier League,Matchweek 10,Fri,Home,L,1,2,Tottenham Hotspur,0.6,1.1,25,25074.0,Joel Ward,4-2-3-1,4-2-3-1,Andy Madley,Match Report,13,3,17.2,0,0,0,Crystal Palace,2024,October,10,Early season,False,False,0,0.4
2023-11-04,15:00,Premier League,Matchweek 11,Sat,Away,W,2,0,Burnley,1.3,1.1,33,21578.0,Joel Ward,4-2-3-1,,Peter Bankes,Match Report,4,3,13.9,0,0,0,Crystal Palace,2024,November,11,Early season,False,False,3,0.7
2023-11-11,15:00,Premier League,Matchweek 12,Sat,Home,L,2,3,Everton,2.2,1.5,67,25103.0,Joel Ward,4-2-3-1,4-4-1-1,Samuel Barrott,Match Report,12,3,17.9,0,1,1,Crystal Palace,2024,November,12,Early season,False,False,0,-0.2
2023-11-25,15:00,Premier League,Matchweek 13,Sat,Away,L,1,2,Luton Town,1.6,0.9,61,11029.0,Joel Ward,4-2-3-1,,Jarred Gillett,Match Report,16,8,16.3,1,0,0,Crystal Palace,2024,November,13,Early season,False,False,0,-0.6
2023-12-03,14:00,Premier League,Matchweek 14,Sun,Away,D,1,1,West Ham United,0.9,1.1,45,62414.0,Joel Ward,,4-2-3-1,Michael Oliver,Match Report,9,2,17.4,1,0,0,Crystal Palace,2024,December,14,Mid season,False,False,1,0.1
2023-12-06,19:30,Premier League,Matchweek 15,Wed,Home,L,0,2,Bournemouth,1.0,1.8,59,25078.0,Joel Ward,4-2-3-1,4-2-3-1,Craig Pawson,Match Report,16,3,18.9,1,0,0,Crystal Palace,2024,December,15,Mid season,False,False,0,-1.0
2023-12-09,12:30,Premier League,Matchweek 16,Sat,Home,L,1,2,Liverpool,1.7,1.2,24,25103.0,Joel Ward,,,Andy Madley,Match Report,7,3,17.4,0,1,1,Crystal Palace,2024,December,16,Mid season,False,False,0,-0.7
2023-12-16,15:00,Premier League,Matchweek 17,Sat,Away,D,2,2,Manchester City,1.8,1.6,26,53248.0,Joel Ward,,4-2-3-1,Paul Tierney,Match Report,4,1,21.1,1,1,1,Crystal Palace,2024,December,17,Mid season,False,False,1,0.2
2023-12-21,20:00,Premier League,Matchweek 18,Thu,Home,D,1,1,Brighton And Hove Albion,1.3,1.2,35,24171.0,Marc Guéhi,,4-2-3-1,John Brooks,Match Report,11,3,13.4,0,0,0,Crystal Palace,2024,December,18,Mid season,False,False,1,-0.3
2023-12-27,19:30,Premier League,Matchweek 19,Wed,Away,L,1,2,Chelsea,1.1,2.6,37,39618.0,Marc Guéhi,,4-2-3-1,Michael Salisbury,Match Report,13,5,19.6,2,0,0,Crystal Palace,2024,December,19,Mid season,False,False,0,-0.1
2023-12-30,15:00,Premier League,Matchweek 20,Sat,Home,W,3,1,Brentford,1.0,1.4,46,25472.0,Marc Guéhi,,,Robert Jones,Match Report,13,6,16.2,0,0,0,Crystal Palace,2024,December,20,Mid season,False,False,3,2.0
2024-01-20,12:30,Premier League,Matchweek 21,Sat,Away,L,0,5,Arsenal,0.3,3.3,40,60284.0,Marc Guéhi,,,Paul Tierney,Match Report,12,5,24.4,2,0,0,Crystal Palace,2024,January,21,Mid season,False,False,0,-0.3
2024-01-30,20:00,Premier League,Matchweek 22,Tue,Home,W,3,2,Sheffield United,1.1,0.8,53,24781.0,Marc Guéhi,,4-1-4-1,Tony Harrington,Match Report,12,4,17.1,0,0,0,Crystal Palace,2024,January,22,Mid season,False,False,3,1.9
2024-02-03,15:00,Premier League,Matchweek 23,Sat,Away,L,1,4,Brighton And Hove Albion,0.3,1.4,32,31345.0,Marc Guéhi,,,Simon Hooper,Match Report,7,5,20.6,0,0,0,Crystal Palace,2024,February,23,Mid season,False,False,0,0.7
2024-02-12,20:00,Premier League,Matchweek 24,Mon,Home,L,1,3,Chelsea,0.6,1.4,23,25110.0,Joachim Andersen,4-1-4-1,4-2-3-1,Michael Oliver,Match Report,13,4,18.7,0,0,0,Crystal Palace,2024,February,24,Mid season,False,False,0,0.4
2024-02-19,20:00,Premier League,Matchweek 25,Mon,Away,D,1,1,Everton,0.7,1.7,39,38164.0,Joel Ward,,4-4-1-1,Paul Tierney,Match Report,10,3,13.0,0,0,0,Crystal Palace,2024,February,25,Mid season,False,False,1,0.3
2024-02-24,15:00,Premier League,Matchweek 26,Sat,Home,W,3,0,Burnley,2.4,0.1,56,24042.0,Joel Ward,,,Lewis Smith,Match Report,14,5,15.3,1,1,1,Crystal Palace,2024,February,26,Late season,False,False,3,0.6
2024-03-02,15:00,Premier League,Matchweek 27,Sat,Away,L,1,3,Tottenham Hotspur,0.3,1.9,22,61339.0,Joel Ward,,4-2-3-1,John Brooks,Match Report,4,1,18.6,1,0,0,Crystal Palace,2024,March,27,Late season,False,False,0,0.7
2024-03-09,15:00,Premier League,Matchweek 28,Sat,Home,D,1,1,Luton Town,2.7,0.8,49,25103.0,Joel Ward,,,Sunny Singh,Match Report,21,4,16.5,0,0,0,Crystal Palace,2024,March,28,Late season,False,False,1,-1.7
2024-03-30,15:00,Premier League,Matchweek 30,Sat,Away,D,1,1,Nottingham Forest,1.2,0.9,41,29520.0,Joel Ward,,4-2-3-1,Chris Kavanagh,Match Report,10,3,18.4,0,0,0,Crystal Palace,2024,March,30,Late season,False,False,1,-0.2
2024-04-02,19:45,Premier League,Matchweek 31,Tue,Away,L,0,1,Bournemouth,0.2,1.1,50,11058.0,Joel Ward,,,Graham Scott,Match Report,3,2,15.0,0,0,0,Crystal Palace,2024,April,31,Late season,False,False,0,-0.2
2024-04-06,12:30,Premier League,Matchweek 32,Sat,Home,L,2,4,Manchester City,1.1,1.9,25,25132.0,Joel Ward,,3-2-4-1,Paul Tierney,Match Report,7,4,16.8,0,0,0,Crystal Palace,2024,April,32,Late season,False,False,0,0.9
2024-04-14,14:00,Premier League,Matchweek 33,Sun,Away,W,1,0,Liverpool,2.0,2.7,31,60090.0,Joachim Andersen,,,Chris Kavanagh,Match Report,8,4,14.1,0,0,0,Crystal Palace,2024,April,33,Late season,False,False,3,-1.0
2024-04-21,15:00,Premier League,Matchweek 34,Sun,Home,W,5,2,West Ham United,2.4,1.3,60,25145.0,Joachim Andersen,,4-2-3-1,Graham Scott,Match Report,18,7,16.6,1,0,0,Crystal Palace,2024,April,34,Late season,False,False,3,2.6
2024-04-24,20:00,Premier League,Matchweek 29,Wed,Home,W,2,0,Newcastle United,0.9,0.4,47,25002.0,Joachim Andersen,,,Thomas Bramall,Match Report,20,7,21.2,3,0,0,Crystal Palace,2024,April,29,Late season,False,False,3,1.1
2024-04-27,15:00,Premier League,Matchweek 35,Sat,Away,D,1,1,Fulham,1.0,1.1,47,24142.0,Joachim Andersen,,4-2-3-1,Stuart Attwell,Match Report,14,4,19.7,0,0,0,Crystal Palace,2024,April,35,Late season,False,False,1,0.0
2024-05-06,20:00,Premier League,Matchweek 36,Mon,Home,W,4,0,Manchester United,1.7,0.4,43,25190.0,Joachim Andersen,,4-2-3-1,Jarred Gillett,Match Report,18,10,16.8,0,0,0,Crystal Palace,2024,May,36,Late season,False,False,3,2.3
2024-05-11,15:00,Premier League,Matchweek 37,Sat,Away,W,3,1,Wolverhampton Wanderers,2.6,1.6,38,31424.0,Joachim Andersen,,3-5-1-1,Thomas Bramall,Match Report,13,3,13.6,0,0,0,Crystal Palace,2024,May,37,Late season,False,False,3,0.4
2024-05-19,16:00,Premier League,Matchweek 38,Sun,Home,W,5,0,Aston Villa,2.5,0.9,54,25191.0,Marc Guéhi,,,Darren Bond,Match Report,15,9,16.8,0,0,0,Crystal Palace,2024,May,38,Late season,False,False,3,2.5
2024-08-18,14:00,Premier League,Matchweek 1,Sun,Away,L,1,2,Brentford,1.2,1.6,54,16988.0,Marc Guéhi,,,Samuel Barrott,Match Report,14,6,19.2,1,0,0,Crystal Palace,2025,August,1,Early season,False,False,0,-0.2
2024-08-24,15:00,Premier League,Matchweek 2,Sat,Home,L,0,2,West Ham United,1.3,1.4,58,25099.0,Marc Guéhi,,4-1-4-1,Robert Jones,Match Report,14,2,19.5,0,0,0,Crystal Palace,2025,August,2,Early season,False,False,0,-1.3
2024-09-01,13:30,Premier League,Matchweek 3,Sun,Away,D,1,1,Chelsea,0.5,2.4,38,39298.0,Marc Guéhi,,4-2-3-1,Jarred Gillett,Match Report,9,3,20.6,1,0,0,Crystal Palace,2025,September,3,Early season,False,False,1,0.5
2024-09-14,15:00,Premier League,Matchweek 4,Sat,Home,D,2,2,Leicester City,2.5,1.2,66,25147.0,Marc Guéhi,,4-2-3-1,Tony Harrington,Match Report,19,3,15.4,1,1,1,Crystal Palace,2025,September,4,Early season,False,False,1,-0.5
2024-09-21,17:30,Premier League,Matchweek 5,Sat,Home,D,0,0,Manchester United,1.0,1.6,33,25172.0,Marc Guéhi,,4-2-3-1,David Coote,Match Report,9,4,14.6,0,0,0,Crystal Palace,2025,September,5,Early season,False,False,1,-1.0
2024-09-28,15:00,Premier League,Matchweek 6,Sat,Away,L,1,2,Everton,0.9,0.9,59,38954.0,Marc Guéhi,,4-2-3-1,Andy Madley,Match Report,17,4,17.3,1,0,0,Crystal Palace,2025,September,6,Early season,False,False,0,0.1
2024-10-05,12:30,Premier League,Matchweek 7,Sat,Home,L,0,1,Liverpool,0.6,1.4,32,25185.0,Marc Guéhi,,4-2-3-1,Simon Hooper,Match Report,9,5,21.9,0,0,0,Crystal Palace,2025,October,7,Early season,False,False,0,-0.6
2024-10-21,20:00,Premier League,Matchweek 8,Mon,Away,L,0,1,Nottingham Forest,1.0,1.7,49,29443.0,Marc Guéhi,3-1-4-2,4-2-3-1,Tim Robinson,Match Report,20,7,21.1,0,0,0,Crystal Palace,2025,October,8,Early season,False,False,0,-1.0
2024-10-27,14:00,Premier League,Matchweek 9,Sun,Home,W,1,0,Tottenham Hotspur,0.8,0.7,34,25108.0,Marc Guéhi,,,Darren Bond,Match Report,14,6,19.6,1,0,0,Crystal Palace,2025,October,9,Early season,False,False,3,0.2
2024-11-02,17:30,Premier League,Matchweek 10,Sat,Away,D,2,2,Wolverhampton Wanderers,2.4,1.5,43,31124.0,Marc Guéhi,,,Anthony Taylor,Match Report,19,6,13.3,0,0,0,Crystal Palace,2025,November,10,Early season,False,False,1,-0.4
2024-11-09,15:00,Premier League,Matchweek 11,Sat,Home,L,0,2,Fulham,1.5,1.8,36,25142.0,Marc Guéhi,,4-2-3-1,Michael Salisbury,Match Report,13,4,17.1,0,0,0,Crystal Palace,2025,November,11,Early season,False,False,0,-1.5
2024-11-23,15:00,Premier League,Matchweek 12,Sat,Away,D,2,2,Aston Villa,1.3,3.0,31,42175.0,Marc Guéhi,,4-2-3-1,Tim Robinson,Match Report,13,6,18.3,1,0,0,Crystal Palace,2025,November,12,Early season,False,False,1,0.7
2024-11-30,15:00,Premier League,Matchweek 13,Sat,Home,D,1,1,Newcastle United,1.7,0.0,49,25101.0,Marc Guéhi,,,Darren England,Match Report,16,3,13.6,0,0,0,Crystal Palace,2025,November,13,Early season,False,False,1,-0.7
2024-12-03,19:30,Premier League,Matchweek 14,Tue,Away,W,1,0,Ipswich Town,1.6,0.5,46,29533.0,Marc Guéhi,,4-2-3-1,Craig Pawson,Match Report,13,3,15.2,0,0,0,Crystal Palace,2025,December,14,Mid season,False,False,3,-0.6
2024-12-07,15:00,Premier League,Matchweek 15,Sat,Home,D,2,2,Manchester City,1.3,1.4,32,25142.0,Marc Guéhi,,4-2-3-1,Robert Jones,Match Report,12,3,19.1,0,0,0,Crystal Palace,2025,December,15,Mid season,False,False,1,0.7
2024-12-15,14:00,Premier League,Matchweek 16,Sun,Away,W,3,1,Brighton And Hove Albion,2.2,1.0,36,30893.0,Marc Guéhi,,4-2-3-1,Michael Oliver,Match Report,13,5,12.6,0,0,0,Crystal Palace,2025,December,16,Mid season,False,False,3,0.8
2024-12-21,17:30,Premier League,Matchweek 17,Sat,Home,L,1,5,Arsenal,1.6,2.5,42,25167.0,Marc Guéhi,,,Simon Hooper,Match Report,15,6,16.3,0,0,0,Crystal Palace,2025,December,17,Mid season,False,False,0,-0.6
2024-12-26,15:00,Premier League,Matchweek 18,Thu,Away,D,0,0,Bournemouth,0.4,1.4,48,11129.0,Marc Guéhi,,4-2-3-1,Thomas Bramall,Match Report,10,4,19.4,0,0,0,Crystal Palace,2025,December,18,Mid season,False,False,1,-0.4
2024-12-29,15:00,Premier League,Matchweek 19,Sun,Home,W,2,1,Southampton,2.0,0.9,47,25130.0,Will Hughes,,,Michael Salisbury,Match Report,19,9,17.4,2,0,0,Crystal Palace,2025,December,19,Mid season,False,False,3,0.0
2025-01-04,15:00,Premier League,Matchweek 20,Sat,Home,D,1,1,Chelsea,1.1,1.2,39,25179.0,Marc Guéhi,,4-2-3-1,Tim Robinson,Match Report,13,6,17.0,1,0,0,Crystal Palace,2025,January,20,Mid season,False,False,1,-0.1
2025-01-15,19:30,Premier League,Matchweek 21,Wed,Away,W,2,0,Leicester City,1.8,1.7,43,29766.0,Marc Guéhi,,4-2-3-1,Andy Madley,Match Report,9,4,13.3,0,0,0,Crystal Palace,2025,January,21,Mid season,False,False,3,0.2
2025-01-18,15:00,Premier League,Matchweek 22,Sat,Away,W,2,0,West Ham United,1.3,0.3,47,62469.0,Marc Guéhi,,,Thomas Bramall,Match Report,11,6,21.9,0,1,1,Crystal Palace,2025,January,22,Mid season,False,False,3,0.7
2025-01-26,14:00,Premier League,Matchweek 23,Sun,Home,L,1,2,Brentford,1.1,1.3,47,25066.0,Marc Guéhi,,4-2-3-1,Tony Harrington,Match Report,16,5,19.5,2,0,0,Crystal Palace,2025,January,23,Mid season,False,False,0,-0.1
2025-02-02,14:00,Premier League,Matchweek 24,Sun,Away,W,2,0,Manchester United,2.6,1.1,34,73751.0,Marc Guéhi,,,John Brooks,Match Report,11,3,14.4,0,0,0,Crystal Palace,2025,February,24,Mid season,False,False,3,-0.6
2025-02-15,17:30,Premier League,Matchweek 25,Sat,Home,L,1,2,Everton,1.6,0.9,58,25108.0,Marc Guéhi,,4-2-3-1,Anthony Taylor,Match Report,17,6,18.0,0,0,0,Crystal Palace,2025,February,25,Mid season,False,False,0,-0.6
2025-02-22,15:00,Premier League,Matchweek 26,Sat,Away,W,2,0,Fulham,1.3,0.2,38,26777.0,Marc Guéhi,,4-2-3-1,Robert Jones,Match Report,10,5,16.5,1,0,0,Crystal Palace,2025,February,26,Late season,False,False,3,0.7
2025-02-25,19:30,Premier League,Matchweek 27,Tue,Home,W,4,1,Aston Villa,4.3,0.4,36,24712.0,Marc Guéhi,,,Samuel Barrott,Match Report,19,6,14.6,1,0,0,Crystal Palace,2025,February,27,Late season,False,False,3,-0.3
2025-03-08,15:00,Premier League,Matchweek 28,Sat,Home,W,1,0,Ipswich Town,3.2,1.5,55,25155.0,Marc Guéhi,,4-2-3-1,Simon Hooper,Match Report,19,4,14.6,1,0,0,Crystal Palace,2025,March,28,Late season,False,False,3,-2.2
2025-04-02,19:45,Premier League,Matchweek 30,Wed,Away,D,1,1,Southampton,0.7,0.7,57,30158.0,Marc Guéhi,,,Andy Madley,Match Report,9,3,17.8,1,0,0,Crystal Palace,2025,April,30,Late season,False,False,1,0.3
2025-04-05,15:00,Premier League,Matchweek 31,Sat,Home,W,2,1,Brighton And Hove Albion,0.6,1.0,38,24564.0,Marc Guéhi,,4-2-3-1,Anthony Taylor,Match Report,8,3,18.5,1,0,0,Crystal Palace,2025,April,31,Late season,False,False,3,1.4
2025-04-12,12:30,Premier League,Matchweek 32,Sat,Away,L,2,5,Manchester City,1.8,3.7,33,52489.0,Dean Henderson,,4-2-3-1,Jarred Gillett,Match Report,8,3,18.2,1,0,0,Crystal Palace,2025,April,32,Late season,False,False,0,0.2
2025-04-16,19:30,Premier League,Matchweek 29,Wed,Away,L,0,5,Newcastle United,2.0,1.5,41,52197.0,Marc Guéhi,,,Darren England,Match Report,10,2,14.8,0,0,1,Crystal Palace,2025,April,29,Late season,False,False,0,-2.0
2025-04-19,15:00,Premier League,Matchweek 33,Sat,Home,D,0,0,Bournemouth,0.4,0.7,29,25185.0,Marc Guéhi,,4-2-3-1,Samuel Barrott,Match Report,5,0,17.7,1,0,0,Crystal Palace,2025,April,33,Late season,False,False,1,-0.4
2025-04-23,20:00,Premier League,Matchweek 34,Wed,Away,D,2,2,Arsenal,1.7,1.2,33,60167.0,Marc Guéhi,,,Michael Salisbury,Match Report,15,4,15.0,0,0,0,Crystal Palace,2025,April,34,Late season,False,False,1,0.3
2025-05-05,20:00,Premier League,Matchweek 35,Mon,Home,D,1,1,Nottingham Forest,2.3,0.7,50,25096.0,Marc Guéhi,,4-2-3-1,Andy Madley,Match Report,19,2,15.2,0,1,1,Crystal Palace,2025,May,35,Late season,False,False,1,-1.3
2025-05-11,14:15,Premier League,Matchweek 36,Sun,Away,W,2,0,Tottenham Hotspur,3.3,0.7,52,60254.0,Marc Guéhi,,,Chris Kavanagh,Match Report,23,9,15.2,0,0,0,Crystal Palace,2025,May,36,Late season,False,False,3,-1.3
2025-05-20,20:00,Premier League,Matchweek 37,Tue,Home,W,4,2,Wolverhampton Wanderers,1.7,1.4,31,24766.0,Joel Ward,,,David Webb,Match Report,14,10,17.0,1,0,0,Crystal Palace,2025,May,37,Late season,False,False,3,2.3
2025-05-25,16:00,Premier League,Matchweek 38,Sun,Away,D,1,1,Liverpool,1.8,2.1,31,60382.0,Dean Henderson,,4-2-3-1,Darren England,Match Report,8,5,16.1,0,0,0,Crystal Palace,2025,May,38,Late season,False,False,1,-0.8
2020-09-13,16:30,Premier League,Matchweek 1,Sun,Away,W,1,0,Tottenham Hotspur,1.2,1.1,48,,Séamus Coleman,,4-2-3-1,Martin Atkinson,Match Report,15,4,17.8,0,0,0,Everton,2021,September,1,Early season,False,,3,-0.2
2020-09-19,12:30,Premier League,Matchweek 2,Sat,Home,W,5,2,West Bromwich Albion,3.9,0.3,71,,Séamus Coleman,,,Mike Dean,Match Report,17,7,12.0,1,0,0,Everton,2021,September,2,Early season,False,,3,1.1
2020-09-26,15:00,Premier League,Matchweek 3,Sat,Away,W,2,1,Crystal Palace,1.9,0.4,58,,Séamus Coleman,,,Kevin Friend,Match Report,9,4,17.2,1,1,1,Everton,2021,September,3,Early season,False,,3,0.1
2020-10-03,15:00,Premier League,Matchweek 4,Sat,Home,W,4,2,Brighton And Hove Albion,1.6,1.3,43,,Séamus Coleman,,,Simon Hooper,Match Report,11,6,16.3,0,0,0,Everton,2021,October,4,Early season,False,,3,2.4
2020-10-17,12:30,Premier League,Matchweek 5,Sat,Home,D,2,2,Liverpool,1.2,2.6,42,,Séamus Coleman,,,Michael Oliver,Match Report,11,5,17.4,0,0,0,Everton,2021,October,5,Early season,False,,1,0.8
2020-10-25,14:00,Premier League,Matchweek 6,Sun,Away,L,0,2,Southampton,0.4,0.7,46,,Gylfi Sigurðsson,,,Kevin Friend,Match Report,6,2,20.3,1,0,0,Everton,2021,October,6,Early season,False,,0,-0.4
2020-11-01,14:00,Premier League,Matchweek 7,Sun,Away,L,1,2,Newcastle United,1.5,2.9,61,,Gylfi Sigurðsson,4-3-2-1,,Stuart Attwell,Match Report,15,4,19.1,0,0,0,Everton,2021,November,7,Early season,False,,0,-0.5
2020-11-07,12:30,Premier League,Matchweek 8,Sat,Home,L,1,3,Manchester United,0.4,1.5,55,,Séamus Coleman,,4-2-3-1,Paul Tierney,Match Report,7,1,16.2,0,0,0,Everton,2021,November,8,Early season,False,,0,0.6
2020-11-22,12:00,Premier League,Matchweek 9,Sun,Away,W,3,2,Fulham,2.0,1.9,46,,Lucas Digne,,4-2-3-1,Andy Madley,Match Report,9,7,15.1,0,0,0,Everton,2021,November,9,Early season,False,,3,1.0
2020-11-28,17:30,Premier League,Matchweek 10,Sat,Home,L,0,1,Leeds United,1.2,2.9,41,,Mason Holgate,,4-4-1-1,Chris Kavanagh,Match Report,15,8,17.7,0,0,0,Everton,2021,November,10,Early season,False,,0,-1.2
2020-12-05,12:30,Premier League,Matchweek 11,Sat,Away,D,1,1,Burnley,2.2,0.8,58,,Michael Keane,,,Anthony Taylor,Match Report,13,6,17.8,0,0,0,Everton,2021,December,11,Early season,False,,1,-1.2
2020-12-12,20:00,Premier League,Matchweek 12,Sat,Home,W,1,0,Chelsea,1.2,0.7,29,2000.0,Gylfi Sigurðsson,,,Jonathan Moss,Match Report,8,3,17.1,1,1,1,Everton,2021,December,12,Early season,False,True,3,-0.2
2020-12-16,18:00,Premier League,Matchweek 13,Wed,Away,W,2,0,Leicester City,1.4,0.8,39,,Gylfi Sigurðsson,,4-2-3-1,Lee Mason,Match Report,11,6,13.0,0,0,0,Everton,2021,December,13,Early season,False,,3,0.6
2020-12-19,17:30,Premier League,Matchweek 14,Sat,Home,W,2,1,Arsenal,0.6,1.4,43,,Gylfi Sigurðsson,4-2-3-1,,Andre Marriner,Match Report,9,2,19.7,1,0,0,Everton,2021,December,14,Mid season,False,,3,1.4
2020-12-26,20:00,Premier League,Matchweek 15,Sat,Away,W,1,0,Sheffield United,0.7,1.4,56,,Gylfi Sigurðsson,4-2-3-1,,David Coote,Match Report,7,3,19.9,0,0,0,Everton,2021,December,15,Mid season,False,,3,0.3
2021-01-01,17:30,Premier League,Matchweek 17,Fri,Home,L,0,1,West Ham United,0.4,1.3,60,,Séamus Coleman,4-2-3-1,4-2-3-1,Kevin Friend,Match Report,10,2,21.0,0,0,0,Everton,2021,January,17,Mid season,False,,0,-0.4
2021-01-12,20:15,Premier League,Matchweek 18,Tue,Away,W,2,1,Wolverhampton Wanderers,0.6,0.7,48,,Gylfi Sigurðsson,,,Martin Atkinson,Match Report,5,3,11.7,0,0,0,Everton,2021,January,18,Mid season,False,,3,1.4
2021-01-27,20:15,Premier League,Matchweek 20,Wed,Home,D,1,1,Leicester City,0.5,1.2,35,,Lucas Digne,,4-2-3-1,Mike Dean,Match Report,8,2,15.0,0,0,0,Everton,2021,January,20,Mid season,False,,1,0.5
2021-01-30,12:30,Premier League,Matchweek 21,Sat,Home,L,0,2,Newcastle United,0.8,1.7,60,,Séamus Coleman,4-2-3-1,4-3-1-2,Stuart Attwell,Match Report,11,3,17.5,0,0,0,Everton,2021,January,21,Mid season,False,,0,-0.8
2021-02-03,19:30,Premier League,Matchweek 22,Wed,Away,W,2,1,Leeds United,1.6,1.3,37,,Gylfi Sigurðsson,4-2-3-1,4-1-4-1,Michael Oliver,Match Report,10,6,15.9,0,0,0,Everton,2021,February,22,Mid season,False,,3,0.4
2021-02-06,20:00,Premier League,Matchweek 23,Sat,Away,D,3,3,Manchester United,1.5,1.8,39,,Lucas Digne,4-3-1-2,4-2-3-1,Jonathan Moss,Match Report,6,3,13.7,0,0,0,Everton,2021,February,23,Mid season,False,,1,1.5
2021-02-14,19:00,Premier League,Matchweek 24,Sun,Home,L,0,2,Fulham,0.3,2.5,50,,Séamus Coleman,4-3-1-2,,Andy Madley,Match Report,7,2,18.7,0,0,0,Everton,2021,February,24,Mid season,False,,0,-0.3
2021-02-17,20:15,Premier League,Matchweek 16,Wed,Home,L,1,3,Manchester City,1.0,1.0,29,,Gylfi Sigurðsson,4-4-1-1,,Andre Marriner,Match Report,3,2,9.4,0,0,0,Everton,2021,February,16,Mid season,False,,0,0.0
2021-02-20,17:30,Premier League,Matchweek 25,Sat,Away,W,2,0,Liverpool,1.6,1.4,29,,Séamus Coleman,,,Chris Kavanagh,Match Report,8,5,22.8,1,1,1,Everton,2021,February,25,Mid season,False,,3,0.4
2021-03-01,20:00,Premier League,Matchweek 26,Mon,Home,W,1,0,Southampton,1.2,0.6,47,,Gylfi Sigurðsson,4-3-1-2,,Martin Atkinson,Match Report,7,1,13.8,1,0,0,Everton,2021,March,26,Late season,False,,3,-0.2
2021-03-04,18:00,Premier League,Matchweek 29,Thu,Away,W,1,0,West Bromwich Albion,1.0,1.0,51,,Lucas Digne,,4-1-4-1,Darren England,Match Report,11,3,20.8,0,0,0,Everton,2021,March,29,Late season,False,,3,0.0
2021-03-08,18:00,Premier League,Matchweek 27,Mon,Away,L,0,2,Chelsea,0.3,2.4,35,,Gylfi Sigurðsson,3-4-1-2,,David Coote,Match Report,7,1,24.0,1,0,0,Everton,2021,March,27,Late season,False,,0,-0.3
2021-03-13,17:30,Premier League,Matchweek 28,Sat,Home,L,1,2,Burnley,1.5,0.8,65,,Lucas Digne,4-1-2-1-2◆,,Jonathan Moss,Match Report,14,4,16.6,0,0,0,Everton,2021,March,28,Late season,False,,0,-0.5
2021-04-05,18:00,Premier League,Matchweek 30,Mon,Home,D,1,1,Crystal Palace,2.5,0.7,48,,Séamus Coleman,3-4-1-2,,Kevin Friend,Match Report,15,7,15.1,1,0,0,Everton,2021,April,30,Late season,False,,1,-1.5
2021-04-12,20:15,Premier League,Matchweek 31,Mon,Away,D,0,0,Brighton And Hove Albion,0.4,1.2,45,,Séamus Coleman,,,Darren England,Match Report,8,1,22.0,1,0,0,Everton,2021,April,31,Late season,False,,1,-0.4
2021-04-16,20:00,Premier League,Matchweek 32,Fri,Home,D,2,2,Tottenham Hotspur,1.8,1.4,53,,Gylfi Sigurðsson,,3-4-1-2,Michael Oliver,Match Report,17,6,18.5,1,1,1,Everton,2021,April,32,Late season,False,,1,0.2
2021-04-23,20:00,Premier League,Matchweek 33,Fri,Away,W,1,0,Arsenal,0.5,0.8,41,,Séamus Coleman,4-2-3-1,4-2-3-1,Jonathan Moss,Match Report,8,1,20.8,2,0,0,Everton,2021,April,33,Late season,False,,3,0.5
2021-05-01,20:00,Premier League,Matchweek 34,Sat,Home,L,1,2,Aston Villa,1.0,1.6,47,,Séamus Coleman,4-2-3-1,4-2-3-1,Simon Hooper,Match Report,16,3,19.6,0,0,0,Everton,2021,May,34,Late season,False,,0,0.0
2021-05-09,16:30,Premier League,Matchweek 35,Sun,Away,W,1,0,West Ham United,1.5,1.3,32,,Séamus Coleman,,4-2-3-1,Stuart Attwell,Match Report,9,3,12.5,1,0,0,Everton,2021,May,35,Late season,False,,3,-0.5
2021-05-13,18:00,Premier League,Matchweek 19,Thu,Away,D,0,0,Aston Villa,1.0,0.6,42,,Séamus Coleman,,4-2-3-1,Martin Atkinson,Match Report,15,5,14.6,1,0,0,Everton,2021,May,19,Mid season,False,,1,-1.0
2021-05-16,19:00,Premier League,Matchweek 36,Sun,Home,L,0,1,Sheffield United,1.4,1.2,62,,Séamus Coleman,4-2-3-1,,Jonathan Moss,Match Report,16,6,15.9,0,0,0,Everton,2021,May,36,Late season,False,,0,-1.4
2021-05-19,18:00,Premier League,Matchweek 37,Wed,Home,W,1,0,Wolverhampton Wanderers,0.7,0.3,41,4988.0,Séamus Coleman,,3-4-1-2,Andy Madley,Match Report,14,4,15.9,0,0,0,Everton,2021,May,37,Late season,False,True,3,0.3
2021-05-23,16:00,Premier League,Matchweek 38,Sun,Away,L,0,5,Manchester City,1.1,2.5,33,10000.0,Gylfi Sigurðsson,4-3-1-2,,Michael Oliver,Match Report,7,2,23.1,0,0,1,Everton,2021,May,38,Late season,False,False,0,-1.1
2021-08-14,15:00,Premier League,Matchweek 1,Sat,Home,W,3,1,Southampton,2.4,0.8,48,38487.0,Séamus Coleman,4-2-3-1,,Andy Madley,Match Report,14,6,12.5,1,0,0,Everton,2022,August,1,Early season,False,False,3,0.6
2021-08-21,15:00,Premier League,Matchweek 2,Sat,Away,D,2,2,Leeds United,1.8,1.2,31,36293.0,Séamus Coleman,4-4-1-1,3-3-3-1,Darren England,Match Report,16,7,20.9,0,1,1,Everton,2022,August,2,Early season,False,False,1,0.2
2021-08-28,15:00,Premier League,Matchweek 3,Sat,Away,W,2,0,Brighton And Hove Albion,1.4,0.7,35,30548.0,Séamus Coleman,4-4-1-1,,Jonathan Moss,Match Report,13,4,21.2,0,1,1,Everton,2022,August,3,Early season,False,False,3,0.6
2021-09-13,20:00,Premier League,Matchweek 4,Mon,Home,W,3,1,Burnley,1.4,1.0,52,30000.0,Séamus Coleman,,,Martin Atkinson,Match Report,14,6,19.5,1,0,0,Everton,2022,September,4,Early season,False,False,3,1.6
2021-09-18,17:30,Premier League,Matchweek 5,Sat,Away,L,0,3,Aston Villa,0.7,0.8,45,41888.0,Lucas Digne,4-4-1-1,,Craig Pawson,Match Report,11,1,16.2,1,0,0,Everton,2022,September,5,Early season,False,False,0,-0.7
2021-09-25,15:00,Premier League,Matchweek 6,Sat,Home,W,2,0,Norwich City,1.9,0.5,47,38821.0,Lucas Digne,4-4-1-1,,David Coote,Match Report,10,3,18.8,0,1,1,Everton,2022,September,6,Early season,False,False,3,0.1
2021-10-02,12:30,Premier League,Matchweek 7,Sat,Away,D,1,1,Manchester United,1.3,1.0,28,73128.0,Lucas Digne,4-4-1-1,4-2-3-1,Michael Oliver,Match Report,12,2,14.5,0,0,0,Everton,2022,October,7,Early season,False,False,1,-0.3
2021-10-17,14:00,Premier League,Matchweek 8,Sun,Home,L,0,1,West Ham United,0.9,1.2,39,39132.0,Séamus Coleman,4-4-1-1,4-2-3-1,Stuart Attwell,Match Report,15,2,14.7,0,0,0,Everton,2022,October,8,Early season,False,False,0,-0.9
2021-10-23,15:00,Premier League,Matchweek 9,Sat,Home,L,2,5,Watford,1.5,3.7,49,38834.0,Séamus Coleman,4-4-1-1,4-1-4-1,Graham Scott,Match Report,15,4,15.7,0,0,0,Everton,2022,October,9,Early season,False,False,0,0.5
2021-11-01,20:00,Premier League,Matchweek 10,Mon,Away,L,1,2,Wolverhampton Wanderers,1.5,1.7,39,30617.0,Séamus Coleman,,,Martin Atkinson,Match Report,14,5,15.7,0,0,0,Everton,2022,November,10,Early season,False,False,0,-0.5
2021-11-07,14:00,Premier League,Matchweek 11,Sun,Home,D,0,0,Tottenham Hotspur,0.6,0.7,45,39059.0,Séamus Coleman,4-4-1-1,,Chris Kavanagh,Match Report,12,2,18.3,0,0,0,Everton,2022,November,11,Early season,False,False,1,-0.6
2021-11-21,14:00,Premier League,Matchweek 12,Sun,Away,L,0,3,Manchester City,0.2,2.5,23,52571.0,Séamus Coleman,4-4-1-1,,Stuart Attwell,Match Report,4,1,15.5,1,0,0,Everton,2022,November,12,Early season,False,False,0,-0.2
2021-11-28,14:00,Premier League,Matchweek 13,Sun,Away,L,0,1,Brentford,1.0,1.2,60,16957.0,Séamus Coleman,4-4-1-1,,Darren England,Match Report,14,5,16.6,1,0,0,Everton,2022,November,13,Early season,False,False,0,-1.0
2021-12-01,20:15,Premier League,Matchweek 14,Wed,Home,L,1,4,Liverpool,0.7,2.4,33,39641.0,Séamus Coleman,,,Paul Tierney,Match Report,8,2,20.8,1,0,0,Everton,2022,December,14,Mid season,False,False,0,0.3
2021-12-06,20:00,Premier League,Matchweek 15,Mon,Home,W,2,1,Arsenal,0.9,1.0,37,38906.0,Séamus Coleman,4-4-1-1,4-2-3-1,Mike Dean,Match Report,11,5,17.1,0,0,0,Everton,2022,December,15,Mid season,False,False,3,1.1
2021-12-12,16:30,Premier League,Matchweek 16,Sun,Away,L,1,3,Crystal Palace,1.0,1.8,39,24066.0,Séamus Coleman,4-1-4-1,,Andy Madley,Match Report,12,6,20.5,1,0,0,Everton,2022,December,16,Mid season,False,False,0,0.0
2021-12-16,19:45,Premier League,Matchweek 17,Thu,Away,D,1,1,Chelsea,0.6,2.9,20,13933.0,Michael Keane,,,Michael Oliver,Match Report,5,3,21.1,0,0,0,Everton,2022,December,17,Mid season,False,False,1,0.4
2022-01-02,14:00,Premier League,Matchweek 21,Sun,Home,L,2,3,Brighton And Hove Albion,1.6,1.7,50,38203.0,Séamus Coleman,,,John Brooks,Match Report,16,6,17.9,0,0,1,Everton,2022,January,21,Mid season,False,False,0,0.4
2022-01-15,15:00,Premier League,Matchweek 22,Sat,Away,L,1,2,Norwich City,0.6,1.0,59,26629.0,Séamus Coleman,,,Andy Madley,Match Report,12,5,17.0,1,0,0,Everton,2022,January,22,Mid season,False,False,0,0.4
2022-01-22,12:30,Premier League,Matchweek 23,Sat,Home,L,0,1,Aston Villa,1.6,0.8,50,38203.0,Yerry Mina,,,Craig Pawson,Match Report,15,0,14.1,2,0,0,Everton,2022,January,23,Mid season,False,False,0,-1.6
2022-02-08,19:45,Premier League,Matchweek 24,Tue,Away,L,1,3,Newcastle United,0.7,1.9,60,52186.0,Séamus Coleman,,,Anthony Taylor,Match Report,11,2,19.1,1,0,0,Everton,2022,February,24,Mid season,False,False,0,0.3
2022-02-12,15:00,Premier League,Matchweek 25,Sat,Home,W,3,0,Leeds United,2.7,0.3,42,39150.0,Séamus Coleman,,3-3-3-1,Graham Scott,Match Report,21,10,18.2,0,0,0,Everton,2022,February,25,Mid season,False,False,3,0.3
2022-02-19,15:00,Premier League,Matchweek 26,Sat,Away,L,0,2,Southampton,0.3,2.5,45,31312.0,Séamus Coleman,,,Andy Madley,Match Report,9,0,23.4,0,0,0,Everton,2022,February,26,Late season,False,False,0,-0.3
2022-02-26,17:30,Premier League,Matchweek 27,Sat,Home,L,0,1,Manchester City,0.5,1.8,33,39105.0,Séamus Coleman,,,Paul Tierney,Match Report,6,2,19.1,1,0,0,Everton,2022,February,27,Late season,False,False,0,-0.5
2022-03-07,20:00,Premier League,Matchweek 28,Mon,Away,L,0,5,Tottenham Hotspur,0.2,2.5,45,59647.0,Séamus Coleman,4-2-3-1,,Stuart Attwell,Match Report,6,0,22.5,1,0,0,Everton,2022,March,28,Late season,False,False,0,-0.2
2022-03-13,14:00,Premier League,Matchweek 29,Sun,Home,L,0,1,Wolverhampton Wanderers,0.4,0.8,39,39112.0,Séamus Coleman,,,Michael Oliver,Match Report,7,2,20.5,1,0,0,Everton,2022,March,29,Late season,False,False,0,-0.4
2022-03-17,19:45,Premier League,Matchweek 20,Thu,Home,W,1,0,Newcastle United,0.7,0.9,39,39068.0,Séamus Coleman,4-2-3-1,,Craig Pawson,Match Report,9,3,17.2,1,0,0,Everton,2022,March,20,Mid season,False,False,3,0.3
2022-04-03,14:00,Premier League,Matchweek 31,Sun,Away,L,1,2,West Ham United,0.7,1.2,45,59953.0,Michael Keane,,4-2-3-1,Michael Oliver,Match Report,13,2,18.7,0,0,0,Everton,2022,April,31,Late season,False,False,0,0.3
2022-04-06,19:30,Premier League,Matchweek 19,Wed,Away,L,2,3,Burnley,2.4,2.0,48,19830.0,Jordan Pickford,,,Mike Dean,Match Report,14,2,19.5,0,2,2,Everton,2022,April,19,Mid season,False,False,0,-0.4
2022-04-09,12:30,Premier League,Matchweek 32,Sat,Home,W,1,0,Manchester United,0.4,0.8,33,39080.0,Séamus Coleman,,4-2-3-1,Jonathan Moss,Match Report,7,3,18.3,0,0,0,Everton,2022,April,32,Late season,False,False,3,0.6
2022-04-20,19:45,Premier League,Matchweek 18,Wed,Home,D,1,1,Leicester City,1.8,0.9,37,39153.0,Séamus Coleman,,4-2-3-1,David Coote,Match Report,13,3,14.7,0,0,0,Everton,2022,April,18,Mid season,False,False,1,-0.8
2022-04-24,16:30,Premier League,Matchweek 34,Sun,Away,L,0,2,Liverpool,0.4,1.7,18,53213.0,Séamus Coleman,,,Stuart Attwell,Match Report,9,1,19.1,1,0,0,Everton,2022,April,34,Late season,False,False,0,-0.4
2022-05-01,14:00,Premier League,Matchweek 35,Sun,Home,W,1,0,Chelsea,0.8,0.8,23,39256.0,Séamus Coleman,,3-4-1-2,Kevin Friend,Match Report,9,4,17.8,1,0,0,Everton,2022,May,35,Late season,False,False,3,0.2
2022-05-08,14:00,Premier League,Matchweek 36,Sun,Away,W,2,1,Leicester City,1.1,1.5,34,32001.0,Séamus Coleman,,3-1-4-2,Craig Pawson,Match Report,10,4,13.8,0,0,0,Everton,2022,May,36,Late season,False,False,3,0.9
2022-05-11,19:45,Premier League,Matchweek 30,Wed,Away,D,0,0,Watford,0.7,0.3,52,20653.0,Séamus Coleman,,,Mike Dean,Match Report,16,5,16.8,0,0,0,Everton,2022,May,30,Late season,False,False,1,-0.7
2022-05-15,16:30,Premier League,Matchweek 37,Sun,Home,L,2,3,Brentford,2.1,1.4,28,38819.0,Séamus Coleman,,,Michael Oliver,Match Report,9,4,17.4,0,1,1,Everton,2022,May,37,Late season,False,False,0,-0.1
2022-05-19,19:45,Premier League,Matchweek 33,Thu,Home,W,3,2,Crystal Palace,0.8,1.1,43,38448.0,Séamus Coleman,,,Anthony Taylor,Match Report,12,6,18.5,1,0,0,Everton,2022,May,33,Late season,False,False,3,2.2
2022-05-22,16:00,Premier League,Matchweek 38,Sun,Away,L,1,5,Arsenal,1.1,4.2,27,60201.0,Asmir Begović,,4-2-3-1,Andre Marriner,Match Report,6,2,17.7,0,0,0,Everton,2022,May,38,Late season,False,False,0,-0.1
2022-08-06,17:30,Premier League,Matchweek 1,Sat,Home,L,0,1,Chelsea,0.7,1.5,38,39254.0,Jordan Pickford,,,Craig Pawson,Match Report,8,3,13.5,0,0,0,Everton,2023,August,1,Early season,False,False,0,-0.7
2022-08-13,12:30,Premier League,Matchweek 2,Sat,Away,L,1,2,Aston Villa,1.6,2.3,43,41883.0,Jordan Pickford,,4-1-2-1-2,Michael Oliver,Match Report,15,4,14.8,0,0,0,Everton,2023,August,2,Early season,False,False,0,-0.6
2022-08-20,15:00,Premier League,Matchweek 3,Sat,Home,D,1,1,Nottingham Forest,1.5,1.0,49,39271.0,Jordan Pickford,,3-4-1-2,Andre Marriner,Match Report,19,8,20.8,1,0,0,Everton,2023,August,3,Early season,False,False,1,-0.5
2022-08-27,15:00,Premier League,Matchweek 4,Sat,Away,D,1,1,Brentford,1.1,2.1,42,17009.0,Jordan Pickford,,,John Brooks,Match Report,14,7,16.7,0,0,0,Everton,2023,August,4,Early season,False,False,1,-0.1
2022-08-30,20:00,Premier League,Matchweek 5,Tue,Away,D,1,1,Leeds United,1.0,1.0,31,36338.0,Jordan Pickford,,4-2-3-1,Darren England,Match Report,7,2,19.1,1,0,0,Everton,2023,August,5,Early season,False,False,1,0.0
2022-09-03,12:30,Premier League,Matchweek 6,Sat,Home,D,0,0,Liverpool,1.7,2.1,39,39240.0,Jordan Pickford,,,Anthony Taylor,Match Report,14,3,15.5,0,0,0,Everton,2023,September,6,Early season,False,False,1,-1.7
2022-09-18,14:15,Premier League,Matchweek 8,Sun,Home,W,1,0,West Ham United,0.4,1.0,53,39298.0,Conor Coady,,4-2-3-1,Michael Oliver,Match Report,7,2,21.4,0,0,0,Everton,2023,September,8,Early season,False,False,3,0.6
2022-10-01,15:00,Premier League,Matchweek 9,Sat,Away,W,2,1,Southampton,2.0,1.7,45,30510.0,Séamus Coleman,,,Andre Marriner,Match Report,12,5,17.4,1,0,0,Everton,2023,October,9,Early season,False,False,3,0.0
2022-10-09,19:00,Premier League,Matchweek 10,Sun,Home,L,1,2,Manchester United,0.6,1.4,40,39258.0,Séamus Coleman,,4-2-3-1,David Coote,Match Report,11,2,17.4,0,0,0,Everton,2023,October,10,Early season,False,False,0,0.4
2022-10-15,17:30,Premier League,Matchweek 11,Sat,Away,L,0,2,Tottenham Hotspur,0.4,2.2,38,61812.0,Séamus Coleman,,,Paul Tierney,Match Report,4,0,13.5,0,0,0,Everton,2023,October,11,Early season,False,False,0,-0.4
2022-10-19,19:30,Premier League,Matchweek 12,Wed,Away,L,0,1,Newcastle United,0.2,1.5,51,52247.0,Séamus Coleman,,,Tony Harrington,Match Report,1,0,7.5,0,0,0,Everton,2023,October,12,Early season,False,False,0,-0.2
2022-10-22,15:00,Premier League,Matchweek 13,Sat,Home,W,3,0,Crystal Palace,1.4,0.9,46,38939.0,Séamus Coleman,4-2-3-1,4-1-4-1,Simon Hooper,Match Report,9,6,16.8,0,0,0,Everton,2023,October,13,Early season,False,False,3,1.6
2022-10-29,17:30,Premier League,Matchweek 14,Sat,Away,D,0,0,Fulham,0.9,1.9,44,23534.0,Séamus Coleman,4-2-3-1,4-2-3-1,John Brooks,Match Report,9,4,12.2,0,0,0,Everton,2023,October,14,Mid season,False,False,1,-0.9
2022-11-05,17:30,Premier League,Matchweek 15,Sat,Home,L,0,2,Leicester City,1.2,2.3,49,39206.0,Séamus Coleman,,4-1-4-1,David Coote,Match Report,12,2,12.9,0,0,0,Everton,2023,November,15,Mid season,False,False,0,-1.2
2022-11-12,15:00,Premier League,Matchweek 16,Sat,Away,L,0,3,Bournemouth,0.8,2.4,64,10382.0,Jordan Pickford,,,Craig Pawson,Match Report,15,3,18.0,0,0,0,Everton,2023,November,16,Mid season,False,False,0,-0.8
2022-12-26,15:00,Premier League,Matchweek 17,Mon,Home,L,1,2,Wolverhampton Wanderers,1.7,0.8,58,39252.0,Jordan Pickford,,,Craig Pawson,Match Report,12,5,19.2,2,0,0,Everton,2023,December,17,Mid season,False,False,0,-0.7
2022-12-31,15:00,Premier League,Matchweek 18,Sat,Away,D,1,1,Manchester City,0.1,1.7,26,53444.0,Jordan Pickford,,,Andy Madley,Match Report,2,1,25.1,0,0,0,Everton,2023,December,18,Mid season,False,False,1,0.9
2023-01-03,19:45,Premier League,Matchweek 19,Tue,Home,L,1,4,Brighton And Hove Albion,1.3,2.2,49,39103.0,Jordan Pickford,,4-2-3-1,Andre Marriner,Match Report,9,3,19.0,0,1,1,Everton,2023,January,19,Mid season,False,False,0,-0.3
2023-01-14,15:00,Premier League,Matchweek 20,Sat,Home,L,1,2,Southampton,1.4,1.2,52,39305.0,Séamus Coleman,,4-2-3-1,John Brooks,Match Report,12,4,16.0,0,0,0,Everton,2023,January,20,Mid season,False,False,0,-0.4
2023-01-21,15:00,Premier League,Matchweek 21,Sat,Away,L,0,2,West Ham United,0.5,2.2,67,62470.0,Séamus Coleman,,,Stuart Attwell,Match Report,5,2,14.7,0,0,0,Everton,2023,January,21,Mid season,False,False,0,-0.5
2023-02-04,12:30,Premier League,Matchweek 22,Sat,Home,W,1,0,Arsenal,1.7,0.9,30,39314.0,Séamus Coleman,,,David Coote,Match Report,12,4,16.4,0,0,0,Everton,2023,February,22,Mid season,False,False,3,-0.7
2023-02-13,20:00,Premier League,Matchweek 23,Mon,Away,L,0,2,Liverpool,0.4,2.3,41,53027.0,Séamus Coleman,,,Simon Hooper,Match Report,6,1,15.3,0,0,0,Everton,2023,February,23,Mid season,False,False,0,-0.4
2023-02-18,15:00,Premier League,Matchweek 24,Sat,Home,W,1,0,Leeds United,1.4,0.5,51,39232.0,Séamus Coleman,,4-2-3-1,Andy Madley,Match Report,15,4,15.7,0,0,0,Everton,2023,February,24,Mid season,False,False,3,-0.4
2023-02-25,15:00,Premier League,Matchweek 25,Sat,Home,L,0,2,Aston Villa,1.6,1.9,47,39309.0,Séamus Coleman,4-1-4-1,,Anthony Taylor,Match Report,15,4,12.6,2,0,0,Everton,2023,February,25,Mid season,False,False,0,-1.6
2023-03-01,19:45,Premier League,Matchweek 7,Wed,Away,L,0,4,Arsenal,1.2,2.4,27,60213.0,Séamus Coleman,,,Michael Oliver,Match Report,8,5,14.9,0,0,0,Everton,2023,March,7,Early season,False,False,0,-1.2
2023-03-05,14:00,Premier League,Matchweek 26,Sun,Away,D,2,2,Nottingham Forest,1.7,0.8,43,29353.0,Séamus Coleman,,4-3-2-1,John Brooks,Match Report,9,2,17.0,0,1,1,Everton,2023,March,26,Late season,False,False,1,0.3
2023-03-11,15:00,Premier League,Matchweek 27,Sat,Home,W,1,0,Brentford,1.0,2.0,33,39274.0,Séamus Coleman,,,Simon Hooper,Match Report,13,6,17.0,1,0,0,Everton,2023,March,27,Late season,False,False,3,0.0
2023-03-18,17:30,Premier League,Matchweek 28,Sat,Away,D,2,2,Chelsea,1.2,2.3,32,40025.0,Séamus Coleman,,,Darren England,Match Report,12,3,18.9,1,0,0,Everton,2023,March,28,Late season,False,False,1,0.8
2023-04-03,20:00,Premier League,Matchweek 29,Mon,Home,D,1,1,Tottenham Hotspur,0.9,1.4,39,39294.0,Séamus Coleman,4-1-4-1,,David Coote,Match Report,15,6,19.3,0,0,0,Everton,2023,April,29,Late season,False,False,1,0.1
2023-04-08,12:30,Premier League,Matchweek 30,Sat,Away,L,0,2,Manchester United,1.0,3.4,37,73509.0,Séamus Coleman,,4-2-3-1,Michael Oliver,Match Report,15,1,18.0,0,0,0,Everton,2023,April,30,Late season,False,False,0,-1.0
2023-04-15,15:00,Premier League,Matchweek 31,Sat,Home,L,1,3,Fulham,1.4,1.8,46,39241.0,Jordan Pickford,,4-2-3-1,Anthony Taylor,Match Report,15,7,17.1,0,0,0,Everton,2023,April,31,Late season,False,False,0,-0.4
2023-04-22,15:00,Premier League,Matchweek 32,Sat,Away,D,0,0,Crystal Palace,0.4,0.5,44,25202.0,Jordan Pickford,4-2-3-1,,John Brooks,Match Report,10,5,22.4,0,0,0,Everton,2023,April,32,Late season,False,False,1,-0.4
2023-04-27,19:45,Premier League,Matchweek 33,Thu,Home,L,1,4,Newcastle United,0.9,2.4,40,39248.0,Jordan Pickford,,,Andre Marriner,Match Report,13,5,22.3,1,0,0,Everton,2023,April,33,Late season,False,False,0,0.1
2023-05-01,20:00,Premier League,Matchweek 34,Mon,Away,D,2,2,Leicester City,3.1,3.4,46,32173.0,Séamus Coleman,4-2-3-1,,Michael Oliver,Match Report,22,7,14.9,0,1,1,Everton,2023,May,34,Late season,False,False,1,-1.1
2023-05-08,17:30,Premier League,Matchweek 35,Mon,Away,W,5,1,Brighton And Hove Albion,2.3,3.2,22,31567.0,Jordan Pickford,4-2-3-1,4-2-3-1,Simon Hooper,Match Report,10,5,12.8,0,0,0,Everton,2023,May,35,Late season,False,False,3,2.7
2023-05-14,14:00,Premier League,Matchweek 36,Sun,Home,L,0,3,Manchester City,1.6,0.8,37,39376.0,Jordan Pickford,4-2-3-1,4-2-3-1,Anthony Taylor,Match Report,7,2,7.6,0,0,0,Everton,2023,May,36,Late season,False,False,0,-1.6
2023-05-20,15:00,Premier League,Matchweek 37,Sat,Away,D,1,1,Wolverhampton Wanderers,2.0,1.6,48,31684.0,Jordan Pickford,4-1-4-1,,David Coote,Match Report,19,4,17.1,2,0,0,Everton,2023,May,37,Late season,False,False,1,-1.0
2023-05-28,16:30,Premier League,Matchweek 38,Sun,Home,W,1,0,Bournemouth,1.0,0.5,38,39201.0,Jordan Pickford,,4-2-3-1,Stuart Attwell,Match Report,13,6,17.2,0,0,0,Everton,2023,May,38,Late season,False,False,3,0.0
2023-08-12,15:00,Premier League,Matchweek 1,Sat,Home,L,0,1,Fulham,2.7,1.5,42,39940.0,James Tarkowski,4-4-1-1,,Stuart Attwell,Match Report,19,9,15.8,0,0,0,Everton,2024,August,1,Early season,False,False,0,-2.7
2023-08-20,14:00,Premier League,Matchweek 2,Sun,Away,L,0,4,Aston Villa,0.6,2.9,40,41694.0,James Tarkowski,4-1-4-1,4-2-3-1,Anthony Taylor,Match Report,9,2,14.7,0,0,0,Everton,2024,August,2,Early season,False,False,0,-0.6
2023-08-26,15:00,Premier League,Matchweek 3,Sat,Home,L,0,1,Wolverhampton Wanderers,1.3,1.1,47,38851.0,James Tarkowski,4-1-4-1,4-4-1-1,Craig Pawson,Match Report,15,7,13.8,0,0,0,Everton,2024,August,3,Early season,False,False,0,-1.3
2023-09-02,12:30,Premier League,Matchweek 4,Sat,Away,D,2,2,Sheffield United,2.5,1.2,54,31124.0,James Tarkowski,4-4-1-1,,Andy Madley,Match Report,16,6,14.8,2,0,0,Everton,2024,September,4,Early season,False,False,1,-0.5
2023-09-17,16:30,Premier League,Matchweek 5,Sun,Home,L,0,1,Arsenal,0.3,1.0,26,39217.0,James Tarkowski,,,Simon Hooper,Match Report,8,1,21.6,0,0,0,Everton,2024,September,5,Early season,False,False,0,-0.3
2023-09-23,17:30,Premier League,Matchweek 6,Sat,Away,W,3,1,Brentford,1.9,1.0,43,16981.0,James Tarkowski,4-4-1-1,,Michael Oliver,Match Report,18,6,17.8,0,0,0,Everton,2024,September,6,Early season,False,False,3,1.1
2023-09-30,15:00,Premier League,Matchweek 7,Sat,Home,L,1,2,Luton Town,2.9,0.9,67,39289.0,James Tarkowski,4-4-1-1,,Anthony Taylor,Match Report,23,4,14.4,0,0,0,Everton,2024,September,7,Early season,False,False,0,-1.9
2023-10-07,15:00,Premier League,Matchweek 8,Sat,Home,W,3,0,Bournemouth,2.4,0.7,48,38815.0,James Tarkowski,4-4-1-1,4-2-3-1,David Coote,Match Report,25,8,15.8,0,0,0,Everton,2024,October,8,Early season,False,False,3,0.6
2023-10-21,12:30,Premier League,Matchweek 9,Sat,Away,L,0,2,Liverpool,0.1,2.2,23,50201.0,James Tarkowski,4-4-1-1,,Craig Pawson,Match Report,6,1,35.2,0,0,0,Everton,2024,October,9,Early season,False,False,0,-0.1
2023-10-29,13:00,Premier League,Matchweek 10,Sun,Away,W,1,0,West Ham United,0.8,0.7,36,62469.0,James Tarkowski,4-4-1-1,4-2-3-1,Stuart Attwell,Match Report,10,4,17.4,0,0,0,Everton,2024,October,10,Early season,False,False,3,0.2
2023-11-04,15:00,Premier League,Matchweek 11,Sat,Home,D,1,1,Brighton And Hove Albion,0.7,0.5,21,38683.0,James Tarkowski,4-4-1-1,,Tim Robinson,Match Report,10,4,14.4,1,0,0,Everton,2024,November,11,Early season,False,False,1,0.3
2023-11-11,15:00,Premier League,Matchweek 12,Sat,Away,W,3,2,Crystal Palace,1.5,2.2,33,25103.0,James Tarkowski,4-4-1-1,4-2-3-1,Samuel Barrott,Match Report,8,4,14.5,0,0,0,Everton,2024,November,12,Early season,False,False,3,1.5
2023-11-26,16:30,Premier League,Matchweek 13,Sun,Home,L,0,3,Manchester United,2.4,2.2,51,39257.0,James Tarkowski,4-4-1-1,4-2-3-1,John Brooks,Match Report,24,6,16.9,0,0,0,Everton,2024,November,13,Early season,False,False,0,-2.4
2023-12-02,17:30,Premier League,Matchweek 14,Sat,Away,W,1,0,Nottingham Forest,0.7,0.7,39,29404.0,James Tarkowski,4-4-1-1,,Paul Tierney,Match Report,12,2,20.8,1,0,0,Everton,2024,December,14,Mid season,False,False,3,0.3
2023-12-07,19:30,Premier League,Matchweek 15,Thu,Home,W,3,0,Newcastle United,3.3,1.5,38,38198.0,Séamus Coleman,4-4-1-1,,Tim Robinson,Match Report,21,6,13.3,0,0,0,Everton,2024,December,15,Mid season,False,False,3,-0.3
2023-12-10,14:00,Premier League,Matchweek 16,Sun,Home,W,2,0,Chelsea,1.2,0.9,29,39280.0,James Tarkowski,4-4-1-1,4-2-3-1,Michael Oliver,Match Report,9,5,16.4,0,0,0,Everton,2024,December,16,Mid season,False,False,3,0.8
2023-12-16,17:30,Premier League,Matchweek 17,Sat,Away,W,2,0,Burnley,1.4,0.7,39,21413.0,James Tarkowski,,,Anthony Taylor,Match Report,9,6,11.8,1,0,0,Everton,2024,December,17,Mid season,False,False,3,0.6
2023-12-23,15:00,Premier League,Matchweek 18,Sat,Away,L,1,2,Tottenham Hotspur,1.8,1.5,39,61808.0,James Tarkowski,4-2-3-1,4-2-3-1,Stuart Attwell,Match Report,18,8,15.8,0,0,0,Everton,2024,December,18,Mid season,False,False,0,-0.8
2023-12-27,20:15,Premier League,Matchweek 19,Wed,Home,L,1,3,Manchester City,1.0,2.4,28,39327.0,James Tarkowski,4-2-3-1,4-2-3-1,John Brooks,Match Report,7,2,12.5,0,0,0,Everton,2024,December,19,Mid season,False,False,0,0.0
2023-12-30,15:00,Premier League,Matchweek 20,Sat,Away,L,0,3,Wolverhampton Wanderers,0.4,1.9,47,31639.0,James Tarkowski,,,Thomas Bramall,Match Report,10,0,20.7,0,0,0,Everton,2024,December,20,Mid season,False,False,0,-0.4
2024-01-14,14:00,Premier League,Matchweek 21,Sun,Home,D,0,0,Aston Villa,1.1,1.2,32,39284.0,Séamus Coleman,4-2-3-1,,David Coote,Match Report,10,2,17.2,1,0,0,Everton,2024,January,21,Mid season,False,False,1,-1.1
2024-01-30,19:45,Premier League,Matchweek 22,Tue,Away,D,0,0,Fulham,1.9,1.6,30,24376.0,James Tarkowski,4-4-1-1,4-2-3-1,Thomas Bramall,Match Report,21,2,14.4,2,0,0,Everton,2024,January,22,Mid season,False,False,1,-1.9
2024-02-03,12:30,Premier League,Matchweek 23,Sat,Home,D,2,2,Tottenham Hotspur,2.6,1.0,43,39321.0,James Tarkowski,4-4-1-1,4-2-3-1,Michael Oliver,Match Report,14,4,14.3,0,0,0,Everton,2024,February,23,Mid season,False,False,1,-0.6
2024-02-10,12:30,Premier League,Matchweek 24,Sat,Away,L,0,2,Manchester City,0.3,1.6,28,52187.0,James Tarkowski,4-2-3-1,4-1-4-1,John Brooks,Match Report,5,1,22.9,0,0,0,Everton,2024,February,24,Mid season,False,False,0,-0.3
2024-02-19,20:00,Premier League,Matchweek 25,Mon,Home,D,1,1,Crystal Palace,1.7,0.7,61,38164.0,James Tarkowski,4-4-1-1,,Paul Tierney,Match Report,19,4,16.4,1,0,0,Everton,2024,February,25,Mid season,False,False,1,-0.7
2024-02-24,15:00,Premier League,Matchweek 26,Sat,Away,D,1,1,Brighton And Hove Albion,0.3,1.4,36,41646.0,James Tarkowski,4-4-1-1,4-2-3-1,Tony Harrington,Match Report,6,2,16.0,0,0,0,Everton,2024,February,26,Late season,False,False,1,0.7
2024-03-02,15:00,Premier League,Matchweek 27,Sat,Home,L,1,3,West Ham United,2.7,1.9,55,39262.0,James Tarkowski,4-4-1-1,4-2-3-1,Craig Pawson,Match Report,21,9,21.8,0,0,1,Everton,2024,March,27,Late season,False,False,0,-1.7
2024-03-09,12:30,Premier League,Matchweek 28,Sat,Away,L,0,2,Manchester United,1.6,2.7,49,73601.0,James Tarkowski,4-4-1-1,4-2-4-0,Simon Hooper,Match Report,23,6,16.9,1,0,0,Everton,2024,March,28,Late season,False,False,0,-1.6
2024-03-30,15:00,Premier League,Matchweek 30,Sat,Away,L,1,2,Bournemouth,1.0,1.3,52,11207.0,Séamus Coleman,4-4-1-1,4-2-3-1,Samuel Barrott,Match Report,7,3,16.0,0,0,0,Everton,2024,March,30,Late season,False,False,0,0.0
2024-04-02,19:30,Premier League,Matchweek 31,Tue,Away,D,1,1,Newcastle United,1.4,2.4,43,52135.0,James Tarkowski,4-4-1-1,,Tony Harrington,Match Report,9,2,17.4,0,1,1,Everton,2024,April,31,Late season,False,False,1,-0.4
2024-04-06,15:00,Premier League,Matchweek 32,Sat,Home,W,1,0,Burnley,0.9,0.5,38,39125.0,Séamus Coleman,4-4-1-1,,Michael Oliver,Match Report,12,3,20.0,1,0,0,Everton,2024,April,32,Late season,False,False,3,0.1
2024-04-15,20:00,Premier League,Matchweek 33,Mon,Away,L,0,6,Chelsea,1.5,3.1,42,39392.0,Séamus Coleman,4-4-1-1,4-2-3-1,Paul Tierney,Match Report,10,2,13.7,0,0,0,Everton,2024,April,33,Late season,False,False,0,-1.5
2024-04-21,13:30,Premier League,Matchweek 34,Sun,Home,W,2,0,Nottingham Forest,0.3,0.9,41,39239.0,James Tarkowski,4-1-4-1,4-2-3-1,Anthony Taylor,Match Report,7,4,18.7,0,0,0,Everton,2024,April,34,Late season,False,False,3,1.7
2024-04-24,20:00,Premier League,Matchweek 29,Wed,Home,W,2,0,Liverpool,1.2,2.1,25,38222.0,James Tarkowski,4-4-1-1,,Andy Madley,Match Report,16,6,14.9,0,0,0,Everton,2024,April,29,Late season,False,False,3,0.8
2024-04-27,17:30,Premier League,Matchweek 35,Sat,Home,W,1,0,Brentford,0.8,0.9,48,39098.0,James Tarkowski,4-4-1-1,,Darren England,Match Report,18,1,19.1,1,0,0,Everton,2024,April,35,Late season,False,False,3,0.2
2024-05-03,20:00,Premier League,Matchweek 36,Fri,Away,D,1,1,Luton Town,1.4,0.8,49,11873.0,James Tarkowski,4-4-1-1,,Tim Robinson,Match Report,9,2,18.7,0,1,1,Everton,2024,May,36,Late season,False,False,1,-0.4
2024-05-11,15:00,Premier League,Matchweek 37,Sat,Home,W,1,0,Sheffield United,2.3,0.6,58,39221.0,Séamus Coleman,4-4-1-1,,Stuart Attwell,Match Report,15,6,17.1,0,0,0,Everton,2024,May,37,Late season,False,False,3,-1.3
2024-05-19,16:00,Premier League,Matchweek 38,Sun,Away,L,1,2,Arsenal,0.6,2.9,32,60312.0,Séamus Coleman,4-4-1-1,,Michael Oliver,Match Report,5,2,20.3,2,0,0,Everton,2024,May,38,Late season,False,False,0,0.4
2024-08-17,15:00,Premier League,Matchweek 1,Sat,Home,L,0,3,Brighton And Hove Albion,0.5,1.4,40,39217.0,James Tarkowski,4-2-3-1,4-2-3-1,Simon Hooper,Match Report,9,1,18.4,0,0,0,Everton,2025,August,1,Early season,False,False,0,-0.5
2024-08-24,15:00,Premier League,Matchweek 2,Sat,Away,L,0,4,Tottenham Hotspur,1.0,2.4,30,61357.0,James Tarkowski,4-2-3-1,,Anthony Taylor,Match Report,10,1,10.0,0,0,0,Everton,2025,August,2,Early season,False,False,0,-1.0
2024-08-31,15:00,Premier League,Matchweek 3,Sat,Home,L,2,3,Bournemouth,1.8,2.4,47,38805.0,Séamus Coleman,4-2-3-1,4-2-3-1,Stuart Attwell,Match Report,18,8,15.7,0,0,0,Everton,2025,August,3,Early season,False,False,0,0.2
2024-09-14,17:30,Premier League,Matchweek 4,Sat,Away,L,2,3,Aston Villa,0.9,2.1,28,41573.0,James Tarkowski,4-2-3-1,4-2-3-1,Craig Pawson,Match Report,6,2,12.6,0,0,0,Everton,2025,September,4,Early season,False,False,0,1.1
2024-09-21,15:00,Premier League,Matchweek 5,Sat,Away,D,1,1,Leicester City,1.1,0.7,42,31765.0,James Tarkowski,4-2-3-1,4-2-3-1,Darren England,Match Report,17,5,17.7,1,0,0,Everton,2025,September,5,Early season,False,False,1,-0.1
2024-09-28,15:00,Premier League,Matchweek 6,Sat,Home,W,2,1,Crystal Palace,0.9,0.9,41,38954.0,James Tarkowski,4-2-3-1,,Andy Madley,Match Report,8,2,15.3,0,0,0,Everton,2025,September,6,Early season,False,False,3,1.1
2024-10-05,17:30,Premier League,Matchweek 7,Sat,Home,D,0,0,Newcastle United,0.7,2.1,33,39265.0,James Tarkowski,4-2-3-1,,Craig Pawson,Match Report,8,2,24.3,1,0,0,Everton,2025,October,7,Early season,False,False,1,-0.7
2024-10-19,15:00,Premier League,Matchweek 8,Sat,Away,W,2,0,Ipswich Town,1.7,1.3,45,29862.0,James Tarkowski,4-2-3-1,4-2-3-1,Michael Oliver,Match Report,11,8,16.4,1,0,0,Everton,2025,October,8,Early season,False,False,3,0.3
2024-10-26,17:30,Premier League,Matchweek 9,Sat,Home,D,1,1,Fulham,0.8,1.2,40,38742.0,James Tarkowski,4-2-3-1,4-2-3-1,John Brooks,Match Report,10,5,14.3,0,0,0,Everton,2025,October,9,Early season,False,False,1,0.2
2024-11-02,15:00,Premier League,Matchweek 10,Sat,Away,L,0,1,Southampton,1.6,0.7,35,31143.0,James Tarkowski,4-2-3-1,,Andy Madley,Match Report,16,5,17.9,2,0,0,Everton,2025,November,10,Early season,False,False,0,-1.6
2024-11-09,15:00,Premier League,Matchweek 11,Sat,Away,D,0,0,West Ham United,1.1,0.8,51,62463.0,James Tarkowski,4-2-3-1,4-1-4-1,Stuart Attwell,Match Report,18,4,18.2,0,0,0,Everton,2025,November,11,Early season,False,False,1,-1.1
2024-11-23,15:00,Premier League,Matchweek 12,Sat,Home,D,0,0,Brentford,1.2,1.1,59,38915.0,James Tarkowski,4-2-3-1,,Chris Kavanagh,Match Report,27,5,19.9,0,0,0,Everton,2025,November,12,Early season,False,False,1,-1.2
2024-12-01,13:30,Premier League,Matchweek 13,Sun,Away,L,0,4,Manchester United,0.6,1.1,40,73817.0,James Tarkowski,4-2-3-1,,John Brooks,Match Report,8,2,21.3,2,0,0,Everton,2025,December,13,Early season,False,False,0,-0.6
2024-12-04,19:30,Premier League,Matchweek 14,Wed,Home,W,4,0,Wolverhampton Wanderers,1.0,0.8,44,38820.0,James Tarkowski,4-2-3-1,,Michael Salisbury,Match Report,13,4,18.7,1,0,0,Everton,2025,December,14,Mid season,False,False,3,3.0
2024-12-14,15:00,Premier League,Matchweek 16,Sat,Away,D,0,0,Arsenal,0.1,1.2,24,60176.0,James Tarkowski,,,Craig Pawson,Match Report,2,0,19.3,0,0,0,Everton,2025,December,16,Mid season,False,False,1,-0.1
2024-12-22,14:00,Premier League,Matchweek 17,Sun,Home,D,0,0,Chelsea,1.0,1.2,25,39358.0,James Tarkowski,,4-2-3-1,Chris Kavanagh,Match Report,5,4,19.8,1,0,0,Everton,2025,December,17,Mid season,False,False,1,-1.0
2024-12-26,12:30,Premier League,Matchweek 18,Thu,Away,D,1,1,Manchester City,0.7,2.1,34,55527.0,Séamus Coleman,,4-1-4-1,Simon Hooper,Match Report,8,3,16.8,0,0,0,Everton,2025,December,18,Mid season,False,False,1,0.3
2024-12-29,15:00,Premier League,Matchweek 19,Sun,Home,L,0,2,Nottingham Forest,0.9,1.5,64,25414.0,James Tarkowski,,4-2-3-1,Tony Harrington,Match Report,13,2,16.3,1,0,0,Everton,2025,December,19,Mid season,False,False,0,-0.9
2025-01-04,15:00,Premier League,Matchweek 20,Sat,Away,L,0,1,Bournemouth,0.7,1.8,42,11223.0,James Tarkowski,4-2-3-1,4-2-3-1,John Brooks,Match Report,9,0,20.7,0,0,0,Everton,2025,January,20,Mid season,False,False,0,-0.7
2025-01-15,19:30,Premier League,Matchweek 21,Wed,Home,L,0,1,Aston Villa,1.1,1.2,50,39085.0,James Tarkowski,4-2-3-1,4-2-3-1,Samuel Barrott,Match Report,10,2,16.4,0,0,0,Everton,2025,January,21,Mid season,False,False,0,-1.1
2025-01-19,14:00,Premier League,Matchweek 22,Sun,Home,W,3,2,Tottenham Hotspur,1.8,1.1,36,39326.0,James Tarkowski,4-2-3-1,,Darren England,Match Report,12,6,14.2,0,0,0,Everton,2025,January,22,Mid season,False,False,3,1.2
2025-01-25,15:00,Premier League,Matchweek 23,Sat,Away,W,1,0,Brighton And Hove Albion,0.8,0.7,31,31087.0,James Tarkowski,4-2-3-1,4-2-3-1,Tim Robinson,Match Report,2,0,24.6,0,1,1,Everton,2025,January,23,Mid season,False,False,3,0.2
2025-02-01,15:00,Premier League,Matchweek 24,Sat,Home,W,4,0,Leicester City,2.5,0.3,48,39376.0,James Tarkowski,4-2-3-1,4-2-3-1,Darren Bond,Match Report,13,7,13.5,0,0,0,Everton,2025,February,24,Mid season,False,False,3,1.5
2025-02-12,19:30,Premier League,Matchweek 15,Wed,Home,D,2,2,Liverpool,1.0,0.6,37,39280.0,James Tarkowski,4-2-3-1,4-2-3-1,Michael Oliver,Match Report,10,3,18.3,0,0,0,Everton,2025,February,15,Mid season,False,False,1,1.0
2025-02-15,17:30,Premier League,Matchweek 25,Sat,Away,W,2,1,Crystal Palace,0.9,1.6,42,25108.0,James Tarkowski,4-2-3-1,,Anthony Taylor,Match Report,11,6,17.6,0,0,0,Everton,2025,February,25,Mid season,False,False,3,1.1
2025-02-22,12:30,Premier League,Matchweek 26,Sat,Home,D,2,2,Manchester United,1.6,0.4,38,39290.0,James Tarkowski,4-2-3-1,,Andy Madley,Match Report,9,8,12.5,0,0,0,Everton,2025,February,26,Late season,False,False,1,0.4
2025-02-26,19:30,Premier League,Matchweek 27,Wed,Away,D,1,1,Brentford,1.5,1.4,48,17082.0,James Tarkowski,4-2-3-1,4-2-3-1,Simon Hooper,Match Report,14,4,20.7,0,0,0,Everton,2025,February,27,Late season,False,False,1,-0.5
2025-03-08,20:00,Premier League,Matchweek 28,Sat,Away,D,1,1,Wolverhampton Wanderers,1.2,0.8,34,30738.0,James Tarkowski,4-2-3-1,,Stuart Attwell,Match Report,12,4,16.2,0,0,0,Everton,2025,March,28,Late season,False,False,1,-0.2
2025-03-15,15:00,Premier League,Matchweek 29,Sat,Home,D,1,1,West Ham United,1.0,0.8,54,39343.0,James Tarkowski,4-2-3-1,,Darren Bond,Match Report,13,5,12.3,0,0,0,Everton,2025,March,29,Late season,False,False,1,0.0
2025-04-02,20:00,Premier League,Matchweek 30,Wed,Away,L,0,1,Liverpool,0.9,1.5,27,60457.0,James Tarkowski,4-2-3-1,4-2-3-1,Samuel Barrott,Match Report,5,0,19.1,0,0,0,Everton,2025,April,30,Late season,False,False,0,-0.9
2025-04-05,12:30,Premier League,Matchweek 31,Sat,Home,D,1,1,Arsenal,1.1,1.8,31,39316.0,James Tarkowski,4-2-3-1,,Darren England,Match Report,4,1,21.7,0,1,1,Everton,2025,April,31,Late season,False,False,1,-0.1
2025-04-12,15:00,Premier League,Matchweek 32,Sat,Away,W,1,0,Nottingham Forest,1.4,0.5,57,30199.0,James Tarkowski,4-2-3-1,4-2-3-1,Craig Pawson,Match Report,13,5,18.4,0,0,0,Everton,2025,April,32,Late season,False,False,3,-0.4
2025-04-19,15:00,Premier League,Matchweek 33,Sat,Home,L,0,2,Manchester City,0.9,2.0,33,39332.0,James Tarkowski,4-2-3-1,4-2-3-1,Simon Hooper,Match Report,8,2,13.7,0,0,0,Everton,2025,April,33,Late season,False,False,0,-0.9
2025-04-26,12:30,Premier League,Matchweek 34,Sat,Away,L,0,1,Chelsea,0.4,0.8,45,39894.0,Jordan Pickford,4-2-3-1,4-2-3-1,Chris Kavanagh,Match Report,6,3,16.9,0,0,0,Everton,2025,April,34,Late season,False,False,0,-0.4
2025-05-03,15:00,Premier League,Matchweek 35,Sat,Home,D,2,2,Ipswich Town,0.6,0.8,58,39305.0,Jordan Pickford,4-2-3-1,4-2-3-1,Lewis Smith,Match Report,8,3,14.5,0,0,0,Everton,2025,May,35,Late season,False,False,1,1.4
2025-05-10,15:00,Premier League,Matchweek 36,Sat,Away,W,3,1,Fulham,1.1,0.8,36,27653.0,Jordan Pickford,4-2-3-1,4-2-3-1,Darren England,Match Report,11,7,12.3,0,0,0,Everton,2025,May,36,Late season,False,False,3,1.9
2025-05-18,12:00,Premier League,Matchweek 37,Sun,Home,W,2,0,Southampton,2.7,1.2,50,39201.0,Séamus Coleman,4-2-3-1,,Michael Oliver,Match Report,13,4,12.1,0,0,0,Everton,2025,May,37,Late season,False,False,3,-0.7
2025-05-25,16:00,Premier League,Matchweek 38,Sun,Away,W,1,0,Newcastle United,1.2,1.2,35,52221.0,Jordan Pickford,4-2-3-1,,Tony Harrington,Match Report,14,6,18.5,1,0,0,Everton,2025,May,38,Late season,False,False,3,-0.2
2020-09-12,12:30,Premier League,Matchweek 1,Sat,Home,L,0,3,Arsenal,0.1,1.9,46,,Tom Cairney,4-2-3-1,,Chris Kavanagh,Match Report,5,2,25.1,0,0,0,Fulham,2021,September,1,Early season,False,,0,-0.1
2020-09-19,15:00,Premier League,Matchweek 2,Sat,Away,L,3,4,Leeds United,1.7,1.4,49,,Aleksandar Mitrović,4-2-3-1,4-1-4-1,Anthony Taylor,Match Report,13,5,21.5,1,1,1,Fulham,2021,September,2,Early season,False,,0,1.3
2020-09-28,17:45,Premier League,Matchweek 3,Mon,Home,L,0,3,Aston Villa,0.7,1.4,64,,Tom Cairney,,,Stuart Attwell,Match Report,16,2,16.6,0,0,0,Fulham,2021,September,3,Early season,False,,0,-0.7
2020-10-04,14:00,Premier League,Matchweek 4,Sun,Away,L,0,1,Wolverhampton Wanderers,0.9,1.2,52,,Tom Cairney,4-2-3-1,,Darren England,Match Report,10,2,18.3,1,0,0,Fulham,2021,October,4,Early season,False,,0,-0.9
2020-10-18,12:00,Premier League,Matchweek 5,Sun,Away,D,1,1,Sheffield United,1.5,1.7,58,,Tom Cairney,,,Andre Marriner,Match Report,14,6,18.8,1,0,1,Fulham,2021,October,5,Early season,False,,1,-0.5
2020-10-24,15:00,Premier League,Matchweek 6,Sat,Home,L,1,2,Crystal Palace,1.1,2.5,64,,Tom Cairney,4-3-2-1,,Graham Scott,Match Report,16,3,18.5,0,0,0,Fulham,2021,October,6,Early season,False,,0,-0.1
2020-11-02,17:30,Premier League,Matchweek 7,Mon,Home,W,2,0,West Bromwich Albion,1.5,0.5,47,,Tom Cairney,4-2-3-1,4-1-4-1,Simon Hooper,Match Report,13,4,18.8,0,0,0,Fulham,2021,November,7,Early season,False,,3,0.5
2020-11-07,20:00,Premier League,Matchweek 8,Sat,Away,L,0,1,West Ham United,1.7,1.3,47,,Tom Cairney,4-2-3-1,,Robert Jones,Match Report,12,2,21.1,2,0,1,Fulham,2021,November,8,Early season,False,,0,-1.7
2020-11-22,12:00,Premier League,Matchweek 9,Sun,Home,L,2,3,Everton,1.9,2.0,54,,Tom Cairney,4-2-3-1,,Andy Madley,Match Report,13,6,20.1,0,0,1,Fulham,2021,November,9,Early season,False,,0,0.1
2020-11-30,17:30,Premier League,Matchweek 10,Mon,Away,W,2,1,Leicester City,2.2,1.2,32,,Joachim Andersen,,,Simon Hooper,Match Report,9,4,21.5,1,1,1,Fulham,2021,November,10,Early season,False,,3,-0.2
2020-12-05,15:00,Premier League,Matchweek 11,Sat,Away,L,0,2,Manchester City,0.3,2.9,31,,Joachim Andersen,3-4-1-2,4-2-3-1,Jonathan Moss,Match Report,6,1,18.8,0,0,0,Fulham,2021,December,11,Early season,False,,0,-0.3
2020-12-13,16:30,Premier League,Matchweek 12,Sun,Home,D,1,1,Liverpool,1.5,1.8,26,2000.0,Joachim Andersen,,,Andre Marriner,Match Report,10,5,16.9,0,0,0,Fulham,2021,December,12,Early season,False,True,1,-0.5
2020-12-16,20:00,Premier League,Matchweek 13,Wed,Home,D,0,0,Brighton And Hove Albion,1.0,0.5,46,,Joachim Andersen,,,Robert Jones,Match Report,9,4,14.7,0,0,0,Fulham,2021,December,13,Early season,False,,1,-1.0
2020-12-19,20:00,Premier League,Matchweek 14,Sat,Away,D,1,1,Newcastle United,1.0,1.4,51,,Tom Cairney,,,Graham Scott,Match Report,11,4,18.3,1,0,0,Fulham,2021,December,14,Mid season,False,,1,0.0
2020-12-26,15:00,Premier League,Matchweek 15,Sat,Home,D,0,0,Southampton,0.7,0.2,47,,Joachim Andersen,,,Darren England,Match Report,10,1,17.6,0,0,0,Fulham,2021,December,15,Mid season,False,,1,-0.7
2021-01-13,20:15,Premier League,Matchweek 16,Wed,Away,D,1,1,Tottenham Hotspur,1.1,2.4,47,,Joachim Andersen,,4-2-3-1,Paul Tierney,Match Report,15,4,17.3,1,0,0,Fulham,2021,January,16,Mid season,False,,1,-0.1
2021-01-16,17:30,Premier League,Matchweek 19,Sat,Home,L,0,1,Chelsea,0.7,1.6,31,,Joachim Andersen,,,Peter Bankes,Match Report,10,2,20.1,1,0,0,Fulham,2021,January,19,Mid season,False,,0,-0.7
2021-01-20,20:15,Premier League,Matchweek 18,Wed,Home,L,1,2,Manchester United,0.9,1.7,38,,Joachim Andersen,,4-2-3-1,Martin Atkinson,Match Report,12,5,18.4,0,0,0,Fulham,2021,January,18,Mid season,False,,0,0.1
2021-01-27,19:30,Premier League,Matchweek 20,Wed,Away,D,0,0,Brighton And Hove Albion,0.5,1.8,50,,Joachim Andersen,,,Craig Pawson,Match Report,10,2,16.8,0,0,0,Fulham,2021,January,20,Mid season,False,,1,-0.5
2021-01-30,15:00,Premier League,Matchweek 21,Sat,Away,D,2,2,West Bromwich Albion,1.3,1.0,62,,Joachim Andersen,,,Anthony Taylor,Match Report,12,7,17.6,0,0,0,Fulham,2021,January,21,Mid season,False,,1,0.7
2021-02-03,18:00,Premier League,Matchweek 22,Wed,Home,L,0,2,Leicester City,0.6,1.4,57,,Joachim Andersen,,4-2-3-1,Robert Jones,Match Report,8,1,18.4,0,0,0,Fulham,2021,February,22,Mid season,False,,0,-0.6
2021-02-06,17:30,Premier League,Matchweek 23,Sat,Home,D,0,0,West Ham United,1.5,1.0,60,,Joachim Andersen,4-2-3-1,4-2-3-1,Mike Dean,Match Report,20,2,16.5,2,0,0,Fulham,2021,February,23,Mid season,False,,1,-1.5
2021-02-14,19:00,Premier League,Matchweek 24,Sun,Away,W,2,0,Everton,2.5,0.3,50,,Joachim Andersen,,4-3-1-2,Andy Madley,Match Report,12,3,16.0,0,0,0,Fulham,2021,February,24,Mid season,False,,3,-0.5
2021-02-17,18:00,Premier League,Matchweek 17,Wed,Away,D,1,1,Burnley,0.5,0.9,53,,Joachim Andersen,4-4-1-1,,Jonathan Moss,Match Report,8,3,17.2,0,0,0,Fulham,2021,February,17,Mid season,False,,1,0.5
2021-02-20,20:00,Premier League,Matchweek 25,Sat,Home,W,1,0,Sheffield United,1.2,0.9,64,,Joachim Andersen,4-2-3-1,,Martin Atkinson,Match Report,15,5,21.0,0,0,0,Fulham,2021,February,25,Mid season,False,,3,-0.2
2021-02-28,12:00,Premier League,Matchweek 26,Sun,Away,D,0,0,Crystal Palace,1.4,0.1,60,,Joachim Andersen,4-2-3-1,4-2-3-1,Anthony Taylor,Match Report,16,4,18.6,1,0,0,Fulham,2021,February,26,Late season,False,,1,-1.4
2021-03-04,18:00,Premier League,Matchweek 33,Thu,Home,L,0,1,Tottenham Hotspur,0.7,1.6,60,,Joachim Andersen,,4-2-3-1,David Coote,Match Report,11,3,17.1,0,0,0,Fulham,2021,March,33,Late season,False,,0,-0.7
2021-03-07,14:00,Premier League,Matchweek 27,Sun,Away,W,1,0,Liverpool,1.3,0.9,37,,Joachim Andersen,,,Kevin Friend,Match Report,10,3,12.7,0,0,0,Fulham,2021,March,27,Late season,False,,3,-0.3
2021-03-13,20:00,Premier League,Matchweek 28,Sat,Home,L,0,3,Manchester City,0.3,2.2,46,,Joachim Andersen,,,Andre Marriner,Match Report,3,0,11.2,0,0,0,Fulham,2021,March,28,Late season,False,,0,-0.3
2021-03-19,20:00,Premier League,Matchweek 29,Fri,Home,L,1,2,Leeds United,1.6,1.3,51,,Joachim Andersen,4-2-3-1,4-1-4-1,David Coote,Match Report,13,6,13.0,0,0,0,Fulham,2021,March,29,Late season,False,,0,-0.6
2021-04-04,16:30,Premier League,Matchweek 30,Sun,Away,L,1,3,Aston Villa,1.0,1.5,47,,Joachim Andersen,4-2-3-1,4-2-3-1,Andy Madley,Match Report,15,7,22.5,0,0,0,Fulham,2021,April,30,Late season,False,,0,0.0
2021-04-09,20:00,Premier League,Matchweek 31,Fri,Home,L,0,1,Wolverhampton Wanderers,0.9,0.5,50,,Joachim Andersen,,4-2-3-1,Jonathan Moss,Match Report,14,3,17.3,0,0,0,Fulham,2021,April,31,Late season,False,,0,-0.9
2021-04-18,13:30,Premier League,Matchweek 32,Sun,Away,D,1,1,Arsenal,0.9,2.7,31,,Joachim Andersen,,4-2-3-1,Craig Pawson,Match Report,2,0,29.8,0,1,1,Fulham,2021,April,32,Late season,False,,1,0.1
2021-05-01,17:30,Premier League,Matchweek 34,Sat,Away,L,0,2,Chelsea,0.3,1.7,51,,Joachim Andersen,4-2-3-1,,Kevin Friend,Match Report,10,3,20.6,0,0,0,Fulham,2021,May,34,Late season,False,,0,-0.3
2021-05-10,20:00,Premier League,Matchweek 35,Mon,Home,L,0,2,Burnley,1.0,1.5,68,,Joachim Andersen,4-2-3-1,,David Coote,Match Report,21,3,18.2,0,0,0,Fulham,2021,May,35,Late season,False,,0,-1.0
2021-05-15,15:00,Premier League,Matchweek 36,Sat,Away,L,1,3,Southampton,0.8,1.6,53,,Joachim Andersen,,,Craig Pawson,Match Report,10,3,16.8,0,0,0,Fulham,2021,May,36,Late season,False,,0,0.2
2021-05-18,18:00,Premier League,Matchweek 37,Tue,Away,D,1,1,Manchester United,0.9,0.9,43,10000.0,Tim Ream,,4-2-3-1,Lee Mason,Match Report,8,5,16.8,0,0,0,Fulham,2021,May,37,Late season,False,False,1,0.1
2021-05-23,16:00,Premier League,Matchweek 38,Sun,Home,L,0,2,Newcastle United,1.0,1.3,64,2000.0,Tim Ream,,,Chris Kavanagh,Match Report,14,0,19.6,0,0,0,Fulham,2021,May,38,Late season,False,True,0,-1.0
2022-08-06,12:30,Premier League,Matchweek 1,Sat,Home,D,2,2,Liverpool,1.2,1.2,33,22207.0,Tim Ream,4-2-3-1,,Andy Madley,Match Report,8,2,18.4,0,1,1,Fulham,2023,August,1,Early season,False,False,1,0.8
2022-08-13,15:00,Premier League,Matchweek 2,Sat,Away,D,0,0,Wolverhampton Wanderers,1.5,0.9,41,31178.0,Tim Ream,4-2-3-1,4-2-3-1,John Brooks,Match Report,8,2,15.7,0,0,1,Fulham,2023,August,2,Early season,False,False,1,-1.5
2022-08-20,15:00,Premier League,Matchweek 3,Sat,Home,W,3,2,Brentford,2.4,1.8,43,21798.0,Tim Ream,4-2-3-1,,Peter Bankes,Match Report,18,9,15.5,1,0,0,Fulham,2023,August,3,Early season,False,False,3,0.6
2022-08-27,17:30,Premier League,Matchweek 4,Sat,Away,L,1,2,Arsenal,0.8,2.6,29,60164.0,Tim Ream,4-2-3-1,,Jarred Gillett,Match Report,11,3,13.7,0,0,0,Fulham,2023,August,4,Early season,False,False,0,0.2
2022-08-30,19:30,Premier League,Matchweek 5,Tue,Home,W,2,1,Brighton And Hove Albion,0.7,1.4,39,22224.0,Tim Ream,4-2-3-1,,Thomas Bramall,Match Report,10,3,15.3,1,0,0,Fulham,2023,August,5,Early season,False,False,3,1.3
2022-09-03,15:00,Premier League,Matchweek 6,Sat,Away,L,1,2,Tottenham Hotspur,0.7,2.9,48,61641.0,Tim Ream,4-2-3-1,,Stuart Attwell,Match Report,9,3,17.1,0,0,0,Fulham,2023,September,6,Early season,False,False,0,0.3
2022-09-16,20:00,Premier League,Matchweek 8,Fri,Away,W,3,2,Nottingham Forest,0.9,1.4,59,28654.0,Tim Ream,4-2-3-1,3-4-1-2,Jarred Gillett,Match Report,15,7,17.3,2,0,0,Fulham,2023,September,8,Early season,False,False,3,2.1
2022-10-01,15:00,Premier League,Matchweek 9,Sat,Home,L,1,4,Newcastle United,0.5,3.3,33,22913.0,Tim Ream,4-2-3-1,,Darren England,Match Report,3,1,16.2,0,0,0,Fulham,2023,October,9,Early season,False,False,0,0.5
2022-10-09,14:00,Premier League,Matchweek 10,Sun,Away,L,1,3,West Ham United,0.7,2.4,50,62407.0,Tim Ream,4-2-3-1,4-2-3-1,Chris Kavanagh,Match Report,8,2,16.6,1,0,0,Fulham,2023,October,10,Early season,False,False,0,0.3
2022-10-15,15:00,Premier League,Matchweek 11,Sat,Home,D,2,2,Bournemouth,2.1,1.0,69,22541.0,Tim Ream,4-2-3-1,4-2-3-1,Graham Scott,Match Report,18,3,18.9,0,1,1,Fulham,2023,October,11,Early season,False,False,1,-0.1
2022-10-20,19:30,Premier League,Matchweek 12,Thu,Home,W,3,0,Aston Villa,2.1,1.2,60,23508.0,Tim Ream,4-2-3-1,4-3-2-1,Michael Oliver,Match Report,17,6,16.7,1,1,1,Fulham,2023,October,12,Early season,False,False,3,0.9
2022-10-23,14:00,Premier League,Matchweek 13,Sun,Away,W,3,2,Leeds United,1.8,1.6,43,36447.0,Tim Ream,4-2-3-1,4-2-3-1,Anthony Taylor,Match Report,11,4,11.9,0,0,0,Fulham,2023,October,13,Early season,False,False,3,1.2
2022-10-29,17:30,Premier League,Matchweek 14,Sat,Home,D,0,0,Everton,1.9,0.9,56,23534.0,Tim Ream,4-2-3-1,4-2-3-1,John Brooks,Match Report,24,6,16.4,0,0,0,Fulham,2023,October,14,Mid season,False,False,1,-1.9
2022-11-05,15:00,Premier League,Matchweek 15,Sat,Away,L,1,2,Manchester City,1.0,2.1,30,52395.0,Tim Ream,4-2-3-1,,Darren England,Match Report,3,1,26.2,0,1,1,Fulham,2023,November,15,Mid season,False,False,0,0.0
2022-11-13,16:30,Premier League,Matchweek 16,Sun,Home,L,1,2,Manchester United,1.4,2.5,53,24246.0,Tom Cairney,4-2-3-1,4-2-3-1,Paul Tierney,Match Report,14,7,14.0,0,0,0,Fulham,2023,November,16,Mid season,False,False,0,-0.4
2022-12-26,15:00,Premier League,Matchweek 17,Mon,Away,W,3,0,Crystal Palace,2.5,0.4,64,25176.0,Tim Ream,4-2-3-1,,Andy Madley,Match Report,23,10,13.4,1,0,0,Fulham,2023,December,17,Mid season,False,False,3,0.5
2022-12-31,15:00,Premier League,Matchweek 18,Sat,Home,W,2,1,Southampton,1.5,0.8,62,24344.0,Tim Ream,4-2-3-1,,Graham Scott,Match Report,7,1,18.8,0,0,1,Fulham,2023,December,18,Mid season,False,False,3,0.5
2023-01-03,19:45,Premier League,Matchweek 19,Tue,Away,W,1,0,Leicester City,1.7,1.7,39,30813.0,Tim Ream,4-2-3-1,4-2-3-1,Darren Bond,Match Report,11,2,19.4,0,0,0,Fulham,2023,January,19,Mid season,False,False,3,-0.7
2023-01-12,20:00,Premier League,Matchweek 7,Thu,Home,W,2,1,Chelsea,1.0,2.1,48,24460.0,Tim Ream,4-2-3-1,,David Coote,Match Report,8,3,15.3,0,0,0,Fulham,2023,January,7,Early season,False,False,3,1.0
2023-01-15,14:00,Premier League,Matchweek 20,Sun,Away,L,0,1,Newcastle United,1.1,2.2,38,52247.0,Tim Ream,4-2-3-1,,Robert Jones,Match Report,4,0,18.9,0,0,1,Fulham,2023,January,20,Mid season,False,False,0,-1.1
2023-01-23,20:00,Premier League,Matchweek 21,Mon,Home,L,0,1,Tottenham Hotspur,1.0,0.9,54,24190.0,Tim Ream,4-2-3-1,,Paul Tierney,Match Report,10,5,17.3,1,0,0,Fulham,2023,January,21,Mid season,False,False,0,-1.0
2023-02-03,20:00,Premier League,Matchweek 22,Fri,Away,D,0,0,Chelsea,0.6,1.3,34,40041.0,Tim Ream,4-2-3-1,,Stuart Attwell,Match Report,10,4,23.0,0,0,0,Fulham,2023,February,22,Mid season,False,False,1,-0.6
2023-02-11,15:00,Premier League,Matchweek 23,Sat,Home,W,2,0,Nottingham Forest,1.5,0.7,50,24244.0,Tim Ream,4-2-3-1,4-2-3-1,Andy Madley,Match Report,16,3,15.0,1,0,0,Fulham,2023,February,23,Mid season,False,False,3,0.5
2023-02-18,15:00,Premier League,Matchweek 24,Sat,Away,W,1,0,Brighton And Hove Albion,0.3,2.2,35,31619.0,Tim Ream,4-2-3-1,4-2-3-1,Darren England,Match Report,5,2,16.0,0,0,0,Fulham,2023,February,24,Mid season,False,False,3,0.7
2023-02-24,20:00,Premier League,Matchweek 25,Fri,Home,D,1,1,Wolverhampton Wanderers,0.5,0.8,51,24399.0,Tim Ream,4-2-3-1,,Michael Oliver,Match Report,10,5,24.2,1,0,0,Fulham,2023,February,25,Mid season,False,False,1,0.5
2023-03-06,20:00,Premier League,Matchweek 26,Mon,Away,L,2,3,Brentford,1.4,2.1,63,17025.0,Tim Ream,4-2-3-1,,Anthony Taylor,Match Report,9,5,17.4,1,0,0,Fulham,2023,March,26,Late season,False,False,0,0.6
2023-03-12,14:00,Premier League,Matchweek 27,Sun,Home,L,0,3,Arsenal,0.8,2.3,45,24426.0,Tim Ream,4-2-3-1,,David Coote,Match Report,12,2,17.4,0,0,0,Fulham,2023,March,27,Late season,False,False,0,-0.8
2023-04-01,15:00,Premier League,Matchweek 29,Sat,Away,L,1,2,Bournemouth,0.8,2.6,57,10305.0,Tim Ream,4-2-3-1,4-4-1-1,Peter Bankes,Match Report,10,2,16.5,0,0,0,Fulham,2023,April,29,Late season,False,False,0,0.2
2023-04-08,15:00,Premier League,Matchweek 30,Sat,Home,L,0,1,West Ham United,0.7,1.1,76,24491.0,Tim Ream,4-2-3-1,,Jarred Gillett,Match Report,16,3,20.5,0,0,0,Fulham,2023,April,30,Late season,False,False,0,-0.7
2023-04-15,15:00,Premier League,Matchweek 31,Sat,Away,W,3,1,Everton,1.8,1.4,54,39241.0,Tim Ream,4-2-3-1,,Anthony Taylor,Match Report,21,7,17.9,0,0,0,Fulham,2023,April,31,Late season,False,False,3,1.2
2023-04-22,12:30,Premier League,Matchweek 32,Sat,Home,W,2,1,Leeds United,1.7,0.8,50,24356.0,Tim Ream,4-2-3-1,4-2-3-1,Peter Bankes,Match Report,12,5,24.4,3,0,0,Fulham,2023,April,32,Late season,False,False,3,0.3
2023-04-25,19:45,Premier League,Matchweek 33,Tue,Away,L,0,1,Aston Villa,0.1,1.0,49,41046.0,Tim Ream,4-2-3-1,4-2-3-1,Thomas Bramall,Match Report,1,0,14.7,0,0,0,Fulham,2023,April,33,Late season,False,False,0,-0.1
2023-04-30,14:00,Premier League,Matchweek 34,Sun,Home,L,1,2,Manchester City,0.2,2.5,38,24498.0,Tim Ream,4-2-3-1,3-2-4-1,Simon Hooper,Match Report,4,1,22.4,0,0,0,Fulham,2023,April,34,Late season,False,False,0,0.8
2023-05-03,20:00,Premier League,Matchweek 28,Wed,Away,L,0,1,Liverpool,0.9,1.8,43,52602.0,Tom Cairney,4-2-3-1,,Stuart Attwell,Match Report,9,3,16.8,0,0,0,Fulham,2023,May,28,Late season,False,False,0,-0.9
2023-05-08,15:00,Premier League,Matchweek 35,Mon,Home,W,5,3,Leicester City,1.6,2.8,57,24442.0,Tom Cairney,4-2-3-1,4-2-3-1,Robert Jones,Match Report,17,7,17.5,1,0,0,Fulham,2023,May,35,Late season,False,False,3,3.4
2023-05-13,15:00,Premier League,Matchweek 36,Sat,Away,W,2,0,Southampton,1.4,0.4,64,28978.0,Tom Cairney,4-2-3-1,4-2-3-1,Thomas Bramall,Match Report,9,3,17.5,0,0,0,Fulham,2023,May,36,Late season,False,False,3,0.6
2023-05-20,15:00,Premier League,Matchweek 37,Sat,Home,D,2,2,Crystal Palace,1.7,1.6,49,24356.0,Tom Cairney,4-2-3-1,4-2-3-1,Joshua Smith,Match Report,10,3,19.0,1,1,1,Fulham,2023,May,37,Late season,False,False,1,0.3
2023-05-28,16:30,Premier League,Matchweek 38,Sun,Away,L,1,2,Manchester United,1.8,2.9,47,73465.0,Tom Cairney,4-2-3-1,4-2-3-1,Robert Jones,Match Report,9,2,17.6,1,0,1,Fulham,2023,May,38,Late season,False,False,0,-0.8
2023-08-12,15:00,Premier League,Matchweek 1,Sat,Away,W,1,0,Everton,1.5,2.7,58,39940.0,Tom Cairney,,4-4-1-1,Stuart Attwell,Match Report,9,2,13.2,0,0,0,Fulham,2024,August,1,Early season,False,False,3,-0.5
2023-08-19,15:00,Premier League,Matchweek 2,Sat,Home,L,0,3,Brentford,0.5,3.7,55,24236.0,Tim Ream,,,Darren Bond,Match Report,10,2,22.3,1,0,0,Fulham,2024,August,2,Early season,False,False,0,-0.5
2023-08-26,15:00,Premier League,Matchweek 3,Sat,Away,D,2,2,Arsenal,0.6,3.2,29,59961.0,Bobby De Cordova-Reid,,,Paul Tierney,Match Report,8,3,17.8,0,0,0,Fulham,2024,August,3,Early season,False,False,1,1.4
2023-09-02,15:00,Premier League,Matchweek 4,Sat,Away,L,1,5,Manchester City,1.4,2.2,32,52899.0,Tom Cairney,,4-2-3-1,Michael Oliver,Match Report,6,4,11.4,0,0,0,Fulham,2024,September,4,Early season,False,False,0,-0.4
2023-09-16,15:00,Premier League,Matchweek 5,Sat,Home,W,1,0,Luton Town,1.0,1.1,77,24467.0,Tim Ream,,,Michael Salisbury,Match Report,13,2,19.5,2,0,0,Fulham,2024,September,5,Early season,False,False,3,0.0
2023-09-23,15:00,Premier League,Matchweek 6,Sat,Away,D,0,0,Crystal Palace,0.6,0.3,49,25072.0,Tim Ream,,4-2-3-1,Paul Tierney,Match Report,10,5,18.7,1,0,0,Fulham,2024,September,6,Early season,False,False,1,-0.6
2023-10-02,20:00,Premier League,Matchweek 7,Mon,Home,L,0,2,Chelsea,1.1,1.7,56,24445.0,Tim Ream,,,Tim Robinson,Match Report,10,3,13.2,0,0,0,Fulham,2024,October,7,Early season,False,False,0,-1.1
2023-10-07,15:00,Premier League,Matchweek 8,Sat,Home,W,3,1,Sheffield United,2.2,0.6,60,24361.0,Tim Ream,,,Samuel Barrott,Match Report,20,6,20.2,0,0,0,Fulham,2024,October,8,Early season,False,False,3,0.8
2023-10-23,20:00,Premier League,Matchweek 9,Mon,Away,L,0,2,Tottenham Hotspur,1.0,1.5,45,61286.0,Tim Ream,4-2-3-1,4-2-3-1,Anthony Taylor,Match Report,10,3,17.6,0,0,0,Fulham,2024,October,9,Early season,False,False,0,-1.0
2023-10-29,14:00,Premier League,Matchweek 10,Sun,Away,D,1,1,Brighton And Hove Albion,0.7,1.4,29,31550.0,Tim Ream,4-2-3-1,,Michael Salisbury,Match Report,10,5,19.3,0,0,0,Fulham,2024,October,10,Early season,False,False,1,0.3
2023-11-04,12:30,Premier League,Matchweek 11,Sat,Home,L,0,1,Manchester United,1.0,0.7,45,24415.0,Tim Ream,4-2-3-1,4-2-3-1,John Brooks,Match Report,18,2,18.6,1,0,0,Fulham,2024,November,11,Early season,False,False,0,-1.0
2023-11-12,14:00,Premier League,Matchweek 12,Sun,Away,L,1,3,Aston Villa,0.9,3.0,49,41608.0,Tim Ream,4-2-3-1,4-2-2-2,Simon Hooper,Match Report,9,5,19.5,0,0,0,Fulham,2024,November,12,Early season,False,False,0,0.1
2023-11-27,20:00,Premier League,Matchweek 13,Mon,Home,W,3,2,Wolverhampton Wanderers,2.9,1.4,60,24366.0,Tom Cairney,4-2-3-1,,Michael Salisbury,Match Report,10,4,22.9,0,2,2,Fulham,2024,November,13,Early season,False,False,3,0.1
2023-12-03,14:00,Premier League,Matchweek 14,Sun,Away,L,3,4,Liverpool,1.2,2.1,39,50124.0,Tim Ream,4-2-3-1,,Stuart Attwell,Match Report,9,5,13.3,0,0,0,Fulham,2024,December,14,Mid season,False,False,0,1.8
2023-12-06,19:30,Premier League,Matchweek 15,Wed,Home,W,5,0,Nottingham Forest,2.5,0.3,63,24105.0,Tom Cairney,4-2-3-1,4-2-3-1,Joshua Smith,Match Report,14,6,17.3,1,0,0,Fulham,2024,December,15,Mid season,False,False,3,2.5
2023-12-10,14:00,Premier League,Matchweek 16,Sun,Home,W,5,0,West Ham United,2.3,1.3,63,23988.0,Tom Cairney,4-2-3-1,4-4-1-1,Paul Tierney,Match Report,14,8,17.7,0,0,0,Fulham,2024,December,16,Mid season,False,False,3,2.7
2023-12-16,15:00,Premier League,Matchweek 17,Sat,Away,L,0,3,Newcastle United,0.3,3.5,30,52055.0,Tom Cairney,4-2-3-1,,Samuel Barrott,Match Report,6,4,23.1,0,0,0,Fulham,2024,December,17,Mid season,False,False,0,-0.3
2023-12-23,15:00,Premier League,Matchweek 18,Sat,Home,L,0,2,Burnley,1.3,0.4,66,23598.0,Tom Cairney,4-2-3-1,,Rebecca Welch,Match Report,19,5,16.3,1,0,0,Fulham,2024,December,18,Mid season,False,False,0,-1.3
2023-12-26,15:00,Premier League,Matchweek 19,Tue,Away,L,0,3,Bournemouth,0.3,1.8,57,11099.0,Tom Cairney,4-2-3-1,4-2-3-1,Tim Robinson,Match Report,8,3,21.6,1,0,0,Fulham,2024,December,19,Mid season,False,False,0,-0.3
2023-12-31,14:00,Premier League,Matchweek 20,Sun,Home,W,2,1,Arsenal,1.2,1.6,40,24444.0,Tom Cairney,4-2-3-1,,Joshua Smith,Match Report,15,4,18.2,1,0,0,Fulham,2024,December,20,Mid season,False,False,3,0.8
2024-01-13,12:30,Premier League,Matchweek 21,Sat,Away,L,0,1,Chelsea,0.8,2.2,45,39643.0,Tom Cairney,4-2-3-1,4-2-3-1,Anthony Taylor,Match Report,14,4,22.0,2,0,0,Fulham,2024,January,21,Mid season,False,False,0,-0.8
2024-01-30,19:45,Premier League,Matchweek 22,Tue,Home,D,0,0,Everton,1.6,1.9,70,24376.0,Tom Cairney,4-2-3-1,4-4-1-1,Thomas Bramall,Match Report,25,5,17.3,0,0,0,Fulham,2024,January,22,Mid season,False,False,1,-1.6
2024-02-03,15:00,Premier League,Matchweek 23,Sat,Away,D,2,2,Burnley,1.5,1.8,56,20203.0,Tim Ream,4-2-3-1,,Darren Bond,Match Report,15,7,13.2,0,0,0,Fulham,2024,February,23,Mid season,False,False,1,0.5
2024-02-10,15:00,Premier League,Matchweek 24,Sat,Home,W,3,1,Bournemouth,1.6,1.8,49,24271.0,Tom Cairney,4-2-3-1,4-2-3-1,Darren England,Match Report,7,6,11.4,0,0,0,Fulham,2024,February,24,Mid season,False,False,3,1.4
2024-02-17,15:00,Premier League,Matchweek 25,Sat,Home,L,1,2,Aston Villa,1.5,1.5,52,24401.0,Tom Cairney,4-2-3-1,4-2-3-1,Lewis Smith,Match Report,15,4,14.7,0,0,0,Fulham,2024,February,25,Mid season,False,False,0,-0.5
2024-02-24,15:00,Premier League,Matchweek 26,Sat,Away,W,2,1,Manchester United,1.2,1.7,43,73487.0,Harrison Reed,4-2-3-1,4-2-3-1,Michael Oliver,Match Report,17,5,17.1,0,0,0,Fulham,2024,February,26,Late season,False,False,3,0.8
2024-03-02,15:00,Premier League,Matchweek 27,Sat,Home,W,3,0,Brighton And Hove Albion,1.3,1.3,30,24460.0,Harrison Reed,4-2-3-1,,Simon Hooper,Match Report,12,5,14.6,0,0,0,Fulham,2024,March,27,Late season,False,False,3,1.7
2024-03-09,15:00,Premier League,Matchweek 28,Sat,Away,L,1,2,Wolverhampton Wanderers,2.6,0.8,52,30860.0,Harrison Reed,4-2-3-1,4-2-3-1,Tony Harrington,Match Report,23,6,14.1,0,0,0,Fulham,2024,March,28,Late season,False,False,0,-1.6
2024-03-16,17:30,Premier League,Matchweek 29,Sat,Home,W,3,0,Tottenham Hotspur,2.6,2.4,43,24410.0,Bernd Leno,4-2-3-1,4-2-3-1,Robert Jones,Match Report,16,7,12.7,0,0,0,Fulham,2024,March,29,Late season,False,False,3,0.4
2024-03-30,15:00,Premier League,Matchweek 30,Sat,Away,D,3,3,Sheffield United,1.3,1.9,73,30010.0,Bernd Leno,4-2-3-1,,Tim Robinson,Match Report,24,9,17.6,0,0,0,Fulham,2024,March,30,Late season,False,False,1,1.7
2024-04-02,19:30,Premier League,Matchweek 31,Tue,Away,L,1,3,Nottingham Forest,1.5,1.5,66,28997.0,Bernd Leno,4-2-3-1,4-2-3-1,Michael Oliver,Match Report,18,3,12.3,0,0,0,Fulham,2024,April,31,Late season,False,False,0,-0.5
2024-04-06,15:00,Premier League,Matchweek 32,Sat,Home,L,0,1,Newcastle United,1.2,1.0,66,24418.0,Tom Cairney,4-2-3-1,,Samuel Allison,Match Report,14,4,17.6,0,0,0,Fulham,2024,April,32,Late season,False,False,0,-1.2
2024-04-14,14:00,Premier League,Matchweek 33,Sun,Away,W,2,0,West Ham United,3.2,0.9,42,62459.0,Bernd Leno,4-2-3-1,4-2-3-1,Stuart Attwell,Match Report,18,10,15.1,0,0,0,Fulham,2024,April,33,Late season,False,False,3,-1.2
2024-04-21,16:30,Premier League,Matchweek 34,Sun,Home,L,1,3,Liverpool,0.8,1.0,40,24414.0,Bobby De Cordova-Reid,4-2-3-1,,Craig Pawson,Match Report,12,5,17.1,1,0,0,Fulham,2024,April,34,Late season,False,False,0,0.2
2024-04-27,15:00,Premier League,Matchweek 35,Sat,Home,D,1,1,Crystal Palace,1.1,1.0,53,24142.0,Harrison Reed,4-2-3-1,,Stuart Attwell,Match Report,9,2,14.9,0,0,0,Fulham,2024,April,35,Late season,False,False,1,-0.1
2024-05-04,15:00,Premier League,Matchweek 36,Sat,Away,D,0,0,Brentford,1.3,0.6,46,17090.0,Bernd Leno,4-2-3-1,,Graham Scott,Match Report,15,3,17.4,0,0,0,Fulham,2024,May,36,Late season,False,False,1,-1.3
2024-05-11,12:30,Premier League,Matchweek 37,Sat,Home,L,0,4,Manchester City,0.1,3.2,36,24418.0,Bobby De Cordova-Reid,4-2-3-1,4-2-3-1,Anthony Taylor,Match Report,1,1,9.6,0,0,0,Fulham,2024,May,37,Late season,False,False,0,-0.1
2024-05-19,16:00,Premier League,Matchweek 38,Sun,Away,W,4,2,Luton Town,1.1,2.0,59,12027.0,Tim Ream,4-2-3-1,,Matt Donohue,Match Report,16,8,21.6,2,0,0,Fulham,2024,May,38,Late season,False,False,3,2.9
2024-08-16,20:00,Premier League,Matchweek 1,Fri,Away,L,0,1,Manchester United,0.4,2.4,45,73297.0,Bernd Leno,4-2-3-1,4-2-3-1,Robert Jones,Match Report,10,2,16.9,0,0,0,Fulham,2025,August,1,Early season,False,False,0,-0.4
2024-08-24,15:00,Premier League,Matchweek 2,Sat,Home,W,2,1,Leicester City,1.8,0.6,54,25401.0,Bernd Leno,4-2-3-1,4-2-3-1,Darren Bond,Match Report,18,6,15.8,1,0,0,Fulham,2025,August,2,Early season,False,False,3,0.2
2024-08-31,15:00,Premier League,Matchweek 3,Sat,Away,D,1,1,Ipswich Town,0.9,0.4,52,29517.0,Bernd Leno,,4-2-3-1,Lewis Smith,Match Report,9,4,13.1,0,0,0,Fulham,2025,August,3,Early season,False,False,1,0.1
2024-09-14,15:00,Premier League,Matchweek 4,Sat,Home,D,1,1,West Ham United,1.5,0.8,54,26528.0,Bernd Leno,4-2-3-1,4-2-3-1,Tim Robinson,Match Report,21,5,16.4,2,0,0,Fulham,2025,September,4,Early season,False,False,1,-0.5
2024-09-21,15:00,Premier League,Matchweek 5,Sat,Home,W,3,1,Newcastle United,2.2,1.5,39,25700.0,Bernd Leno,4-2-3-1,,Peter Bankes,Match Report,22,11,15.4,0,0,0,Fulham,2025,September,5,Early season,False,False,3,0.8
2024-09-28,15:00,Premier League,Matchweek 6,Sat,Away,W,1,0,Nottingham Forest,1.3,0.8,59,30139.0,Bernd Leno,4-2-3-1,,Joshua Smith,Match Report,13,1,20.2,0,1,1,Fulham,2025,September,6,Early season,False,False,3,-0.3
2024-10-05,15:00,Premier League,Matchweek 7,Sat,Away,L,2,3,Manchester City,2.6,1.6,42,53017.0,Bernd Leno,,4-1-4-1,Peter Bankes,Match Report,11,4,14.0,0,0,0,Fulham,2025,October,7,Early season,False,False,0,-0.6
2024-10-19,15:00,Premier League,Matchweek 8,Sat,Home,L,1,3,Aston Villa,1.8,1.6,52,26743.0,Bernd Leno,4-2-3-1,4-2-3-1,Darren England,Match Report,9,3,12.3,0,0,1,Fulham,2025,October,8,Early season,False,False,0,-0.8
2024-10-26,17:30,Premier League,Matchweek 9,Sat,Away,D,1,1,Everton,1.2,0.8,60,38742.0,Bernd Leno,4-2-3-1,4-2-3-1,John Brooks,Match Report,14,3,18.2,0,0,0,Fulham,2025,October,9,Early season,False,False,1,-0.2
2024-11-04,20:00,Premier League,Matchweek 10,Mon,Home,W,2,1,Brentford,1.3,0.6,68,24931.0,Bernd Leno,4-2-3-1,4-2-3-1,Stuart Attwell,Match Report,26,12,18.3,0,0,0,Fulham,2025,November,10,Early season,False,False,3,0.7
2024-11-09,15:00,Premier League,Matchweek 11,Sat,Away,W,2,0,Crystal Palace,1.8,1.5,64,25142.0,Bernd Leno,4-2-3-1,,Michael Salisbury,Match Report,17,7,17.0,0,0,0,Fulham,2025,November,11,Early season,False,False,3,0.2
2024-11-23,15:00,Premier League,Matchweek 12,Sat,Home,L,1,4,Wolverhampton Wanderers,1.0,1.3,59,26685.0,Bernd Leno,4-2-3-1,,Robert Jones,Match Report,10,3,17.2,0,0,0,Fulham,2025,November,12,Early season,False,False,0,0.0
2024-12-01,13:30,Premier League,Matchweek 13,Sun,Away,D,1,1,Tottenham Hotspur,1.5,0.8,49,61141.0,Antonee Robinson,4-2-3-1,,Darren Bond,Match Report,14,6,13.4,0,0,0,Fulham,2025,December,13,Early season,False,False,1,-0.5
2024-12-05,19:30,Premier League,Matchweek 14,Thu,Home,W,3,1,Brighton And Hove Albion,1.1,1.4,43,26368.0,Antonee Robinson,4-2-3-1,,Peter Bankes,Match Report,6,2,14.3,0,0,0,Fulham,2025,December,14,Mid season,False,False,3,1.9
2024-12-08,14:00,Premier League,Matchweek 15,Sun,Home,D,1,1,Arsenal,0.2,1.8,34,26954.0,Antonee Robinson,4-2-3-1,,Chris Kavanagh,Match Report,2,2,14.4,0,0,0,Fulham,2025,December,15,Mid season,False,False,1,0.8
2024-12-14,15:00,Premier League,Matchweek 16,Sat,Away,D,2,2,Liverpool,1.2,2.1,39,60333.0,Antonee Robinson,4-2-3-1,,Tony Harrington,Match Report,12,3,16.9,1,0,0,Fulham,2025,December,16,Mid season,False,False,1,0.8
2024-12-22,14:00,Premier League,Matchweek 17,Sun,Home,D,0,0,Southampton,0.9,0.3,57,26819.0,Tom Cairney,4-2-3-1,3-4-1-2,Tim Robinson,Match Report,15,5,20.0,0,0,0,Fulham,2025,December,17,Mid season,False,False,1,-0.9
2024-12-26,15:00,Premier League,Matchweek 18,Thu,Away,W,2,1,Chelsea,1.8,1.1,53,39687.0,Antonee Robinson,,4-2-3-1,Samuel Barrott,Match Report,14,7,16.2,1,0,0,Fulham,2025,December,18,Mid season,False,False,3,0.2
2024-12-29,15:00,Premier League,Matchweek 19,Sun,Home,D,2,2,Bournemouth,1.1,2.0,52,27301.0,Antonee Robinson,,4-2-3-1,Robert Jones,Match Report,11,6,16.1,0,0,0,Fulham,2025,December,19,Mid season,False,False,1,0.9
2025-01-05,14:00,Premier League,Matchweek 20,Sun,Home,D,2,2,Ipswich Town,2.2,1.5,73,27042.0,Tom Cairney,,,Darren Bond,Match Report,13,2,20.4,0,2,2,Fulham,2025,January,20,Mid season,False,False,1,-0.2
2025-01-14,19:30,Premier League,Matchweek 21,Tue,Away,L,2,3,West Ham United,1.7,1.0,56,62456.0,Antonee Robinson,4-2-3-1,4-2-3-1,Craig Pawson,Match Report,21,4,17.9,1,0,0,Fulham,2025,January,21,Mid season,False,False,0,0.3
2025-01-18,15:00,Premier League,Matchweek 22,Sat,Away,W,2,0,Leicester City,2.0,0.6,60,31500.0,Antonee Robinson,4-2-3-1,4-2-3-1,Michael Salisbury,Match Report,17,2,14.1,1,0,0,Fulham,2025,January,22,Mid season,False,False,3,0.0
2025-01-26,19:00,Premier League,Matchweek 23,Sun,Home,L,0,1,Manchester United,0.7,0.3,51,27288.0,Antonee Robinson,4-2-3-1,,Anthony Taylor,Match Report,9,2,14.5,0,0,0,Fulham,2025,January,23,Mid season,False,False,0,-0.7
2025-02-01,15:00,Premier League,Matchweek 24,Sat,Away,W,2,1,Newcastle United,1.6,0.8,51,52173.0,Antonee Robinson,4-2-3-1,,Chris Kavanagh,Match Report,15,4,16.2,0,0,0,Fulham,2025,February,24,Mid season,False,False,3,0.4
2025-02-15,15:00,Premier League,Matchweek 25,Sat,Home,W,2,1,Nottingham Forest,2.1,0.4,55,27164.0,Antonee Robinson,4-2-3-1,,Thomas Bramall,Match Report,24,10,13.9,0,0,0,Fulham,2025,February,25,Mid season,False,False,3,-0.1
2025-02-22,15:00,Premier League,Matchweek 26,Sat,Home,L,0,2,Crystal Palace,0.2,1.3,62,26777.0,Antonee Robinson,4-2-3-1,,Robert Jones,Match Report,10,0,22.3,0,0,0,Fulham,2025,February,26,Late season,False,False,0,-0.2
2025-02-25,19:30,Premier League,Matchweek 27,Tue,Away,W,2,1,Wolverhampton Wanderers,1.7,1.3,40,28708.0,Bernd Leno,,,Peter Bankes,Match Report,11,5,13.1,0,0,0,Fulham,2025,February,27,Late season,False,False,3,0.3
2025-03-08,15:00,Premier League,Matchweek 28,Sat,Away,L,1,2,Brighton And Hove Albion,0.9,1.5,47,31584.0,Antonee Robinson,,4-2-3-1,Samuel Barrott,Match Report,6,1,12.5,0,0,0,Fulham,2025,March,28,Late season,False,False,0,0.1
2025-03-16,13:30,Premier League,Matchweek 29,Sun,Home,W,2,0,Tottenham Hotspur,1.0,0.9,57,27182.0,Antonee Robinson,4-2-3-1,,Andy Madley,Match Report,13,4,17.7,0,0,0,Fulham,2025,March,29,Late season,False,False,3,1.0
2025-04-01,19:45,Premier League,Matchweek 30,Tue,Away,L,1,2,Arsenal,1.0,2.2,49,60256.0,Antonee Robinson,,,John Brooks,Match Report,9,3,14.9,0,0,0,Fulham,2025,April,30,Late season,False,False,0,0.0
2025-04-06,14:00,Premier League,Matchweek 31,Sun,Home,W,3,2,Liverpool,0.7,1.5,37,27770.0,Antonee Robinson,4-2-3-1,4-2-3-1,Chris Kavanagh,Match Report,12,6,17.0,0,0,0,Fulham,2025,April,31,Late season,False,False,3,2.3
2025-04-14,20:00,Premier League,Matchweek 32,Mon,Away,L,0,1,Bournemouth,1.0,1.4,59,11195.0,Antonee Robinson,4-2-3-1,4-2-3-1,Michael Oliver,Match Report,12,7,17.8,0,0,0,Fulham,2025,April,32,Late season,False,False,0,-1.0
2025-04-20,14:00,Premier League,Matchweek 33,Sun,Home,L,1,2,Chelsea,0.3,0.9,41,27712.0,Antonee Robinson,4-2-3-1,4-2-3-1,Anthony Taylor,Match Report,6,1,19.7,1,0,0,Fulham,2025,April,33,Late season,False,False,0,0.7
2025-04-26,15:00,Premier League,Matchweek 34,Sat,Away,W,2,1,Southampton,2.4,0.6,65,28946.0,Bernd Leno,,,Tony Harrington,Match Report,26,5,14.3,0,0,0,Fulham,2025,April,34,Late season,False,False,3,-0.4
2025-05-03,12:30,Premier League,Matchweek 35,Sat,Away,L,0,1,Aston Villa,0.9,1.0,48,42515.0,Bernd Leno,4-2-3-1,4-2-3-1,Robert Jones,Match Report,11,3,14.9,0,0,0,Fulham,2025,May,35,Late season,False,False,0,-0.9
2025-05-10,15:00,Premier League,Matchweek 36,Sat,Home,L,1,3,Everton,0.8,1.1,64,27653.0,Bernd Leno,4-2-3-1,4-2-3-1,Darren England,Match Report,18,6,18.2,0,0,0,Fulham,2025,May,36,Late season,False,False,0,0.2
2025-05-18,15:00,Premier League,Matchweek 37,Sun,Away,W,3,2,Brentford,1.0,2.5,49,17136.0,Bernd Leno,4-2-3-1,4-2-3-1,Jarred Gillett,Match Report,16,7,17.7,2,0,0,Fulham,2025,May,37,Late season,False,False,3,2.0
2025-05-25,16:00,Premier League,Matchweek 38,Sun,Home,L,0,2,Manchester City,1.3,3.0,47,27671.0,Tom Cairney,4-2-3-1,4-2-3-1,Andy Madley,Match Report,13,3,14.7,0,0,0,Fulham,2025,May,38,Late season,False,False,0,-1.3
2024-08-17,12:30,Premier League,Matchweek 1,Sat,Home,L,0,2,Liverpool,0.5,2.6,38,30014.0,Sam Morsy,4-2-3-1,4-2-3-1,Tim Robinson,Match Report,7,2,16.0,0,0,0,Ipswich Town,2025,August,1,Early season,False,False,0,-0.5
2024-08-24,15:00,Premier League,Matchweek 2,Sat,Away,L,1,4,Manchester City,0.3,3.3,25,53147.0,Sam Morsy,,3-2-4-1,Samuel Allison,Match Report,1,1,21.1,0,0,0,Ipswich Town,2025,August,2,Early season,False,False,0,0.7
2024-08-31,15:00,Premier League,Matchweek 3,Sat,Home,D,1,1,Fulham,0.4,0.9,48,29517.0,Sam Morsy,4-2-3-1,,Lewis Smith,Match Report,11,4,18.0,1,0,0,Ipswich Town,2025,August,3,Early season,False,False,1,0.6
2024-09-14,15:00,Premier League,Matchweek 4,Sat,Away,D,0,0,Brighton And Hove Albion,0.3,1.6,32,41573.0,Sam Morsy,4-2-3-1,,Samuel Barrott,Match Report,6,1,16.6,0,0,0,Ipswich Town,2025,September,4,Early season,False,False,1,-0.3
2024-09-21,15:00,Premier League,Matchweek 5,Sat,Away,D,1,1,Southampton,1.6,2.4,47,31117.0,Sam Morsy,4-2-3-1,4-2-3-1,Samuel Allison,Match Report,13,6,14.1,0,0,0,Ipswich Town,2025,September,5,Early season,False,False,1,-0.6
2024-09-29,14:00,Premier League,Matchweek 6,Sun,Home,D,2,2,Aston Villa,1.2,0.8,44,29943.0,Sam Morsy,4-2-3-1,4-2-3-1,Stuart Attwell,Match Report,15,5,18.4,0,0,0,Ipswich Town,2025,September,6,Early season,False,False,1,0.8
2024-10-05,15:00,Premier League,Matchweek 7,Sat,Away,L,1,4,West Ham United,0.6,3.6,48,62467.0,Sam Morsy,4-2-3-1,4-1-4-1,Anthony Taylor,Match Report,9,2,17.2,0,0,0,Ipswich Town,2025,October,7,Early season,False,False,0,0.4
2024-10-19,15:00,Premier League,Matchweek 8,Sat,Home,L,0,2,Everton,1.3,1.7,55,29862.0,Sam Morsy,4-2-3-1,4-2-3-1,Michael Oliver,Match Report,13,2,16.6,2,0,0,Ipswich Town,2025,October,8,Early season,False,False,0,-1.3
2024-10-26,15:00,Premier League,Matchweek 9,Sat,Away,L,3,4,Brentford,1.3,4.0,35,17109.0,Conor Chaplin,4-2-3-1,4-2-3-1,Lewis Smith,Match Report,11,5,17.4,0,0,0,Ipswich Town,2025,October,9,Early season,False,False,0,1.7
2024-11-02,15:00,Premier League,Matchweek 10,Sat,Home,D,1,1,Leicester City,1.0,1.5,43,29874.0,Sam Morsy,4-2-3-1,4-2-3-1,Tim Robinson,Match Report,14,2,16.9,1,0,0,Ipswich Town,2025,November,10,Early season,False,False,1,0.0
2024-11-10,14:00,Premier League,Matchweek 11,Sun,Away,W,2,1,Tottenham Hotspur,1.6,1.5,34,61505.0,Sam Morsy,4-2-3-1,,Darren England,Match Report,8,3,11.4,0,0,0,Ipswich Town,2025,November,11,Early season,False,False,3,0.4
2024-11-24,16:30,Premier League,Matchweek 12,Sun,Home,D,1,1,Manchester United,1.6,0.8,40,30017.0,Sam Morsy,4-2-3-1,,Anthony Taylor,Match Report,11,6,19.5,1,0,0,Ipswich Town,2025,November,12,Early season,False,False,1,-0.6
2024-11-30,15:00,Premier League,Matchweek 13,Sat,Away,L,0,1,Nottingham Forest,0.6,1.6,55,30237.0,Sam Morsy,4-2-3-1,4-2-3-1,Tony Harrington,Match Report,7,2,14.9,0,0,0,Ipswich Town,2025,November,13,Early season,False,False,0,-0.6
2024-12-03,19:30,Premier League,Matchweek 14,Tue,Home,L,0,1,Crystal Palace,0.5,1.6,54,29533.0,Sam Morsy,4-2-3-1,,Craig Pawson,Match Report,9,2,17.6,0,0,0,Ipswich Town,2025,December,14,Mid season,False,False,0,-0.5
2024-12-08,14:00,Premier League,Matchweek 15,Sun,Home,L,1,2,Bournemouth,1.3,3.2,44,29180.0,Sam Morsy,4-2-3-1,4-2-3-1,Michael Salisbury,Match Report,18,5,18.4,0,0,0,Ipswich Town,2025,December,15,Mid season,False,False,0,-0.3
2024-12-14,15:00,Premier League,Matchweek 16,Sat,Away,W,2,1,Wolverhampton Wanderers,1.1,1.3,46,30866.0,Sam Morsy,4-2-3-1,,Simon Hooper,Match Report,10,3,15.7,0,0,0,Ipswich Town,2025,December,16,Mid season,False,False,3,0.9
2024-12-21,15:00,Premier League,Matchweek 17,Sat,Home,L,0,4,Newcastle United,0.7,2.3,42,29774.0,Sam Morsy,4-2-3-1,,Stuart Attwell,Match Report,10,2,17.8,0,0,0,Ipswich Town,2025,December,17,Mid season,False,False,0,-0.7
2024-12-27,20:15,Premier League,Matchweek 18,Fri,Away,L,0,1,Arsenal,0.2,1.8,32,60271.0,Dara O'Shea,,,Darren England,Match Report,3,0,28.2,0,0,0,Ipswich Town,2025,December,18,Mid season,False,False,0,-0.2
2024-12-30,19:45,Premier League,Matchweek 19,Mon,Home,W,2,0,Chelsea,1.6,2.0,24,29968.0,Sam Morsy,,4-2-3-1,John Brooks,Match Report,8,5,16.1,0,1,1,Ipswich Town,2025,December,19,Mid season,False,False,3,0.4
2025-01-05,14:00,Premier League,Matchweek 20,Sun,Away,D,2,2,Fulham,1.5,2.2,27,27042.0,Sam Morsy,,,Darren Bond,Match Report,6,2,18.0,0,1,1,Ipswich Town,2025,January,20,Mid season,False,False,1,0.5
2025-01-16,19:30,Premier League,Matchweek 21,Thu,Home,L,0,2,Brighton And Hove Albion,0.3,1.0,47,29403.0,Dara O'Shea,4-2-3-1,4-1-4-1,Tony Harrington,Match Report,5,3,21.3,0,0,0,Ipswich Town,2025,January,21,Mid season,False,False,0,-0.3
2025-01-19,16:30,Premier League,Matchweek 22,Sun,Home,L,0,6,Manchester City,0.5,3.0,33,29841.0,Sam Morsy,,4-2-3-1,Samuel Barrott,Match Report,8,4,16.7,0,0,0,Ipswich Town,2025,January,22,Mid season,False,False,0,-0.5
2025-01-25,15:00,Premier League,Matchweek 23,Sat,Away,L,1,4,Liverpool,0.5,2.0,30,60420.0,Sam Morsy,4-2-3-1,4-2-3-1,Michael Salisbury,Match Report,3,3,13.8,0,0,0,Ipswich Town,2025,January,23,Mid season,False,False,0,0.5
2025-02-01,15:00,Premier League,Matchweek 24,Sat,Home,L,1,2,Southampton,1.8,0.9,57,29902.0,Sam Morsy,4-2-3-1,,Michael Oliver,Match Report,15,6,19.8,2,0,0,Ipswich Town,2025,February,24,Mid season,False,False,0,-0.8
2025-02-15,15:00,Premier League,Matchweek 25,Sat,Away,D,1,1,Aston Villa,0.4,2.4,25,42510.0,Dara O'Shea,4-2-3-1,4-2-3-1,Robert Jones,Match Report,4,3,19.6,1,0,0,Ipswich Town,2025,February,25,Mid season,False,False,1,0.6
2025-02-22,15:00,Premier League,Matchweek 26,Sat,Home,L,1,4,Tottenham Hotspur,1.1,1.7,42,30003.0,Dara O'Shea,4-2-3-1,,Tim Robinson,Match Report,17,5,17.8,1,0,0,Ipswich Town,2025,February,26,Late season,False,False,0,-0.1
2025-02-26,19:30,Premier League,Matchweek 27,Wed,Away,L,2,3,Manchester United,1.4,0.7,55,73827.0,Sam Morsy,,,Darren England,Match Report,12,3,18.9,0,0,0,Ipswich Town,2025,February,27,Late season,False,False,0,0.6
2025-03-08,15:00,Premier League,Matchweek 28,Sat,Away,L,0,1,Crystal Palace,1.5,3.2,45,25155.0,Dara O'Shea,4-2-3-1,,Simon Hooper,Match Report,15,7,15.8,0,0,0,Ipswich Town,2025,March,28,Late season,False,False,0,-1.5
2025-03-15,15:00,Premier League,Matchweek 29,Sat,Home,L,2,4,Nottingham Forest,0.4,1.5,55,29878.0,Dara O'Shea,4-2-3-1,4-2-3-1,Michael Salisbury,Match Report,11,3,21.6,1,0,0,Ipswich Town,2025,March,29,Late season,False,False,0,1.6
2025-04-02,19:45,Premier League,Matchweek 30,Wed,Away,W,2,1,Bournemouth,1.2,1.8,37,11192.0,Sam Morsy,4-2-3-1,4-2-3-1,Robert Jones,Match Report,10,2,16.8,0,0,0,Ipswich Town,2025,April,30,Late season,False,False,3,0.8
2025-04-05,15:00,Premier League,Matchweek 31,Sat,Home,L,1,2,Wolverhampton Wanderers,0.8,2.6,45,29549.0,Sam Morsy,4-2-3-1,,Peter Bankes,Match Report,6,2,15.2,0,0,0,Ipswich Town,2025,April,31,Late season,False,False,0,0.2
2025-04-13,14:00,Premier League,Matchweek 32,Sun,Away,D,2,2,Chelsea,1.1,2.2,27,39805.0,Sam Morsy,4-2-3-1,4-2-3-1,Stuart Attwell,Match Report,13,4,21.0,0,0,0,Ipswich Town,2025,April,32,Late season,False,False,1,0.9
2025-04-20,14:00,Premier League,Matchweek 33,Sun,Home,L,0,4,Arsenal,0.2,2.4,25,29549.0,Sam Morsy,4-4-1-1,,Chris Kavanagh,Match Report,4,0,19.7,0,0,0,Ipswich Town,2025,April,33,Late season,False,False,0,-0.2
2025-04-26,15:00,Premier League,Matchweek 34,Sat,Away,L,0,3,Newcastle United,0.1,2.4,23,52171.0,Sam Morsy,4-4-1-1,,Michael Salisbury,Match Report,4,0,19.3,0,0,0,Ipswich Town,2025,April,34,Late season,False,False,0,-0.1
2025-05-03,15:00,Premier League,Matchweek 35,Sat,Away,D,2,2,Everton,0.8,0.6,42,39305.0,Sam Morsy,4-2-3-1,4-2-3-1,Lewis Smith,Match Report,12,5,19.8,0,0,0,Ipswich Town,2025,May,35,Late season,False,False,1,1.2
2025-05-10,15:00,Premier League,Matchweek 36,Sat,Home,L,0,1,Brentford,0.9,1.4,49,29511.0,Sam Morsy,4-2-3-1,4-2-3-1,Samuel Barrott,Match Report,11,4,21.4,0,0,0,Ipswich Town,2025,May,36,Late season,False,False,0,-0.9
2025-05-18,15:00,Premier League,Matchweek 37,Sun,Away,L,0,2,Leicester City,1.4,0.8,50,31986.0,Sam Morsy,4-2-3-1,4-2-3-1,Andrew Kitchen,Match Report,20,2,15.6,0,0,0,Ipswich Town,2025,May,37,Late season,False,False,0,-1.4
2025-05-25,16:00,Premier League,Matchweek 38,Sun,Home,L,1,3,West Ham United,0.7,1.1,42,29771.0,Sam Morsy,4-2-3-1,3-1-4-2,Tim Robinson,Match Report,14,4,17.7,0,0,0,Ipswich Town,2025,May,38,Late season,False,False,0,0.3
2020-09-12,17:30,Premier League,Matchweek 1,Sat,Away,L,3,4,Liverpool,0.3,2.7,51,,Luke Ayling,4-1-4-1,,Michael Oliver,Match Report,6,3,19.9,1,0,0,Leeds United,2021,September,1,Early season,False,,0,2.7
2020-09-19,15:00,Premier League,Matchweek 2,Sat,Home,W,4,3,Fulham,1.4,1.7,51,,Liam Cooper,4-1-4-1,4-2-3-1,Anthony Taylor,Match Report,9,6,16.9,1,1,1,Leeds United,2021,September,2,Early season,False,,3,2.6
2020-09-27,12:00,Premier League,Matchweek 3,Sun,Away,W,1,0,Sheffield United,1.2,1.4,64,,Liam Cooper,3-1-4-2,,Paul Tierney,Match Report,17,8,19.0,0,0,0,Leeds United,2021,September,3,Early season,False,,3,-0.2
2020-10-03,17:30,Premier League,Matchweek 4,Sat,Home,D,1,1,Manchester City,2.4,1.2,51,,Liam Cooper,4-1-4-1,,Mike Dean,Match Report,12,7,11.5,0,0,0,Leeds United,2021,October,4,Early season,False,,1,-1.4
2020-10-19,20:00,Premier League,Matchweek 5,Mon,Home,L,0,1,Wolverhampton Wanderers,1.0,0.4,66,,Luke Ayling,4-1-4-1,,David Coote,Match Report,13,2,12.8,0,0,0,Leeds United,2021,October,5,Early season,False,,0,-1.0
2020-10-23,20:00,Premier League,Matchweek 6,Fri,Away,W,3,0,Aston Villa,2.7,1.4,59,,Luke Ayling,4-4-1-1,4-2-3-1,Paul Tierney,Match Report,27,9,16.9,1,0,0,Leeds United,2021,October,6,Early season,False,,3,0.3
2020-11-02,20:00,Premier League,Matchweek 7,Mon,Home,L,1,4,Leicester City,2.1,2.9,67,,Liam Cooper,4-1-4-1,,Andre Marriner,Match Report,11,4,18.0,0,0,0,Leeds United,2021,November,7,Early season,False,,0,-1.1
2020-11-07,15:00,Premier League,Matchweek 8,Sat,Away,L,1,4,Crystal Palace,0.8,0.9,64,,Liam Cooper,3-3-3-1,,Chris Kavanagh,Match Report,9,3,18.9,1,0,0,Leeds United,2021,November,8,Early season,False,,0,0.2
2020-11-22,16:30,Premier League,Matchweek 9,Sun,Home,D,0,0,Arsenal,1.8,0.9,66,,Liam Cooper,4-1-4-1,4-2-3-1,Anthony Taylor,Match Report,25,4,18.0,0,0,0,Leeds United,2021,November,9,Early season,False,,1,-1.8
2020-11-28,17:30,Premier League,Matchweek 10,Sat,Away,W,1,0,Everton,2.9,1.2,59,,Liam Cooper,4-4-1-1,,Chris Kavanagh,Match Report,23,6,16.5,0,0,0,Leeds United,2021,November,10,Early season,False,,3,-1.9
2020-12-05,20:00,Premier League,Matchweek 11,Sat,Away,L,1,3,Chelsea,0.8,4.1,54,2000.0,Liam Cooper,4-4-1-1,,Kevin Friend,Match Report,8,3,16.8,0,0,0,Leeds United,2021,December,11,Early season,False,True,0,0.2
2020-12-11,20:00,Premier League,Matchweek 12,Fri,Home,L,1,2,West Ham United,1.6,1.3,63,,Liam Cooper,4-1-4-1,4-2-3-1,Michael Oliver,Match Report,12,6,17.7,0,1,1,Leeds United,2021,December,12,Early season,False,,0,-0.6
2020-12-16,18:00,Premier League,Matchweek 13,Wed,Home,W,5,2,Newcastle United,2.7,1.5,68,,Liam Cooper,4-1-4-1,,Simon Hooper,Match Report,25,10,16.7,0,0,0,Leeds United,2021,December,13,Early season,False,,3,2.3
2020-12-20,16:30,Premier League,Matchweek 14,Sun,Away,L,2,6,Manchester United,1.8,3.6,59,,Liam Cooper,4-1-4-1,4-2-3-1,Anthony Taylor,Match Report,17,4,13.9,0,0,0,Leeds United,2021,December,14,Mid season,False,,0,0.2
2020-12-27,12:00,Premier League,Matchweek 15,Sun,Home,W,1,0,Burnley,1.9,1.5,51,,Luke Ayling,3-3-3-1,,Robert Jones,Match Report,10,3,21.1,0,1,1,Leeds United,2021,December,15,Mid season,False,,3,-0.9
2020-12-29,18:00,Premier League,Matchweek 16,Tue,Away,W,5,0,West Bromwich Albion,1.2,0.5,75,,Luke Ayling,4-1-4-1,4-1-4-1,Lee Mason,Match Report,14,6,18.6,0,0,0,Leeds United,2021,December,16,Mid season,False,,3,3.8
2021-01-02,12:30,Premier League,Matchweek 17,Sat,Away,L,0,3,Tottenham Hotspur,1.1,2.6,63,,Luke Ayling,4-1-4-1,4-2-3-1,David Coote,Match Report,18,5,18.5,0,0,0,Leeds United,2021,January,17,Mid season,False,,0,-1.1
2021-01-16,15:00,Premier League,Matchweek 19,Sat,Home,L,0,1,Brighton And Hove Albion,0.3,1.4,66,,Liam Cooper,4-1-4-1,,Kevin Friend,Match Report,7,2,18.4,0,0,0,Leeds United,2021,January,19,Mid season,False,,0,-0.3
2021-01-26,18:00,Premier League,Matchweek 20,Tue,Away,W,2,1,Newcastle United,0.7,1.4,58,,Liam Cooper,4-1-4-1,4-4-1-1,Anthony Taylor,Match Report,9,2,13.6,0,0,0,Leeds United,2021,January,20,Mid season,False,,3,1.3
2021-01-31,14:00,Premier League,Matchweek 21,Sun,Away,W,3,1,Leicester City,2.1,1.8,49,,Liam Cooper,4-1-4-1,4-2-3-1,Chris Kavanagh,Match Report,8,6,13.3,0,0,0,Leeds United,2021,January,21,Mid season,False,,3,0.9
2021-02-03,19:30,Premier League,Matchweek 22,Wed,Home,L,1,2,Everton,1.3,1.6,63,,Liam Cooper,4-1-4-1,4-2-3-1,Michael Oliver,Match Report,16,7,14.8,0,0,0,Leeds United,2021,February,22,Mid season,False,,0,-0.3
2021-02-08,20:00,Premier League,Matchweek 23,Mon,Home,W,2,0,Crystal Palace,1.9,0.4,67,,Liam Cooper,4-1-4-1,,Andre Marriner,Match Report,17,7,14.3,1,0,0,Leeds United,2021,February,23,Mid season,False,,3,0.1
2021-02-14,16:30,Premier League,Matchweek 24,Sun,Away,L,2,4,Arsenal,0.9,2.3,54,,Liam Cooper,4-1-4-1,4-2-3-1,Stuart Attwell,Match Report,9,5,17.6,0,0,0,Leeds United,2021,February,24,Mid season,False,,0,1.1
2021-02-19,20:00,Premier League,Matchweek 25,Fri,Away,L,0,1,Wolverhampton Wanderers,1.7,0.6,58,,Liam Cooper,4-4-1-1,,David Coote,Match Report,18,7,13.2,0,0,0,Leeds United,2021,February,25,Mid season,False,,0,-1.7
2021-02-23,18:00,Premier League,Matchweek 18,Tue,Home,W,3,0,Southampton,1.3,0.9,46,,Liam Cooper,3-3-3-1,,Andre Marriner,Match Report,11,7,16.2,1,0,0,Leeds United,2021,February,18,Mid season,False,,3,1.7
2021-02-27,17:30,Premier League,Matchweek 26,Sat,Home,L,0,1,Aston Villa,0.9,0.7,69,,Liam Cooper,4-1-4-1,,Peter Bankes,Match Report,13,3,18.9,0,0,0,Leeds United,2021,February,26,Late season,False,,0,-0.9
2021-03-08,20:00,Premier League,Matchweek 27,Mon,Away,L,0,2,West Ham United,1.4,1.8,65,,Liam Cooper,4-1-4-1,4-2-3-1,Mike Dean,Match Report,17,2,18.4,0,0,0,Leeds United,2021,March,27,Late season,False,,0,-1.4
2021-03-13,12:30,Premier League,Matchweek 28,Sat,Home,D,0,0,Chelsea,0.4,1.0,38,,Luke Ayling,4-1-4-1,4-2-3-1,Kevin Friend,Match Report,7,4,16.0,0,0,0,Leeds United,2021,March,28,Late season,False,,1,-0.4
2021-03-19,20:00,Premier League,Matchweek 29,Fri,Away,W,2,1,Fulham,1.3,1.6,49,,Luke Ayling,4-1-4-1,4-2-3-1,David Coote,Match Report,13,4,17.5,1,0,0,Leeds United,2021,March,29,Late season,False,,3,0.7
2021-04-03,15:00,Premier League,Matchweek 30,Sat,Home,W,2,1,Sheffield United,2.4,1.1,54,,Liam Cooper,4-1-4-1,,Graham Scott,Match Report,23,8,18.3,1,0,0,Leeds United,2021,April,30,Late season,False,,3,-0.4
2021-04-10,12:30,Premier League,Matchweek 31,Sat,Away,W,2,1,Manchester City,0.1,2.1,29,,Liam Cooper,4-1-4-1,,Andre Marriner,Match Report,2,2,20.5,0,0,0,Leeds United,2021,April,31,Late season,False,,3,1.9
2021-04-19,20:00,Premier League,Matchweek 32,Mon,Home,D,1,1,Liverpool,2.3,1.4,61,,Luke Ayling,4-1-4-1,,Anthony Taylor,Match Report,12,5,12.0,0,0,0,Leeds United,2021,April,32,Late season,False,,1,-1.3
2021-04-25,14:00,Premier League,Matchweek 33,Sun,Home,D,0,0,Manchester United,0.3,1.2,44,,Luke Ayling,4-1-4-1,4-2-3-1,Craig Pawson,Match Report,6,3,21.9,0,0,0,Leeds United,2021,April,33,Late season,False,,1,-0.3
2021-05-01,15:00,Premier League,Matchweek 34,Sat,Away,L,0,2,Brighton And Hove Albion,0.6,2.3,58,,Luke Ayling,4-1-4-1,3-4-1-2,Chris Kavanagh,Match Report,11,2,21.6,0,0,0,Leeds United,2021,May,34,Late season,False,,0,-0.6
2021-05-08,12:30,Premier League,Matchweek 35,Sat,Home,W,3,1,Tottenham Hotspur,2.5,0.9,53,,Luke Ayling,4-1-4-1,4-2-3-1,Michael Oliver,Match Report,16,7,15.0,0,0,0,Leeds United,2021,May,35,Late season,False,,3,0.5
2021-05-15,12:30,Premier League,Matchweek 36,Sat,Away,W,4,0,Burnley,1.5,1.3,52,,Luke Ayling,3-3-3-1,,Graham Scott,Match Report,16,6,16.8,0,0,0,Leeds United,2021,May,36,Late season,False,,3,2.5
2021-05-18,18:00,Premier League,Matchweek 37,Tue,Away,W,2,0,Southampton,1.7,1.6,49,8000.0,Liam Cooper,3-3-3-1,,Peter Bankes,Match Report,15,7,18.8,0,0,0,Leeds United,2021,May,37,Late season,False,False,3,0.3
2021-05-23,16:00,Premier League,Matchweek 38,Sun,Home,W,3,1,West Bromwich Albion,2.3,1.0,64,8000.0,Liam Cooper,,,David Coote,Match Report,16,8,18.9,1,1,1,Leeds United,2021,May,38,Late season,False,False,3,0.7
2021-08-14,12:30,Premier League,Matchweek 1,Sat,Away,L,1,5,Manchester United,0.5,1.5,51,72732.0,Liam Cooper,4-1-4-1,4-2-3-1,Paul Tierney,Match Report,10,3,21.3,0,0,0,Leeds United,2022,August,1,Early season,False,False,0,0.5
2021-08-21,15:00,Premier League,Matchweek 2,Sat,Home,D,2,2,Everton,1.2,1.8,69,36293.0,Liam Cooper,3-3-3-1,4-4-1-1,Darren England,Match Report,17,4,20.9,0,0,0,Leeds United,2022,August,2,Early season,False,False,1,0.8
2021-08-29,14:00,Premier League,Matchweek 3,Sun,Away,D,1,1,Burnley,1.2,1.0,64,20000.0,Liam Cooper,3-3-3-1,,Michael Oliver,Match Report,12,2,16.1,0,0,0,Leeds United,2022,August,3,Early season,False,False,1,-0.2
2021-09-12,16:30,Premier League,Matchweek 4,Sun,Home,L,0,3,Liverpool,1.2,4.3,44,36507.0,Liam Cooper,4-1-4-1,,Craig Pawson,Match Report,9,4,15.2,0,0,0,Leeds United,2022,September,4,Early season,False,False,0,-1.2
2021-09-17,20:00,Premier League,Matchweek 5,Fri,Away,D,1,1,Newcastle United,1.5,1.3,65,50407.0,Liam Cooper,4-1-4-1,,Mike Dean,Match Report,22,9,20.4,0,0,0,Leeds United,2022,September,5,Early season,False,False,1,-0.5
2021-09-25,15:00,Premier League,Matchweek 6,Sat,Home,L,1,2,West Ham United,1.2,1.6,53,36417.0,Liam Cooper,4-1-4-1,4-2-3-1,Kevin Friend,Match Report,15,5,19.5,0,0,0,Leeds United,2022,September,6,Early season,False,False,0,-0.2
2021-10-02,15:00,Premier League,Matchweek 7,Sat,Home,W,1,0,Watford,1.3,0.2,66,36261.0,Liam Cooper,4-1-4-1,4-2-3-1,Simon Hooper,Match Report,20,3,18.8,1,0,0,Leeds United,2022,October,7,Early season,False,False,3,-0.3
2021-10-16,15:00,Premier League,Matchweek 8,Sat,Away,L,0,1,Southampton,0.2,1.9,54,30506.0,Liam Cooper,3-3-3-1,,David Coote,Match Report,3,0,21.7,0,0,0,Leeds United,2022,October,8,Early season,False,False,0,-0.2
2021-10-23,15:00,Premier League,Matchweek 9,Sat,Home,D,1,1,Wolverhampton Wanderers,1.6,0.9,62,36475.0,Liam Cooper,4-4-1-1,,Robert Jones,Match Report,17,3,19.2,0,1,1,Leeds United,2022,October,9,Early season,False,False,1,-0.6
2021-10-31,14:00,Premier League,Matchweek 10,Sun,Away,W,2,1,Norwich City,0.7,0.8,52,26913.0,Liam Cooper,3-3-3-1,,Anthony Taylor,Match Report,13,5,20.9,0,0,0,Leeds United,2022,October,10,Early season,False,False,3,1.3
2021-11-07,14:00,Premier League,Matchweek 11,Sun,Home,D,1,1,Leicester City,1.3,0.7,56,36478.0,Liam Cooper,4-2-3-1,,Darren England,Match Report,18,5,17.7,1,0,0,Leeds United,2022,November,11,Early season,False,False,1,-0.3
2021-11-21,16:30,Premier League,Matchweek 12,Sun,Away,L,1,2,Tottenham Hotspur,1.4,2.1,57,58989.0,Liam Cooper,3-3-3-1,,Andre Marriner,Match Report,18,7,21.4,1,0,0,Leeds United,2022,November,12,Early season,False,False,0,-0.4
2021-11-27,17:30,Premier League,Matchweek 13,Sat,Away,D,0,0,Brighton And Hove Albion,0.6,2.1,43,31166.0,Liam Cooper,4-2-3-1,4-2-3-1,Craig Pawson,Match Report,11,4,17.4,1,0,0,Leeds United,2022,November,13,Early season,False,False,1,-0.6
2021-11-30,20:15,Premier League,Matchweek 14,Tue,Home,W,1,0,Crystal Palace,1.4,1.1,61,35558.0,Liam Cooper,4-1-4-1,,Kevin Friend,Match Report,14,2,20.1,0,1,1,Leeds United,2022,November,14,Mid season,False,False,3,-0.4
2021-12-05,14:00,Premier League,Matchweek 15,Sun,Home,D,2,2,Brentford,1.2,1.0,63,35639.0,Liam Cooper,,,David Coote,Match Report,13,6,17.3,0,0,0,Leeds United,2022,December,15,Mid season,False,False,1,0.8
2021-12-11,15:00,Premier League,Matchweek 16,Sat,Away,L,2,3,Chelsea,1.4,2.5,43,39959.0,Luke Ayling,4-3-1-2,,Chris Kavanagh,Match Report,11,4,19.4,2,1,1,Leeds United,2022,December,16,Mid season,False,False,0,0.6
2021-12-14,20:00,Premier League,Matchweek 17,Tue,Away,L,0,7,Manchester City,0.3,3.1,37,52401.0,Luke Ayling,4-2-3-1,4-2-3-1,Paul Tierney,Match Report,6,3,25.3,1,0,0,Leeds United,2022,December,17,Mid season,False,False,0,-0.3
2021-12-18,17:30,Premier League,Matchweek 18,Sat,Home,L,1,4,Arsenal,1.6,3.5,51,36166.0,Luke Ayling,4-2-3-1,4-2-3-1,Andre Marriner,Match Report,8,1,24.8,0,1,1,Leeds United,2022,December,18,Mid season,False,False,0,-0.6
2022-01-02,14:00,Premier League,Matchweek 21,Sun,Home,W,3,1,Burnley,1.9,1.0,55,36083.0,Luke Ayling,,,Paul Tierney,Match Report,22,7,18.9,0,0,0,Leeds United,2022,January,21,Mid season,False,False,3,1.1
2022-01-16,14:00,Premier League,Matchweek 22,Sun,Away,W,3,2,West Ham United,2.2,2.4,52,59951.0,Luke Ayling,4-1-4-1,4-2-3-1,Mike Dean,Match Report,18,5,16.8,2,0,0,Leeds United,2022,January,22,Mid season,False,False,3,0.8
2022-01-22,15:00,Premier League,Matchweek 23,Sat,Home,L,0,1,Newcastle United,0.7,0.9,62,36405.0,Luke Ayling,4-2-3-1,,Chris Kavanagh,Match Report,13,4,16.1,0,0,0,Leeds United,2022,January,23,Mid season,False,False,0,-0.7
2022-02-09,20:00,Premier League,Matchweek 24,Wed,Away,D,3,3,Aston Villa,1.8,1.6,60,41927.0,Luke Ayling,4-2-3-1,,Jarred Gillett,Match Report,16,7,13.9,0,0,0,Leeds United,2022,February,24,Mid season,False,False,1,1.2
2022-02-12,15:00,Premier League,Matchweek 25,Sat,Away,L,0,3,Everton,0.3,2.7,58,39150.0,Luke Ayling,3-3-3-1,,Graham Scott,Match Report,7,0,24.1,0,0,0,Leeds United,2022,February,25,Mid season,False,False,0,-0.3
2022-02-20,14:00,Premier League,Matchweek 26,Sun,Home,L,2,4,Manchester United,1.8,2.2,54,36715.0,Luke Ayling,4-2-3-1,4-2-3-1,Paul Tierney,Match Report,16,6,19.3,0,0,0,Leeds United,2022,February,26,Late season,False,False,0,0.2
2022-02-23,19:45,Premier League,Matchweek 19,Wed,Away,L,0,6,Liverpool,0.2,5.9,37,53018.0,Luke Ayling,4-1-4-1,,Michael Oliver,Match Report,3,2,21.1,0,0,0,Leeds United,2022,February,19,Mid season,False,False,0,-0.2
2022-02-26,12:30,Premier League,Matchweek 27,Sat,Home,L,0,4,Tottenham Hotspur,1.5,1.9,50,36599.0,Luke Ayling,4-1-4-1,,Craig Pawson,Match Report,19,2,18.0,1,0,0,Leeds United,2022,February,27,Late season,False,False,0,-1.5
2022-03-05,12:30,Premier League,Matchweek 28,Sat,Away,L,0,1,Leicester City,1.7,0.4,49,32236.0,Luke Ayling,4-2-3-1,,David Coote,Match Report,19,4,13.3,0,0,0,Leeds United,2022,March,28,Late season,False,False,0,-1.7
2022-03-10,19:45,Premier League,Matchweek 20,Thu,Home,L,0,3,Aston Villa,0.2,1.5,51,36400.0,Luke Ayling,4-2-3-1,4-3-1-2,Simon Hooper,Match Report,4,1,22.5,0,0,0,Leeds United,2022,March,20,Mid season,False,False,0,-0.2
2022-03-13,14:00,Premier League,Matchweek 29,Sun,Home,W,2,1,Norwich City,2.5,1.5,52,36321.0,Luke Ayling,4-2-3-1,,Stuart Attwell,Match Report,13,7,14.4,1,0,0,Leeds United,2022,March,29,Late season,False,False,3,-0.5
2022-03-18,20:00,Premier League,Matchweek 30,Fri,Away,W,3,2,Wolverhampton Wanderers,2.0,1.2,52,31842.0,Luke Ayling,4-2-3-1,,Kevin Friend,Match Report,15,5,13.8,1,0,0,Leeds United,2022,March,30,Late season,False,False,3,1.0
2022-04-02,15:00,Premier League,Matchweek 31,Sat,Home,D,1,1,Southampton,1.2,1.4,56,36580.0,Liam Cooper,4-2-3-1,4-3-1-2,Anthony Taylor,Match Report,12,3,17.8,0,0,0,Leeds United,2022,April,31,Late season,False,False,1,-0.2
2022-04-09,15:00,Premier League,Matchweek 32,Sat,Away,W,3,0,Watford,0.7,1.1,51,20957.0,Liam Cooper,4-2-3-1,,Andre Marriner,Match Report,10,5,17.9,0,0,0,Leeds United,2022,April,32,Late season,False,False,3,2.3
2022-04-25,20:00,Premier League,Matchweek 34,Mon,Away,D,0,0,Crystal Palace,0.5,1.9,47,25357.0,Liam Cooper,4-2-3-1,,Darren England,Match Report,9,2,17.4,0,0,0,Leeds United,2022,April,34,Late season,False,False,1,-0.5
2022-04-30,17:30,Premier League,Matchweek 35,Sat,Home,L,0,4,Manchester City,1.3,2.4,42,35771.0,Luke Ayling,,4-2-3-1,Paul Tierney,Match Report,7,1,12.2,0,0,0,Leeds United,2022,April,35,Late season,False,False,0,-1.3
2022-05-08,14:00,Premier League,Matchweek 36,Sun,Away,L,1,2,Arsenal,0.3,2.0,36,60108.0,Luke Ayling,4-2-3-1,4-2-3-1,Chris Kavanagh,Match Report,3,2,11.0,0,0,0,Leeds United,2022,May,36,Late season,False,False,0,0.7
2022-05-11,19:30,Premier League,Matchweek 33,Wed,Home,L,0,3,Chelsea,0.4,1.3,33,36549.0,Liam Cooper,,,Anthony Taylor,Match Report,5,0,19.3,0,0,0,Leeds United,2022,May,33,Late season,False,False,0,-0.4
2022-05-15,14:00,Premier League,Matchweek 37,Sun,Home,D,1,1,Brighton And Hove Albion,1.6,2.2,50,36638.0,Liam Cooper,4-2-3-1,,Mike Dean,Match Report,19,4,15.1,1,0,0,Leeds United,2022,May,37,Late season,False,False,1,-0.6
2022-05-22,16:00,Premier League,Matchweek 38,Sun,Away,W,2,1,Brentford,1.3,0.8,51,16957.0,Liam Cooper,4-4-1-1,,Paul Tierney,Match Report,13,5,24.7,0,1,1,Leeds United,2022,May,38,Late season,False,False,3,0.7
2022-08-06,15:00,Premier League,Matchweek 1,Sat,Home,W,2,1,Wolverhampton Wanderers,0.8,1.3,40,36347.0,Patrick Bamford,4-2-3-1,4-2-3-1,Robert Jones,Match Report,12,4,18.6,1,0,0,Leeds United,2023,August,1,Early season,False,False,3,1.2
2022-08-13,15:00,Premier League,Matchweek 2,Sat,Away,D,2,2,Southampton,1.8,1.2,57,30815.0,Patrick Bamford,4-2-3-1,,Tony Harrington,Match Report,13,5,12.0,0,0,0,Leeds United,2023,August,2,Early season,False,False,1,0.2
2022-08-21,14:00,Premier League,Matchweek 3,Sun,Home,W,3,0,Chelsea,2.1,0.9,39,36372.0,Rodrigo,4-2-3-1,,Stuart Attwell,Match Report,12,6,16.3,0,0,0,Leeds United,2023,August,3,Early season,False,False,3,0.9
2022-08-27,15:00,Premier League,Matchweek 4,Sat,Away,L,0,1,Brighton And Hove Albion,1.8,2.0,56,30953.0,Rodrigo,4-2-3-1,,Michael Salisbury,Match Report,10,2,18.0,1,0,0,Leeds United,2023,August,4,Early season,False,False,0,-1.8
2022-08-30,20:00,Premier League,Matchweek 5,Tue,Home,D,1,1,Everton,1.0,1.0,69,36338.0,Rodrigo,4-2-3-1,,Darren England,Match Report,14,5,16.9,0,0,0,Leeds United,2023,August,5,Early season,False,False,1,0.0
2022-09-03,15:00,Premier League,Matchweek 6,Sat,Away,L,2,5,Brentford,1.7,2.3,68,17092.0,Robin Koch,4-2-3-1,,Robert Jones,Match Report,17,6,21.9,1,0,0,Leeds United,2023,September,6,Early season,False,False,0,0.3
2022-10-02,16:30,Premier League,Matchweek 9,Sun,Home,D,0,0,Aston Villa,0.4,2.2,44,36582.0,Liam Cooper,4-2-3-1,,Stuart Attwell,Match Report,6,1,16.8,0,0,0,Leeds United,2023,October,9,Early season,False,False,1,-0.4
2022-10-09,14:00,Premier League,Matchweek 10,Sun,Away,L,1,2,Crystal Palace,1.0,1.1,46,25042.0,Liam Cooper,4-2-3-1,,Paul Tierney,Match Report,10,4,18.1,0,0,0,Leeds United,2023,October,10,Early season,False,False,0,0.0
2022-10-16,14:00,Premier League,Matchweek 11,Sun,Home,L,0,1,Arsenal,1.8,0.5,47,36700.0,Liam Cooper,4-2-3-1,,Chris Kavanagh,Match Report,15,4,18.1,0,0,1,Leeds United,2023,October,11,Early season,False,False,0,-1.8
2022-10-20,20:15,Premier League,Matchweek 12,Thu,Away,L,0,2,Leicester City,1.3,0.8,54,30814.0,Patrick Bamford,4-2-3-1,4-1-4-1,Peter Bankes,Match Report,14,2,18.3,0,0,0,Leeds United,2023,October,12,Early season,False,False,0,-1.3
2022-10-23,14:00,Premier League,Matchweek 13,Sun,Home,L,2,3,Fulham,1.6,1.8,57,36447.0,Liam Cooper,4-2-3-1,4-2-3-1,Anthony Taylor,Match Report,14,5,16.3,0,0,0,Leeds United,2023,October,13,Early season,False,False,0,0.4
2022-10-29,19:45,Premier League,Matchweek 14,Sat,Away,W,2,1,Liverpool,1.8,1.7,32,53274.0,Liam Cooper,4-2-3-1,4-1-2-1-2,Michael Oliver,Match Report,14,6,19.4,3,0,0,Leeds United,2023,October,14,Mid season,False,False,3,0.2
2022-11-05,15:00,Premier League,Matchweek 15,Sat,Home,W,4,3,Bournemouth,2.2,1.5,60,36304.0,Liam Cooper,4-2-3-1,,Tony Harrington,Match Report,17,3,15.9,0,1,1,Leeds United,2023,November,15,Mid season,False,False,3,1.8
2022-11-12,15:00,Premier League,Matchweek 16,Sat,Away,L,3,4,Tottenham Hotspur,1.1,1.8,45,61667.0,Liam Cooper,4-2-3-1,,Michael Salisbury,Match Report,12,5,16.2,2,0,0,Leeds United,2023,November,16,Mid season,False,False,0,1.9
2022-12-28,20:00,Premier League,Matchweek 17,Wed,Home,L,1,3,Manchester City,0.6,4.3,31,36889.0,Liam Cooper,,,Stuart Attwell,Match Report,9,1,19.3,2,0,0,Leeds United,2023,December,17,Mid season,False,False,0,0.4
2022-12-31,15:00,Premier League,Matchweek 18,Sat,Away,D,0,0,Newcastle United,0.4,2.2,40,52211.0,Liam Cooper,4-2-3-1,,Simon Hooper,Match Report,8,1,17.9,1,0,0,Leeds United,2023,December,18,Mid season,False,False,1,-0.4
2023-01-04,19:45,Premier League,Matchweek 19,Wed,Home,D,2,2,West Ham United,1.6,1.4,62,36173.0,Liam Cooper,4-2-3-1,,David Coote,Match Report,14,5,14.0,0,0,0,Leeds United,2023,January,19,Mid season,False,False,1,0.4
2023-01-13,20:00,Premier League,Matchweek 20,Fri,Away,L,1,2,Aston Villa,2.4,1.2,48,42008.0,Liam Cooper,4-2-3-1,,Michael Oliver,Match Report,16,3,12.7,0,0,0,Leeds United,2023,January,20,Mid season,False,False,0,-1.4
2023-01-22,14:00,Premier League,Matchweek 21,Sun,Home,D,0,0,Brentford,0.5,0.4,58,36260.0,Luke Ayling,4-2-3-1,,Peter Bankes,Match Report,9,5,23.2,1,0,0,Leeds United,2023,January,21,Mid season,False,False,1,-0.5
2023-02-05,14:00,Premier League,Matchweek 22,Sun,Away,L,0,1,Nottingham Forest,0.9,0.4,70,29363.0,Liam Cooper,4-2-3-1,4-3-1-2,Robert Jones,Match Report,10,4,17.1,0,0,0,Leeds United,2023,February,22,Mid season,False,False,0,-0.9
2023-02-08,20:00,Premier League,Matchweek 8,Wed,Away,D,2,2,Manchester United,0.6,2.0,34,73456.0,Luke Ayling,4-2-3-1,4-2-3-1,Simon Hooper,Match Report,8,2,18.4,1,0,0,Leeds United,2023,February,8,Early season,False,False,1,1.4
2023-02-12,14:00,Premier League,Matchweek 23,Sun,Home,L,0,2,Manchester United,1.8,1.1,34,36919.0,Luke Ayling,4-2-3-1,4-2-3-1,Paul Tierney,Match Report,16,6,11.6,0,0,0,Leeds United,2023,February,23,Mid season,False,False,0,-1.8
2023-02-18,15:00,Premier League,Matchweek 24,Sat,Away,L,0,1,Everton,0.5,1.4,49,39232.0,Luke Ayling,4-2-3-1,,Andy Madley,Match Report,8,0,18.4,0,0,0,Leeds United,2023,February,24,Mid season,False,False,0,-0.5
2023-02-25,15:00,Premier League,Matchweek 25,Sat,Home,W,1,0,Southampton,0.9,0.4,61,36641.0,Luke Ayling,4-2-3-1,,Peter Bankes,Match Report,14,4,16.2,0,0,0,Leeds United,2023,February,25,Mid season,False,False,3,0.1
2023-03-04,15:00,Premier League,Matchweek 26,Sat,Away,L,0,1,Chelsea,1.0,1.5,43,39905.0,Luke Ayling,4-2-3-1,,Michael Oliver,Match Report,11,2,13.7,1,0,0,Leeds United,2023,March,26,Late season,False,False,0,-1.0
2023-03-11,15:00,Premier League,Matchweek 27,Sat,Home,D,2,2,Brighton And Hove Albion,0.9,2.7,38,36471.0,Luke Ayling,4-2-3-1,4-2-3-1,Paul Tierney,Match Report,12,4,19.7,0,0,0,Leeds United,2023,March,27,Late season,False,False,1,1.1
2023-03-18,15:00,Premier League,Matchweek 28,Sat,Away,W,4,2,Wolverhampton Wanderers,1.6,2.7,35,31570.0,Luke Ayling,4-2-3-1,,Michael Salisbury,Match Report,11,4,17.7,2,0,0,Leeds United,2023,March,28,Late season,False,False,3,2.4
2023-04-01,15:00,Premier League,Matchweek 29,Sat,Away,L,1,4,Arsenal,0.7,3.8,34,60283.0,Luke Ayling,,,Darren England,Match Report,7,5,14.3,0,0,0,Leeds United,2023,April,29,Late season,False,False,0,0.3
2023-04-04,19:45,Premier League,Matchweek 7,Tue,Home,W,2,1,Nottingham Forest,1.8,0.8,61,36740.0,Luke Ayling,4-2-3-1,4-3-2-1,Robert Jones,Match Report,21,6,17.3,0,0,0,Leeds United,2023,April,7,Early season,False,False,3,0.2
2023-04-09,14:00,Premier League,Matchweek 30,Sun,Home,L,1,5,Crystal Palace,0.9,3.0,48,36427.0,Luke Ayling,4-2-3-1,,Simon Hooper,Match Report,11,7,16.7,1,0,0,Leeds United,2023,April,30,Late season,False,False,0,0.1
2023-04-17,20:00,Premier League,Matchweek 31,Mon,Home,L,1,6,Liverpool,1.4,2.7,27,36657.0,Rodrigo,4-2-3-1,,Craig Pawson,Match Report,13,3,17.6,0,0,0,Leeds United,2023,April,31,Late season,False,False,0,-0.4
2023-04-22,12:30,Premier League,Matchweek 32,Sat,Away,L,1,2,Fulham,0.8,1.7,50,24356.0,Liam Cooper,4-2-3-1,4-2-3-1,Peter Bankes,Match Report,10,2,16.6,1,0,0,Leeds United,2023,April,32,Late season,False,False,0,0.2
2023-04-25,20:00,Premier League,Matchweek 33,Tue,Home,D,1,1,Leicester City,1.5,2.1,41,36666.0,Liam Cooper,4-2-3-1,4-2-3-1,Paul Tierney,Match Report,13,3,14.9,0,0,0,Leeds United,2023,April,33,Late season,False,False,1,-0.5
2023-04-30,14:00,Premier League,Matchweek 34,Sun,Away,L,1,4,Bournemouth,1.6,1.9,58,10434.0,Liam Cooper,,4-2-3-1,Chris Kavanagh,Match Report,15,6,14.8,1,0,0,Leeds United,2023,April,34,Late season,False,False,0,-0.6
2023-05-06,15:00,Premier League,Matchweek 35,Sat,Away,L,1,2,Manchester City,0.2,2.6,20,53406.0,Luke Ayling,4-2-3-1,3-2-4-1,Andy Madley,Match Report,4,2,12.1,0,0,0,Leeds United,2023,May,35,Late season,False,False,0,0.8
2023-05-13,12:30,Premier League,Matchweek 36,Sat,Home,D,2,2,Newcastle United,2.0,2.3,36,36955.0,Luke Ayling,,,Simon Hooper,Match Report,8,3,14.9,0,0,1,Leeds United,2023,May,36,Late season,False,False,1,0.0
2023-05-21,13:30,Premier League,Matchweek 37,Sun,Away,L,1,3,West Ham United,0.9,2.1,41,62478.0,Luke Ayling,,4-2-3-1,Peter Bankes,Match Report,12,3,15.6,0,0,0,Leeds United,2023,May,37,Late season,False,False,0,0.1
2023-05-28,16:30,Premier League,Matchweek 38,Sun,Home,L,1,4,Tottenham Hotspur,1.5,2.2,52,36871.0,Liam Cooper,,,Anthony Taylor,Match Report,19,2,15.8,0,0,0,Leeds United,2023,May,38,Late season,False,False,0,-0.5
2020-09-13,14:00,Premier League,Matchweek 1,Sun,Away,W,3,0,West Bromwich Albion,2.8,0.4,64,,Kasper Schmeichel,4-1-4-1,,Anthony Taylor,Match Report,11,5,19.3,1,2,2,Leicester City,2021,September,1,Early season,False,,3,0.2
2020-09-20,19:00,Premier League,Matchweek 2,Sun,Home,W,4,2,Burnley,1.2,1.4,67,,Kasper Schmeichel,4-1-4-1,,Lee Mason,Match Report,14,6,14.5,0,0,0,Leicester City,2021,September,2,Early season,False,,3,2.8
2020-09-27,16:30,Premier League,Matchweek 3,Sun,Away,W,5,2,Manchester City,2.9,0.9,28,,Kasper Schmeichel,,4-2-3-1,Michael Oliver,Match Report,4,4,30.1,0,3,3,Leicester City,2021,September,3,Early season,False,,3,2.1
2020-10-04,12:00,Premier League,Matchweek 4,Sun,Home,L,0,3,West Ham United,0.6,2.0,69,,Kasper Schmeichel,,,Andy Madley,Match Report,4,0,18.2,0,0,0,Leicester City,2021,October,4,Early season,False,,0,-0.6
2020-10-18,19:15,Premier League,Matchweek 5,Sun,Home,L,0,1,Aston Villa,0.6,0.7,50,,Kasper Schmeichel,4-1-4-1,4-2-3-1,Jonathan Moss,Match Report,11,5,19.2,2,0,0,Leicester City,2021,October,5,Early season,False,,0,-0.6
2020-10-25,19:15,Premier League,Matchweek 6,Sun,Away,W,1,0,Arsenal,0.7,0.7,44,,Kasper Schmeichel,,,Craig Pawson,Match Report,6,2,29.5,1,0,0,Leicester City,2021,October,6,Early season,False,,3,0.3
2020-11-02,20:00,Premier League,Matchweek 7,Mon,Away,W,4,1,Leeds United,2.9,2.1,33,,Kasper Schmeichel,,4-1-4-1,Andre Marriner,Match Report,9,7,14.9,0,1,1,Leicester City,2021,November,7,Early season,False,,3,1.1
2020-11-08,14:00,Premier League,Matchweek 8,Sun,Home,W,1,0,Wolverhampton Wanderers,2.0,0.8,49,,Kasper Schmeichel,,,Anthony Taylor,Match Report,8,1,22.8,0,1,2,Leicester City,2021,November,8,Early season,False,,3,-1.0
2020-11-22,19:15,Premier League,Matchweek 9,Sun,Away,L,0,3,Liverpool,1.6,3.1,44,,Kasper Schmeichel,,,Chris Kavanagh,Match Report,11,4,16.3,0,0,0,Leicester City,2021,November,9,Early season,False,,0,-1.6
2020-11-30,17:30,Premier League,Matchweek 10,Mon,Home,L,1,2,Fulham,1.2,2.2,68,,Kasper Schmeichel,,,Simon Hooper,Match Report,16,3,18.1,1,0,0,Leicester City,2021,November,10,Early season,False,,0,-0.2
2020-12-06,14:15,Premier League,Matchweek 11,Sun,Away,W,2,1,Sheffield United,1.4,0.2,69,,Kasper Schmeichel,,,Stuart Attwell,Match Report,13,4,18.4,1,0,0,Leicester City,2021,December,11,Early season,False,,3,0.6
2020-12-13,19:15,Premier League,Matchweek 12,Sun,Home,W,3,0,Brighton And Hove Albion,1.5,0.9,54,,Kasper Schmeichel,,4-2-3-1,Martin Atkinson,Match Report,15,6,16.3,0,0,0,Leicester City,2021,December,12,Early season,False,,3,1.5
2020-12-16,18:00,Premier League,Matchweek 13,Wed,Home,L,0,2,Everton,0.8,1.4,61,,Kasper Schmeichel,4-2-3-1,,Lee Mason,Match Report,14,2,20.5,0,0,0,Leicester City,2021,December,13,Early season,False,,0,-0.8
2020-12-20,14:15,Premier League,Matchweek 14,Sun,Away,W,2,0,Tottenham Hotspur,1.7,0.7,44,,Kasper Schmeichel,4-2-3-1,4-2-3-1,Craig Pawson,Match Report,16,3,18.6,0,1,1,Leicester City,2021,December,14,Mid season,False,,3,0.3
2020-12-26,12:30,Premier League,Matchweek 15,Sat,Home,D,2,2,Manchester United,0.9,1.7,54,,Kasper Schmeichel,4-2-3-1,4-2-3-1,Mike Dean,Match Report,10,2,17.6,1,0,0,Leicester City,2021,December,15,Mid season,False,,1,1.1
2020-12-28,15:00,Premier League,Matchweek 16,Mon,Away,D,1,1,Crystal Palace,1.9,0.5,66,,Kasper Schmeichel,4-2-3-1,,Graham Scott,Match Report,16,2,20.4,2,0,1,Leicester City,2021,December,16,Mid season,False,,1,-0.9
2021-01-03,14:15,Premier League,Matchweek 17,Sun,Away,W,2,1,Newcastle United,0.6,0.5,56,,Kasper Schmeichel,4-2-3-1,,Robert Jones,Match Report,9,3,20.2,0,0,0,Leicester City,2021,January,17,Mid season,False,,3,1.4
2021-01-16,20:00,Premier League,Matchweek 19,Sat,Home,W,2,0,Southampton,2.2,0.6,47,,Kasper Schmeichel,4-2-3-1,,Stuart Attwell,Match Report,16,4,15.1,0,0,0,Leicester City,2021,January,19,Mid season,False,,3,-0.2
2021-01-19,20:15,Premier League,Matchweek 18,Tue,Home,W,2,0,Chelsea,1.4,0.7,36,,Kasper Schmeichel,4-1-4-1,4-2-3-1,Craig Pawson,Match Report,8,6,17.1,0,0,0,Leicester City,2021,January,18,Mid season,False,,3,0.6
2021-01-27,20:15,Premier League,Matchweek 20,Wed,Away,D,1,1,Everton,1.2,0.5,65,,Kasper Schmeichel,4-2-3-1,,Mike Dean,Match Report,19,6,21.4,2,0,0,Leicester City,2021,January,20,Mid season,False,,1,-0.2
2021-01-31,14:00,Premier League,Matchweek 21,Sun,Home,L,1,3,Leeds United,1.8,2.1,51,,Kasper Schmeichel,4-2-3-1,4-1-4-1,Chris Kavanagh,Match Report,18,8,19.3,1,0,0,Leicester City,2021,January,21,Mid season,False,,0,-0.8
2021-02-03,18:00,Premier League,Matchweek 22,Wed,Away,W,2,0,Fulham,1.4,0.6,43,,Kasper Schmeichel,4-2-3-1,,Robert Jones,Match Report,9,5,15.6,0,0,0,Leicester City,2021,February,22,Mid season,False,,3,0.6
2021-02-07,14:00,Premier League,Matchweek 23,Sun,Away,D,0,0,Wolverhampton Wanderers,0.8,1.1,56,,Kasper Schmeichel,4-2-3-1,,Martin Atkinson,Match Report,13,3,19.8,1,0,0,Leicester City,2021,February,23,Mid season,False,,1,-0.8
2021-02-13,12:30,Premier League,Matchweek 24,Sat,Home,W,3,1,Liverpool,1.9,1.7,38,,Kasper Schmeichel,4-2-3-1,,Anthony Taylor,Match Report,11,6,18.4,1,0,0,Leicester City,2021,February,24,Mid season,False,,3,1.1
2021-02-21,14:05,Premier League,Matchweek 25,Sun,Away,W,2,1,Aston Villa,1.1,1.4,49,,Kasper Schmeichel,4-2-3-1,4-2-3-1,Michael Oliver,Match Report,16,7,20.7,1,0,0,Leicester City,2021,February,25,Mid season,False,,3,0.9
2021-02-28,12:00,Premier League,Matchweek 26,Sun,Home,L,1,3,Arsenal,0.4,2.3,44,,Kasper Schmeichel,,4-2-3-1,Paul Tierney,Match Report,8,3,18.1,0,0,0,Leicester City,2021,February,26,Late season,False,,0,0.6
2021-03-03,18:00,Premier League,Matchweek 29,Wed,Away,D,1,1,Burnley,1.2,1.8,61,,Kasper Schmeichel,3-1-4-2,,Andy Madley,Match Report,16,4,20.0,0,0,0,Leicester City,2021,March,29,Late season,False,,1,-0.2
2021-03-06,20:00,Premier League,Matchweek 27,Sat,Away,W,2,1,Brighton And Hove Albion,0.9,0.8,63,,Kasper Schmeichel,3-1-4-2,,Michael Oliver,Match Report,8,4,17.1,0,0,0,Leicester City,2021,March,27,Late season,False,,3,1.1
2021-03-14,14:00,Premier League,Matchweek 28,Sun,Home,W,5,0,Sheffield United,4.0,0.1,71,,Kasper Schmeichel,3-4-1-2,,Peter Bankes,Match Report,19,9,16.3,0,0,0,Leicester City,2021,March,28,Late season,False,,3,1.0
2021-04-03,17:30,Premier League,Matchweek 30,Sat,Home,L,0,2,Manchester City,0.3,1.4,44,,Kasper Schmeichel,,4-2-3-1,Anthony Taylor,Match Report,5,2,19.3,0,0,0,Leicester City,2021,April,30,Late season,False,,0,-0.3
2021-04-11,14:05,Premier League,Matchweek 31,Sun,Away,L,2,3,West Ham United,0.9,0.8,63,,Kasper Schmeichel,,3-4-1-2,Mike Dean,Match Report,15,4,16.2,0,0,0,Leicester City,2021,April,31,Late season,False,,0,1.1
2021-04-22,20:00,Premier League,Matchweek 32,Thu,Home,W,3,0,West Bromwich Albion,2.1,0.5,72,,Kasper Schmeichel,3-4-1-2,4-4-1-1,Andy Madley,Match Report,17,7,20.5,1,0,0,Leicester City,2021,April,32,Late season,False,,3,0.9
2021-04-26,20:00,Premier League,Matchweek 33,Mon,Home,W,2,1,Crystal Palace,1.5,0.7,66,,Kasper Schmeichel,3-4-1-2,,Graham Scott,Match Report,13,5,17.0,1,0,0,Leicester City,2021,April,33,Late season,False,,3,0.5
2021-04-30,20:00,Premier League,Matchweek 34,Fri,Away,D,1,1,Southampton,1.9,0.9,70,,Kasper Schmeichel,3-4-1-2,,Robert Jones,Match Report,23,9,18.6,1,0,0,Leicester City,2021,April,34,Late season,False,,1,-0.9
2021-05-07,20:00,Premier League,Matchweek 35,Fri,Home,L,2,4,Newcastle United,2.2,2.7,68,,Kasper Schmeichel,3-4-1-2,,Darren England,Match Report,25,9,16.2,1,0,0,Leicester City,2021,May,35,Late season,False,,0,-0.2
2021-05-11,18:00,Premier League,Matchweek 36,Tue,Away,W,2,1,Manchester United,0.9,0.2,47,,Kasper Schmeichel,,4-2-3-1,Craig Pawson,Match Report,12,3,20.3,1,0,0,Leicester City,2021,May,36,Late season,False,,3,1.1
2021-05-18,20:15,Premier League,Matchweek 37,Tue,Away,L,1,2,Chelsea,0.8,3.1,42,8000.0,Kasper Schmeichel,,,Mike Dean,Match Report,7,3,19.0,0,0,0,Leicester City,2021,May,37,Late season,False,False,0,0.2
2021-05-23,16:00,Premier League,Matchweek 38,Sun,Home,L,2,4,Tottenham Hotspur,1.9,1.5,47,8000.0,Kasper Schmeichel,,4-2-3-1,Anthony Taylor,Match Report,8,4,22.6,0,2,2,Leicester City,2021,May,38,Late season,False,False,0,0.1
2021-08-14,15:00,Premier League,Matchweek 1,Sat,Home,W,1,0,Wolverhampton Wanderers,0.5,1.3,56,31983.0,Kasper Schmeichel,4-2-3-1,,Craig Pawson,Match Report,9,5,17.1,0,0,0,Leicester City,2022,August,1,Early season,False,False,3,0.5
2021-08-23,20:00,Premier League,Matchweek 2,Mon,Away,L,1,4,West Ham United,0.6,2.3,48,59901.0,Kasper Schmeichel,4-2-3-1,4-2-3-1,Michael Oliver,Match Report,5,1,14.3,0,0,0,Leicester City,2022,August,2,Early season,False,False,0,0.4
2021-08-28,15:00,Premier League,Matchweek 3,Sat,Away,W,2,1,Norwich City,1.5,1.5,55,26765.0,Kasper Schmeichel,,,Robert Jones,Match Report,9,3,16.0,0,0,0,Leicester City,2022,August,3,Early season,False,False,3,0.5
2021-09-11,15:00,Premier League,Matchweek 4,Sat,Home,L,0,1,Manchester City,0.6,2.8,39,32087.0,Kasper Schmeichel,4-2-3-1,,Paul Tierney,Match Report,6,1,12.1,0,0,0,Leicester City,2022,September,4,Early season,False,False,0,-0.6
2021-09-19,14:00,Premier League,Matchweek 5,Sun,Away,L,1,2,Brighton And Hove Albion,1.6,1.7,63,31078.0,Kasper Schmeichel,,,Stuart Attwell,Match Report,14,3,19.9,0,0,0,Leicester City,2022,September,5,Early season,False,False,0,-0.6
2021-09-25,15:00,Premier League,Matchweek 6,Sat,Home,D,2,2,Burnley,2.4,0.5,66,31650.0,Kasper Schmeichel,,,Chris Kavanagh,Match Report,22,4,16.8,0,0,0,Leicester City,2022,September,6,Early season,False,False,1,-0.4
2021-10-03,14:00,Premier League,Matchweek 7,Sun,Away,D,2,2,Crystal Palace,1.2,1.5,40,25000.0,Kasper Schmeichel,,,Anthony Taylor,Match Report,9,5,17.9,0,0,0,Leicester City,2022,October,7,Early season,False,False,1,0.8
2021-10-16,15:00,Premier League,Matchweek 8,Sat,Home,W,4,2,Manchester United,2.4,1.2,49,32219.0,Kasper Schmeichel,3-4-1-2,4-2-3-1,Craig Pawson,Match Report,22,11,18.4,1,0,0,Leicester City,2022,October,8,Early season,False,False,3,1.6
2021-10-24,14:00,Premier League,Matchweek 9,Sun,Away,W,2,1,Brentford,1.5,1.0,46,16814.0,Kasper Schmeichel,3-4-1-2,,Simon Hooper,Match Report,10,6,21.9,0,0,0,Leicester City,2022,October,9,Early season,False,False,3,0.5
2021-10-30,12:30,Premier League,Matchweek 10,Sat,Home,L,0,2,Arsenal,1.3,0.7,64,32209.0,Kasper Schmeichel,3-4-1-2,4-4-1-1,Michael Oliver,Match Report,16,8,17.3,2,0,0,Leicester City,2022,October,10,Early season,False,False,0,-1.3
2021-11-07,14:00,Premier League,Matchweek 11,Sun,Away,D,1,1,Leeds United,0.7,1.3,44,36478.0,Kasper Schmeichel,,4-2-3-1,Darren England,Match Report,9,3,16.5,0,0,0,Leicester City,2022,November,11,Early season,False,False,1,0.3
2021-11-20,12:30,Premier League,Matchweek 12,Sat,Home,L,0,3,Chelsea,0.4,2.0,39,35497.0,Kasper Schmeichel,,,Paul Tierney,Match Report,4,3,24.4,0,0,0,Leicester City,2022,November,12,Early season,False,False,0,-0.4
2021-11-28,14:00,Premier League,Matchweek 13,Sun,Home,W,4,2,Watford,2.1,2.8,56,32020.0,Kasper Schmeichel,4-2-3-1,4-1-4-1,Andy Madley,Match Report,18,8,14.6,0,0,0,Leicester City,2022,November,13,Early season,False,False,3,1.9
2021-12-01,19:30,Premier League,Matchweek 14,Wed,Away,D,2,2,Southampton,1.5,1.5,55,26951.0,Kasper Schmeichel,4-2-3-1,,Robert Jones,Match Report,15,6,17.3,0,0,0,Leicester City,2022,December,14,Mid season,False,False,1,0.5
2021-12-05,16:30,Premier League,Matchweek 15,Sun,Away,L,1,2,Aston Villa,1.1,2.1,59,41572.0,Kasper Schmeichel,4-2-3-1,,Michael Oliver,Match Report,12,4,15.9,0,0,0,Leicester City,2022,December,15,Mid season,False,False,0,-0.1
2021-12-12,14:00,Premier League,Matchweek 16,Sun,Home,W,4,0,Newcastle United,2.6,1.0,47,31959.0,Kasper Schmeichel,4-2-3-1,,Peter Bankes,Match Report,7,4,19.1,1,1,1,Leicester City,2022,December,16,Mid season,False,False,3,1.4
2021-12-26,15:00,Premier League,Matchweek 19,Sun,Away,L,3,6,Manchester City,2.7,3.6,28,53226.0,Kasper Schmeichel,4-4-1-1,,Chris Kavanagh,Match Report,14,8,16.9,1,0,0,Leicester City,2022,December,19,Mid season,False,False,0,0.3
2021-12-28,20:00,Premier League,Matchweek 20,Tue,Home,W,1,0,Liverpool,0.4,2.3,37,32230.0,Kasper Schmeichel,4-3-1-2,,Michael Oliver,Match Report,6,1,14.9,0,0,0,Leicester City,2022,December,20,Mid season,False,False,3,0.6
2022-01-19,19:30,Premier League,Matchweek 17,Wed,Home,L,2,3,Tottenham Hotspur,1.2,3.1,49,31986.0,Kasper Schmeichel,,,Jonathan Moss,Match Report,14,4,18.2,0,0,0,Leicester City,2022,January,17,Mid season,False,False,0,0.8
2022-01-23,14:00,Premier League,Matchweek 23,Sun,Home,D,1,1,Brighton And Hove Albion,1.4,1.1,44,31231.0,Kasper Schmeichel,4-2-3-1,4-1-2-1-2,Martin Atkinson,Match Report,15,5,19.8,1,0,0,Leicester City,2022,January,23,Mid season,False,False,1,-0.4
2022-02-10,19:45,Premier League,Matchweek 24,Thu,Away,L,0,2,Liverpool,0.5,1.8,36,53050.0,Kasper Schmeichel,4-2-3-1,,Chris Kavanagh,Match Report,5,1,17.3,1,0,0,Leicester City,2022,February,24,Mid season,False,False,0,-0.5
2022-02-13,16:30,Premier League,Matchweek 25,Sun,Home,D,2,2,West Ham United,1.4,1.1,55,32061.0,Kasper Schmeichel,,4-2-3-1,Michael Oliver,Match Report,12,1,19.6,0,1,1,Leicester City,2022,February,25,Mid season,False,False,1,0.6
2022-02-20,16:30,Premier League,Matchweek 26,Sun,Away,L,1,2,Wolverhampton Wanderers,1.7,0.5,63,31587.0,Kasper Schmeichel,,,Craig Pawson,Match Report,17,7,19.6,1,0,0,Leicester City,2022,February,26,Late season,False,False,0,-0.7
2022-03-01,19:45,Premier League,Matchweek 22,Tue,Away,W,2,0,Burnley,1.5,0.9,55,17825.0,Kasper Schmeichel,,,Chris Kavanagh,Match Report,22,6,17.7,1,0,0,Leicester City,2022,March,22,Mid season,False,False,3,0.5
2022-03-05,12:30,Premier League,Matchweek 28,Sat,Home,W,1,0,Leeds United,0.4,1.7,51,32236.0,Kasper Schmeichel,,4-2-3-1,David Coote,Match Report,7,4,19.1,0,0,0,Leicester City,2022,March,28,Late season,False,False,3,0.6
2022-03-13,16:30,Premier League,Matchweek 29,Sun,Away,L,0,2,Arsenal,0.4,2.4,54,60111.0,Kasper Schmeichel,4-2-3-1,4-2-3-1,Anthony Taylor,Match Report,6,3,15.1,0,0,0,Leicester City,2022,March,29,Late season,False,False,0,-0.4
2022-03-20,14:00,Premier League,Matchweek 30,Sun,Home,W,2,1,Brentford,1.0,1.3,52,31830.0,Kasper Schmeichel,4-2-3-1,,Darren England,Match Report,12,4,19.2,1,0,0,Leicester City,2022,March,30,Late season,False,False,3,1.0
2022-04-02,17:30,Premier League,Matchweek 31,Sat,Away,D,1,1,Manchester United,0.8,0.9,46,73444.0,Kasper Schmeichel,4-2-3-1,4-2-3-1,Andre Marriner,Match Report,11,3,16.7,0,0,0,Leicester City,2022,April,31,Late season,False,False,1,0.2
2022-04-10,14:00,Premier League,Matchweek 32,Sun,Home,W,2,1,Crystal Palace,1.0,1.4,51,31896.0,Kasper Schmeichel,4-2-3-1,4-2-3-1,Robert Jones,Match Report,12,3,21.1,2,0,0,Leicester City,2022,April,32,Late season,False,False,3,1.0
2022-04-17,14:15,Premier League,Matchweek 33,Sun,Away,L,1,2,Newcastle United,0.6,1.8,68,52104.0,Kasper Schmeichel,4-1-4-1,,Jarred Gillett,Match Report,8,2,16.4,0,0,0,Leicester City,2022,April,33,Late season,False,False,0,0.4
2022-04-20,19:45,Premier League,Matchweek 18,Wed,Away,D,1,1,Everton,0.9,1.8,63,39153.0,Kasper Schmeichel,4-2-3-1,,David Coote,Match Report,11,3,16.5,0,0,0,Leicester City,2022,April,18,Mid season,False,False,1,0.1
2022-04-23,15:00,Premier League,Matchweek 34,Sat,Home,D,0,0,Aston Villa,0.3,0.9,64,32185.0,Kasper Schmeichel,4-1-4-1,4-3-2-1,Andy Madley,Match Report,5,2,24.2,2,0,0,Leicester City,2022,April,34,Late season,False,False,1,-0.3
2022-05-01,14:00,Premier League,Matchweek 35,Sun,Away,L,1,3,Tottenham Hotspur,0.5,1.2,60,59482.0,Kasper Schmeichel,,,Jonathan Moss,Match Report,6,2,20.4,0,0,0,Leicester City,2022,May,35,Late season,False,False,0,0.5
2022-05-08,14:00,Premier League,Matchweek 36,Sun,Home,L,1,2,Everton,1.5,1.1,66,32001.0,Kasper Schmeichel,3-1-4-2,,Craig Pawson,Match Report,16,8,19.8,0,0,0,Leicester City,2022,May,36,Late season,False,False,0,-0.5
2022-05-11,19:45,Premier League,Matchweek 21,Wed,Home,W,3,0,Norwich City,2.0,1.1,65,38092.0,Kasper Schmeichel,4-2-3-1,4-1-4-1,Simon Hooper,Match Report,20,8,18.5,0,0,0,Leicester City,2022,May,21,Mid season,False,False,3,1.0
2022-05-15,14:00,Premier League,Matchweek 37,Sun,Away,W,5,1,Watford,2.5,1.4,59,20257.0,Jonny Evans,4-1-4-1,,Jarred Gillett,Match Report,13,7,16.4,0,0,0,Leicester City,2022,May,37,Late season,False,False,3,2.5
2022-05-19,20:00,Premier League,Matchweek 27,Thu,Away,D,1,1,Chelsea,0.1,1.6,33,31478.0,Kasper Schmeichel,3-1-4-2,,Stuart Attwell,Match Report,2,1,25.1,0,0,0,Leicester City,2022,May,27,Late season,False,False,1,0.9
2022-05-22,16:00,Premier League,Matchweek 38,Sun,Home,W,4,1,Southampton,3.4,1.1,51,32003.0,Kasper Schmeichel,4-2-3-1,,Jonathan Moss,Match Report,12,6,12.8,0,0,0,Leicester City,2022,May,38,Late season,False,False,3,0.6
2022-08-07,14:00,Premier League,Matchweek 1,Sun,Home,D,2,2,Brentford,0.6,0.8,56,31794.0,Jonny Evans,3-5-1-1,,Jarred Gillett,Match Report,14,5,23.1,0,0,0,Leicester City,2023,August,1,Early season,False,False,1,1.4
2022-08-13,15:00,Premier League,Matchweek 2,Sat,Away,L,2,4,Arsenal,0.5,2.7,50,60033.0,Jonny Evans,3-5-1-1,,Darren England,Match Report,6,2,14.6,0,0,0,Leicester City,2023,August,2,Early season,False,False,0,1.5
2022-08-20,15:00,Premier League,Matchweek 3,Sat,Home,L,1,2,Southampton,0.3,0.9,62,30850.0,Jonny Evans,4-1-4-1,4-2-3-1,Michael Salisbury,Match Report,6,1,17.8,1,0,0,Leicester City,2023,August,3,Early season,False,False,0,0.7
2022-08-27,15:00,Premier League,Matchweek 4,Sat,Away,L,1,2,Chelsea,2.5,1.8,55,39953.0,Jonny Evans,4-1-4-1,,Paul Tierney,Match Report,17,5,17.9,0,0,0,Leicester City,2023,August,4,Early season,False,False,0,-1.5
2022-09-01,20:00,Premier League,Matchweek 5,Thu,Home,L,0,1,Manchester United,0.7,1.5,53,32226.0,Jonny Evans,4-1-4-1,4-2-3-1,Craig Pawson,Match Report,10,2,23.5,2,0,0,Leicester City,2023,September,5,Early season,False,False,0,-0.7
2022-09-04,14:00,Premier League,Matchweek 6,Sun,Away,L,2,5,Brighton And Hove Albion,1.4,2.6,47,31185.0,Jonny Evans,,,Tony Harrington,Match Report,6,4,14.8,0,0,0,Leicester City,2023,September,6,Early season,False,False,0,0.6
2022-09-17,17:30,Premier League,Matchweek 8,Sat,Away,L,2,6,Tottenham Hotspur,1.8,2.2,56,61450.0,Jonny Evans,4-1-4-1,,Simon Hooper,Match Report,18,6,22.7,0,1,1,Leicester City,2023,September,8,Early season,False,False,0,0.2
2022-10-03,20:00,Premier League,Matchweek 9,Mon,Home,W,4,0,Nottingham Forest,1.3,1.1,51,32202.0,Jonny Evans,4-1-4-1,4-2-3-1,Robert Jones,Match Report,17,7,17.7,1,0,0,Leicester City,2023,October,9,Early season,False,False,3,2.7
2022-10-08,15:00,Premier League,Matchweek 10,Sat,Away,L,1,2,Bournemouth,1.0,1.1,55,10272.0,Jonny Evans,4-1-4-1,,Michael Salisbury,Match Report,9,5,13.2,1,0,0,Leicester City,2023,October,10,Early season,False,False,0,0.0
2022-10-15,12:30,Premier League,Matchweek 11,Sat,Home,D,0,0,Crystal Palace,1.0,0.4,54,31298.0,Youri Tielemans,4-1-4-1,,Andy Madley,Match Report,14,5,19.4,1,0,0,Leicester City,2023,October,11,Early season,False,False,1,-1.0
2022-10-20,20:15,Premier League,Matchweek 12,Thu,Home,W,2,0,Leeds United,0.8,1.3,46,30814.0,Youri Tielemans,4-1-4-1,4-2-3-1,Peter Bankes,Match Report,5,1,17.7,0,0,0,Leicester City,2023,October,12,Early season,False,False,3,1.2
2022-10-23,14:00,Premier League,Matchweek 13,Sun,Away,W,4,0,Wolverhampton Wanderers,0.9,2.1,40,31425.0,Youri Tielemans,4-1-4-1,4-2-3-1,Michael Oliver,Match Report,5,4,14.7,0,0,0,Leicester City,2023,October,13,Early season,False,False,3,3.1
2022-10-29,12:30,Premier League,Matchweek 14,Sat,Home,L,0,1,Manchester City,0.7,1.0,36,32223.0,Youri Tielemans,,,Robert Jones,Match Report,10,5,16.4,0,0,0,Leicester City,2023,October,14,Mid season,False,False,0,-0.7
2022-11-05,17:30,Premier League,Matchweek 15,Sat,Away,W,2,0,Everton,2.3,1.2,51,39206.0,Youri Tielemans,4-1-4-1,,David Coote,Match Report,22,8,17.5,0,0,0,Leicester City,2023,November,15,Mid season,False,False,3,-0.3
2022-11-12,15:00,Premier League,Matchweek 16,Sat,Away,W,2,0,West Ham United,1.8,1.4,46,62459.0,Youri Tielemans,4-1-4-1,4-2-3-1,Jarred Gillett,Match Report,8,5,21.3,0,0,1,Leicester City,2023,November,16,Mid season,False,False,3,0.2
2022-12-26,15:00,Premier League,Matchweek 17,Mon,Home,L,0,3,Newcastle United,0.5,1.9,60,32185.0,Youri Tielemans,4-2-3-1,,Jarred Gillett,Match Report,8,2,20.1,0,0,0,Leicester City,2023,December,17,Mid season,False,False,0,-0.5
2022-12-30,20:00,Premier League,Matchweek 18,Fri,Away,L,1,2,Liverpool,1.0,2.2,43,53343.0,Wilfred Ndidi,4-2-3-1,,Craig Pawson,Match Report,7,2,12.1,0,0,0,Leicester City,2023,December,18,Mid season,False,False,0,0.0
2023-01-03,19:45,Premier League,Matchweek 19,Tue,Home,L,0,1,Fulham,1.7,1.7,61,30813.0,Youri Tielemans,4-2-3-1,4-2-3-1,Darren Bond,Match Report,15,6,18.9,1,0,0,Leicester City,2023,January,19,Mid season,False,False,0,-1.7
2023-01-14,15:00,Premier League,Matchweek 20,Sat,Away,L,0,2,Nottingham Forest,1.0,2.4,61,29301.0,Marc Albrighton,4-2-3-1,4-3-1-2,Paul Tierney,Match Report,6,1,18.0,0,0,0,Leicester City,2023,January,20,Mid season,False,False,0,-1.0
2023-01-21,15:00,Premier League,Matchweek 21,Sat,Home,D,2,2,Brighton And Hove Albion,0.9,1.7,37,32056.0,Youri Tielemans,,4-2-3-1,Thomas Bramall,Match Report,9,2,12.1,1,0,0,Leicester City,2023,January,21,Mid season,False,False,1,1.1
2023-02-04,15:00,Premier League,Matchweek 22,Sat,Away,W,4,2,Aston Villa,2.6,1.7,38,42055.0,Youri Tielemans,4-2-3-1,,Darren England,Match Report,9,5,15.3,0,0,0,Leicester City,2023,February,22,Mid season,False,False,3,1.4
2023-02-11,15:00,Premier League,Matchweek 23,Sat,Home,W,4,1,Tottenham Hotspur,1.7,1.3,49,32184.0,James Maddison,4-2-3-1,,Michael Salisbury,Match Report,15,6,15.6,0,0,0,Leicester City,2023,February,23,Mid season,False,False,3,2.3
2023-02-19,14:00,Premier League,Matchweek 24,Sun,Away,L,0,3,Manchester United,1.6,4.4,43,73578.0,James Maddison,4-2-3-1,4-2-3-1,Stuart Attwell,Match Report,19,3,19.0,1,0,0,Leicester City,2023,February,24,Mid season,False,False,0,-1.6
2023-02-25,15:00,Premier League,Matchweek 25,Sat,Home,L,0,1,Arsenal,0.0,0.7,35,32227.0,Wilfred Ndidi,,,Craig Pawson,Match Report,1,0,29.4,0,0,0,Leicester City,2023,February,25,Mid season,False,False,0,0.0
2023-03-04,17:30,Premier League,Matchweek 26,Sat,Away,L,0,1,Southampton,1.9,1.4,65,30139.0,James Maddison,4-2-3-1,4-2-3-1,Robert Jones,Match Report,11,0,15.8,0,0,0,Leicester City,2023,March,26,Late season,False,False,0,-1.9
2023-03-11,15:00,Premier League,Matchweek 27,Sat,Home,L,1,3,Chelsea,2.4,1.6,48,32170.0,James Maddison,,,Andre Marriner,Match Report,17,6,18.3,1,0,0,Leicester City,2023,March,27,Late season,False,False,0,-1.4
2023-03-18,15:00,Premier League,Matchweek 28,Sat,Away,D,1,1,Brentford,1.3,0.6,47,17006.0,James Maddison,4-2-3-1,,Darren Bond,Match Report,14,1,16.8,0,0,0,Leicester City,2023,March,28,Late season,False,False,1,-0.3
2023-04-01,15:00,Premier League,Matchweek 29,Sat,Away,L,1,2,Crystal Palace,0.2,2.3,48,25147.0,James Maddison,4-2-3-1,,Tim Robinson,Match Report,3,2,13.8,0,0,0,Leicester City,2023,April,29,Late season,False,False,0,0.8
2023-04-04,19:45,Premier League,Matchweek 7,Tue,Home,L,1,2,Aston Villa,0.5,1.0,36,32087.0,James Maddison,,,Graham Scott,Match Report,9,4,16.7,1,0,0,Leicester City,2023,April,7,Early season,False,False,0,0.5
2023-04-08,15:00,Premier League,Matchweek 30,Sat,Home,L,0,1,Bournemouth,0.6,1.9,51,32094.0,James Maddison,4-2-3-1,4-2-3-1,David Coote,Match Report,14,4,16.9,0,0,0,Leicester City,2023,April,30,Late season,False,False,0,-0.6
2023-04-15,17:30,Premier League,Matchweek 31,Sat,Away,L,1,3,Manchester City,2.3,1.6,30,53329.0,Youri Tielemans,,3-2-4-1,Darren England,Match Report,11,4,14.3,0,0,0,Leicester City,2023,April,31,Late season,False,False,0,-1.3
2023-04-22,15:00,Premier League,Matchweek 32,Sat,Home,W,2,1,Wolverhampton Wanderers,2.4,0.9,42,32053.0,Youri Tielemans,4-2-3-1,,Andy Madley,Match Report,14,6,19.0,0,1,1,Leicester City,2023,April,32,Late season,False,False,3,-0.4
2023-04-25,20:00,Premier League,Matchweek 33,Tue,Away,D,1,1,Leeds United,2.1,1.5,59,36666.0,Youri Tielemans,4-2-3-1,4-2-3-1,Paul Tierney,Match Report,15,3,13.4,1,0,0,Leicester City,2023,April,33,Late season,False,False,1,-1.1
2023-05-01,20:00,Premier League,Matchweek 34,Mon,Home,D,2,2,Everton,3.4,3.1,54,32173.0,Youri Tielemans,,4-2-3-1,Michael Oliver,Match Report,14,4,18.9,0,0,1,Leicester City,2023,May,34,Late season,False,False,1,-1.4
2023-05-08,15:00,Premier League,Matchweek 35,Mon,Away,L,3,5,Fulham,2.8,1.6,43,24442.0,Youri Tielemans,4-2-3-1,4-2-3-1,Robert Jones,Match Report,16,7,20.9,2,1,2,Leicester City,2023,May,35,Late season,False,False,0,0.2
2023-05-15,20:00,Premier League,Matchweek 36,Mon,Home,L,0,3,Liverpool,0.4,2.2,34,32225.0,Jonny Evans,4-2-3-1,,Craig Pawson,Match Report,4,4,13.4,0,0,0,Leicester City,2023,May,36,Late season,False,False,0,-0.4
2023-05-22,20:00,Premier League,Matchweek 37,Mon,Away,D,0,0,Newcastle United,0.1,2.1,23,52152.0,Jonny Evans,,,Andre Marriner,Match Report,1,1,11.0,0,0,0,Leicester City,2023,May,37,Late season,False,False,1,-0.1
2023-05-28,16:30,Premier League,Matchweek 38,Sun,Home,W,2,1,West Ham United,1.4,1.4,48,32183.0,Jonny Evans,4-2-3-1,4-2-3-1,Simon Hooper,Match Report,13,4,17.5,0,0,0,Leicester City,2023,May,38,Late season,False,False,3,0.6
2024-08-19,20:00,Premier League,Matchweek 1,Mon,Home,D,1,1,Tottenham Hotspur,1.0,1.2,30,31977.0,Jamie Vardy,4-2-3-1,,Chris Kavanagh,Match Report,7,3,16.4,0,0,0,Leicester City,2025,August,1,Early season,False,False,1,0.0
2024-08-24,15:00,Premier League,Matchweek 2,Sat,Away,L,1,2,Fulham,0.6,1.8,46,25401.0,Jamie Vardy,4-2-3-1,4-2-3-1,Darren Bond,Match Report,10,4,22.5,1,0,0,Leicester City,2025,August,2,Early season,False,False,0,0.4
2024-08-31,15:00,Premier League,Matchweek 3,Sat,Home,L,1,2,Aston Villa,0.4,1.4,57,31725.0,Jamie Vardy,4-2-3-1,,David Coote,Match Report,9,3,20.6,0,0,0,Leicester City,2025,August,3,Early season,False,False,0,0.6
2024-09-14,15:00,Premier League,Matchweek 4,Sat,Away,D,2,2,Crystal Palace,1.2,2.5,34,25147.0,Jamie Vardy,4-2-3-1,,Tony Harrington,Match Report,9,4,19.2,0,0,0,Leicester City,2025,September,4,Early season,False,False,1,0.8
2024-09-21,15:00,Premier League,Matchweek 5,Sat,Home,D,1,1,Everton,0.7,1.1,58,31765.0,Jamie Vardy,4-2-3-1,4-2-3-1,Darren England,Match Report,12,2,16.0,0,0,0,Leicester City,2025,September,5,Early season,False,False,1,0.3
2024-09-28,15:00,Premier League,Matchweek 6,Sat,Away,L,2,4,Arsenal,0.3,4.4,26,60323.0,Jamie Vardy,4-2-3-1,,Samuel Barrott,Match Report,5,3,14.5,0,0,0,Leicester City,2025,September,6,Early season,False,False,0,1.7
2024-10-05,15:00,Premier League,Matchweek 7,Sat,Home,W,1,0,Bournemouth,0.8,2.1,45,31706.0,Jamie Vardy,4-2-3-1,4-2-3-1,Darren Bond,Match Report,6,2,18.8,0,0,0,Leicester City,2025,October,7,Early season,False,False,3,0.2
2024-10-19,15:00,Premier League,Matchweek 8,Sat,Away,W,3,2,Southampton,3.1,2.1,58,31145.0,Jamie Vardy,4-2-3-1,,Anthony Taylor,Match Report,17,3,16.5,0,1,1,Leicester City,2025,October,8,Early season,False,False,3,-0.1
2024-10-25,20:00,Premier League,Matchweek 9,Fri,Home,L,1,3,Nottingham Forest,0.8,1.7,65,31879.0,Jamie Vardy,4-2-3-1,4-2-3-1,Craig Pawson,Match Report,11,1,21.5,0,0,0,Leicester City,2025,October,9,Early season,False,False,0,0.2
2024-11-02,15:00,Premier League,Matchweek 10,Sat,Away,D,1,1,Ipswich Town,1.5,1.0,57,29874.0,Jamie Vardy,4-2-3-1,4-2-3-1,Tim Robinson,Match Report,20,5,16.7,0,0,0,Leicester City,2025,November,10,Early season,False,False,1,-0.5
2024-11-10,14:00,Premier League,Matchweek 11,Sun,Away,L,0,3,Manchester United,0.6,0.8,49,73829.0,Harry Winks,,4-2-3-1,Peter Bankes,Match Report,6,5,23.7,0,0,0,Leicester City,2025,November,11,Early season,False,False,0,-0.6
2024-11-23,12:30,Premier League,Matchweek 12,Sat,Home,L,1,2,Chelsea,1.1,2.7,37,31880.0,Jamie Vardy,4-4-1-1,4-2-3-1,Andy Madley,Match Report,3,0,18.8,0,1,1,Leicester City,2025,November,12,Early season,False,False,0,-0.1
2024-11-30,15:00,Premier League,Matchweek 13,Sat,Away,L,1,4,Brentford,1.1,2.4,40,17084.0,Jamie Vardy,,4-2-3-1,Michael Oliver,Match Report,7,3,16.9,0,0,0,Leicester City,2025,November,13,Early season,False,False,0,-0.1
2024-12-03,20:15,Premier League,Matchweek 14,Tue,Home,W,3,1,West Ham United,1.7,3.0,39,30947.0,Jamie Vardy,4-2-3-1,4-2-3-1,Joshua Smith,Match Report,8,6,12.7,0,0,0,Leicester City,2025,December,14,Mid season,False,False,3,1.3
2024-12-08,14:00,Premier League,Matchweek 15,Sun,Home,D,2,2,Brighton And Hove Albion,1.3,1.5,56,31647.0,Jamie Vardy,4-2-3-1,4-2-3-1,Stuart Attwell,Match Report,10,3,14.5,1,0,0,Leicester City,2025,December,15,Mid season,False,False,1,0.7
2024-12-14,15:00,Premier League,Matchweek 16,Sat,Away,L,0,4,Newcastle United,0.2,3.8,41,52235.0,Jamie Vardy,4-2-3-1,,Thomas Bramall,Match Report,4,1,16.6,0,0,0,Leicester City,2025,December,16,Mid season,False,False,0,-0.2
2024-12-22,14:00,Premier League,Matchweek 17,Sun,Home,L,0,3,Wolverhampton Wanderers,0.8,1.1,54,31818.0,Jamie Vardy,4-2-3-1,,Anthony Taylor,Match Report,9,4,15.7,0,0,0,Leicester City,2025,December,17,Mid season,False,False,0,-0.8
2024-12-26,20:00,Premier League,Matchweek 18,Thu,Away,L,1,3,Liverpool,0.3,2.0,32,60300.0,Conor Coady,4-2-3-1,4-2-3-1,Darren Bond,Match Report,4,1,16.2,0,0,0,Leicester City,2025,December,18,Mid season,False,False,0,0.7
2024-12-29,14:30,Premier League,Matchweek 19,Sun,Home,L,0,2,Manchester City,1.3,1.3,53,32057.0,Jamie Vardy,4-2-3-1,4-1-4-1,Michael Oliver,Match Report,11,3,12.9,0,0,0,Leicester City,2025,December,19,Mid season,False,False,0,-1.3
2025-01-04,15:00,Premier League,Matchweek 20,Sat,Away,L,1,2,Aston Villa,0.4,1.4,40,42386.0,Jamie Vardy,4-2-3-1,4-2-3-1,Jarred Gillett,Match Report,4,2,12.5,0,0,0,Leicester City,2025,January,20,Mid season,False,False,0,0.6
2025-01-15,19:30,Premier League,Matchweek 21,Wed,Home,L,0,2,Crystal Palace,1.7,1.8,57,29766.0,Jamie Vardy,4-2-3-1,,Andy Madley,Match Report,21,4,18.4,2,0,0,Leicester City,2025,January,21,Mid season,False,False,0,-1.7
2025-01-18,15:00,Premier League,Matchweek 22,Sat,Home,L,0,2,Fulham,0.6,2.0,40,31500.0,Jamie Vardy,4-2-3-1,4-2-3-1,Michael Salisbury,Match Report,8,4,16.3,0,0,0,Leicester City,2025,January,22,Mid season,False,False,0,-0.6
2025-01-26,14:00,Premier League,Matchweek 23,Sun,Away,W,2,1,Tottenham Hotspur,1.6,1.0,39,61295.0,Jamie Vardy,4-2-3-1,,Robert Jones,Match Report,12,3,19.4,0,0,0,Leicester City,2025,January,23,Mid season,False,False,3,0.4
2025-02-01,15:00,Premier League,Matchweek 24,Sat,Away,L,0,4,Everton,0.3,2.5,52,39376.0,Jamie Vardy,4-2-3-1,4-2-3-1,Darren Bond,Match Report,9,1,18.1,1,0,0,Leicester City,2025,February,24,Mid season,False,False,0,-0.3
2025-02-15,12:30,Premier League,Matchweek 25,Sat,Home,L,0,2,Arsenal,0.2,1.4,40,31968.0,Jamie Vardy,4-2-3-1,,Samuel Barrott,Match Report,6,2,19.8,0,0,0,Leicester City,2025,February,25,Mid season,False,False,0,-0.2
2025-02-21,20:00,Premier League,Matchweek 26,Fri,Home,L,0,4,Brentford,0.5,1.5,48,31077.0,Jamie Vardy,4-2-3-1,4-2-3-1,Tony Harrington,Match Report,8,3,17.1,0,0,0,Leicester City,2025,February,26,Late season,False,False,0,-0.5
2025-02-27,20:00,Premier League,Matchweek 27,Thu,Away,L,0,2,West Ham United,0.4,1.3,42,62455.0,Jamie Vardy,4-2-3-1,,Anthony Taylor,Match Report,10,2,21.1,1,0,0,Leicester City,2025,February,27,Late season,False,False,0,-0.4
2025-03-09,14:00,Premier League,Matchweek 28,Sun,Away,L,0,1,Chelsea,0.1,1.7,44,39750.0,Jamie Vardy,,4-2-3-1,Tim Robinson,Match Report,3,3,21.3,0,0,0,Leicester City,2025,March,28,Late season,False,False,0,-0.1
2025-03-16,19:00,Premier League,Matchweek 29,Sun,Home,L,0,3,Manchester United,1.0,0.9,53,31773.0,Jamie Vardy,,,Thomas Bramall,Match Report,11,3,18.3,0,0,0,Leicester City,2025,March,29,Late season,False,False,0,-1.0
2025-04-02,19:45,Premier League,Matchweek 30,Wed,Away,L,0,2,Manchester City,0.1,2.2,28,52148.0,Jamie Vardy,,4-2-3-1,Darren England,Match Report,2,0,16.8,0,0,0,Leicester City,2025,April,30,Late season,False,False,0,-0.1
2025-04-07,20:00,Premier League,Matchweek 31,Mon,Home,L,0,3,Newcastle United,0.5,3.2,58,30403.0,Jamie Vardy,,,Robert Jones,Match Report,7,2,14.1,0,0,0,Leicester City,2025,April,31,Late season,False,False,0,-0.5
2025-04-12,15:00,Premier League,Matchweek 32,Sat,Away,D,2,2,Brighton And Hove Albion,1.5,3.8,41,31150.0,Jamie Vardy,4-2-3-1,4-1-4-1,Darren Bond,Match Report,15,6,13.7,0,0,0,Leicester City,2025,April,32,Late season,False,False,1,0.5
2025-04-20,16:30,Premier League,Matchweek 33,Sun,Home,L,0,1,Liverpool,0.3,2.5,42,30402.0,Jamie Vardy,4-2-3-1,4-2-3-1,Stuart Attwell,Match Report,5,0,18.7,0,0,0,Leicester City,2025,April,33,Late season,False,False,0,-0.3
2025-04-26,15:00,Premier League,Matchweek 34,Sat,Away,L,0,3,Wolverhampton Wanderers,1.1,2.0,44,31518.0,Jamie Vardy,4-2-3-1,,Samuel Barrott,Match Report,7,1,20.4,0,0,1,Leicester City,2025,April,34,Late season,False,False,0,-1.1
2025-05-03,15:00,Premier League,Matchweek 35,Sat,Home,W,2,0,Southampton,1.4,0.5,49,31240.0,Jamie Vardy,4-2-3-1,,David Webb,Match Report,14,4,17.4,2,0,0,Leicester City,2025,May,35,Late season,False,False,3,0.6
2025-05-11,14:15,Premier League,Matchweek 36,Sun,Away,D,2,2,Nottingham Forest,1.1,1.3,45,30245.0,Jamie Vardy,4-2-3-1,4-2-3-1,Tony Harrington,Match Report,10,6,13.7,0,0,0,Leicester City,2025,May,36,Late season,False,False,1,0.9
2025-05-18,15:00,Premier League,Matchweek 37,Sun,Home,W,2,0,Ipswich Town,0.8,1.4,50,31986.0,Jamie Vardy,4-2-3-1,4-2-3-1,Andrew Kitchen,Match Report,9,3,14.4,0,0,0,Leicester City,2025,May,37,Late season,False,False,3,1.2
2025-05-25,16:00,Premier League,Matchweek 38,Sun,Away,L,0,2,Bournemouth,0.3,1.6,37,11238.0,Conor Coady,4-2-3-1,4-2-3-1,Lewis Smith,Match Report,3,0,18.9,0,0,0,Leicester City,2025,May,38,Late season,False,False,0,-0.3
2020-09-12,17:30,Premier League,Matchweek 1,Sat,Home,W,4,3,Leeds United,2.7,0.3,49,,Jordan Henderson,,4-1-4-1,Michael Oliver,Match Report,20,4,18.4,0,2,2,Liverpool,2021,September,1,Early season,False,,3,1.3
2020-09-20,16:30,Premier League,Matchweek 2,Sun,Away,W,2,0,Chelsea,2.1,0.9,61,,Jordan Henderson,,,Paul Tierney,Match Report,18,5,18.2,1,0,0,Liverpool,2021,September,2,Early season,False,,3,-0.1
2020-09-28,20:00,Premier League,Matchweek 3,Mon,Home,W,3,1,Arsenal,2.7,1.3,66,,Virgil van Dijk,,,Craig Pawson,Match Report,21,8,17.9,0,0,0,Liverpool,2021,September,3,Early season,False,,3,0.3
2020-10-04,19:15,Premier League,Matchweek 4,Sun,Away,L,2,7,Aston Villa,1.8,2.7,69,,Virgil van Dijk,,4-2-3-1,Martin Atkinson,Match Report,14,8,16.3,1,0,0,Liverpool,2021,October,4,Early season,False,,0,0.2
2020-10-17,12:30,Premier League,Matchweek 5,Sat,Away,D,2,2,Everton,2.6,1.2,58,,Jordan Henderson,,,Michael Oliver,Match Report,22,8,16.0,2,0,0,Liverpool,2021,October,5,Early season,False,,1,-0.6
2020-10-24,20:00,Premier League,Matchweek 6,Sat,Home,W,2,1,Sheffield United,2.3,1.6,62,,Jordan Henderson,4-2-3-1,,Mike Dean,Match Report,17,5,18.8,1,0,0,Liverpool,2021,October,6,Early season,False,,3,-0.3
2020-10-31,17:30,Premier League,Matchweek 7,Sat,Home,W,2,1,West Ham United,1.7,0.3,72,,Jordan Henderson,,,Kevin Friend,Match Report,8,4,20.0,1,1,1,Liverpool,2021,October,7,Early season,False,,3,0.3
2020-11-08,16:30,Premier League,Matchweek 8,Sun,Away,D,1,1,Manchester City,1.2,1.4,46,,Jordan Henderson,4-2-3-1,4-2-3-1,Craig Pawson,Match Report,9,2,22.1,1,1,1,Liverpool,2021,November,8,Early season,False,,1,-0.2
2020-11-22,19:15,Premier League,Matchweek 9,Sun,Home,W,3,0,Leicester City,3.1,1.6,56,,James Milner,,,Chris Kavanagh,Match Report,24,11,12.7,0,0,0,Liverpool,2021,November,9,Early season,False,,3,-0.1
2020-11-28,12:30,Premier League,Matchweek 10,Sat,Away,D,1,1,Brighton And Hove Albion,0.2,2.3,60,,James Milner,,3-4-1-2,Stuart Attwell,Match Report,6,2,21.1,0,0,0,Liverpool,2021,November,10,Early season,False,,1,0.8
2020-12-06,19:15,Premier League,Matchweek 11,Sun,Home,W,4,0,Wolverhampton Wanderers,1.2,0.4,60,2000.0,Jordan Henderson,,,Craig Pawson,Match Report,11,6,17.2,1,0,0,Liverpool,2021,December,11,Early season,False,True,3,2.8
2020-12-13,16:30,Premier League,Matchweek 12,Sun,Away,D,1,1,Fulham,1.8,1.5,74,2000.0,Jordan Henderson,,,Andre Marriner,Match Report,11,5,21.7,1,1,1,Liverpool,2021,December,12,Early season,False,True,1,-0.8
2020-12-16,20:00,Premier League,Matchweek 13,Wed,Home,W,2,1,Tottenham Hotspur,1.0,1.1,75,2000.0,Jordan Henderson,,,Anthony Taylor,Match Report,17,11,16.4,0,0,0,Liverpool,2021,December,13,Early season,False,True,3,1.0
2020-12-19,12:30,Premier League,Matchweek 14,Sat,Away,W,7,0,Crystal Palace,2.5,0.3,64,,Jordan Henderson,,,Jonathan Moss,Match Report,14,7,14.1,1,0,0,Liverpool,2021,December,14,Mid season,False,,3,4.5
2020-12-27,16:30,Premier League,Matchweek 15,Sun,Home,D,1,1,West Bromwich Albion,1.5,0.6,77,2000.0,Jordan Henderson,,,Kevin Friend,Match Report,17,2,19.2,2,0,0,Liverpool,2021,December,15,Mid season,False,True,1,-0.5
2020-12-30,20:00,Premier League,Matchweek 16,Wed,Away,D,0,0,Newcastle United,1.4,0.5,72,,Jordan Henderson,,,Paul Tierney,Match Report,11,4,18.3,0,0,0,Liverpool,2021,December,16,Mid season,False,,1,-1.4
2021-01-04,20:00,Premier League,Matchweek 17,Mon,Away,L,0,1,Southampton,1.5,0.4,66,,Jordan Henderson,,,Andre Marriner,Match Report,17,1,15.7,0,0,0,Liverpool,2021,January,17,Mid season,False,,0,-1.5
2021-01-17,16:30,Premier League,Matchweek 19,Sun,Home,D,0,0,Manchester United,1.2,1.1,65,,Jordan Henderson,,4-2-3-1,Paul Tierney,Match Report,17,3,17.9,0,0,0,Liverpool,2021,January,19,Mid season,False,,1,-1.2
2021-01-21,20:00,Premier League,Matchweek 18,Thu,Home,L,0,1,Burnley,1.6,1.1,72,,Georginio Wijnaldum,,,Mike Dean,Match Report,27,6,18.6,0,0,0,Liverpool,2021,January,18,Mid season,False,,0,-1.6
2021-01-28,20:00,Premier League,Matchweek 20,Thu,Away,W,3,1,Tottenham Hotspur,2.5,0.1,50,,Jordan Henderson,,,Martin Atkinson,Match Report,14,7,15.5,0,0,0,Liverpool,2021,January,20,Mid season,False,,3,0.5
2021-01-31,16:30,Premier League,Matchweek 21,Sun,Away,W,3,1,West Ham United,2.0,0.8,67,,Jordan Henderson,4-3-1-2,4-2-3-1,Jonathan Moss,Match Report,14,5,15.7,0,0,0,Liverpool,2021,January,21,Mid season,False,,3,1.0
2021-02-03,20:15,Premier League,Matchweek 22,Wed,Home,L,0,1,Brighton And Hove Albion,1.0,1.3,63,,Jordan Henderson,,,Kevin Friend,Match Report,11,1,20.9,0,0,0,Liverpool,2021,February,22,Mid season,False,,0,-1.0
2021-02-07,16:30,Premier League,Matchweek 23,Sun,Home,L,1,4,Manchester City,1.2,3.5,56,,Jordan Henderson,,,Michael Oliver,Match Report,7,2,19.4,1,1,1,Liverpool,2021,February,23,Mid season,False,,0,-0.2
2021-02-13,12:30,Premier League,Matchweek 24,Sat,Away,L,1,3,Leicester City,1.7,1.9,62,,Jordan Henderson,,4-2-3-1,Anthony Taylor,Match Report,15,4,15.4,2,0,0,Liverpool,2021,February,24,Mid season,False,,0,-0.7
2021-02-20,17:30,Premier League,Matchweek 25,Sat,Home,L,0,2,Everton,1.4,1.6,71,,Jordan Henderson,,,Chris Kavanagh,Match Report,15,6,17.1,1,0,0,Liverpool,2021,February,25,Mid season,False,,0,-1.4
2021-02-28,19:15,Premier League,Matchweek 26,Sun,Away,W,2,0,Sheffield United,2.7,0.7,60,,Georginio Wijnaldum,,,Jonathan Moss,Match Report,16,8,13.9,0,0,0,Liverpool,2021,February,26,Late season,False,,3,-0.7
2021-03-04,20:15,Premier League,Matchweek 29,Thu,Home,L,0,1,Chelsea,0.3,1.0,54,,Georginio Wijnaldum,,,Martin Atkinson,Match Report,7,1,19.7,0,0,0,Liverpool,2021,March,29,Late season,False,,0,-0.3
2021-03-07,14:00,Premier League,Matchweek 27,Sun,Home,L,0,1,Fulham,0.9,1.3,63,,James Milner,,,Kevin Friend,Match Report,16,3,17.3,1,0,0,Liverpool,2021,March,27,Late season,False,,0,-0.9
2021-03-15,20:00,Premier League,Matchweek 28,Mon,Away,W,1,0,Wolverhampton Wanderers,0.9,1.1,47,,Georginio Wijnaldum,,3-4-1-2,Craig Pawson,Match Report,12,4,16.2,0,0,0,Liverpool,2021,March,28,Late season,False,,3,0.1
2021-04-03,20:00,Premier League,Matchweek 30,Sat,Away,W,3,0,Arsenal,2.4,0.1,64,,James Milner,,4-2-3-1,Stuart Attwell,Match Report,16,7,18.2,0,0,0,Liverpool,2021,April,30,Late season,False,,3,0.6
2021-04-10,15:00,Premier League,Matchweek 31,Sat,Home,W,2,1,Aston Villa,2.3,0.5,65,,James Milner,,,Paul Tierney,Match Report,23,10,16.7,1,0,0,Liverpool,2021,April,31,Late season,False,,3,-0.3
2021-04-19,20:00,Premier League,Matchweek 32,Mon,Away,D,1,1,Leeds United,1.4,2.3,39,,James Milner,,4-1-4-1,Anthony Taylor,Match Report,17,7,17.1,0,0,0,Liverpool,2021,April,32,Late season,False,,1,-0.4
2021-04-24,12:30,Premier League,Matchweek 33,Sat,Home,D,1,1,Newcastle United,2.4,1.0,68,,Georginio Wijnaldum,,,Andre Marriner,Match Report,22,9,17.6,1,0,0,Liverpool,2021,April,33,Late season,False,,1,-1.4
2021-05-08,20:15,Premier League,Matchweek 35,Sat,Home,W,2,0,Southampton,1.7,1.1,54,,Georginio Wijnaldum,,,Kevin Friend,Match Report,14,6,13.6,0,0,0,Liverpool,2021,May,35,Late season,False,,3,0.3
2021-05-13,20:15,Premier League,Matchweek 34,Thu,Away,W,4,2,Manchester United,2.7,1.9,47,,Georginio Wijnaldum,,4-2-3-1,Anthony Taylor,Match Report,17,8,14.9,0,0,0,Liverpool,2021,May,34,Late season,False,,3,1.3
2021-05-16,16:30,Premier League,Matchweek 36,Sun,Away,W,2,1,West Bromwich Albion,1.9,1.0,76,,Roberto Firmino,,4-4-1-1,Mike Dean,Match Report,26,6,18.3,1,0,0,Liverpool,2021,May,36,Late season,False,,3,0.1
2021-05-19,20:15,Premier League,Matchweek 37,Wed,Away,W,3,0,Burnley,2.6,0.8,59,3387.0,Georginio Wijnaldum,,4-4-1-1,Chris Kavanagh,Match Report,20,3,16.2,1,0,0,Liverpool,2021,May,37,Late season,False,True,3,0.4
2021-05-23,16:00,Premier League,Matchweek 38,Sun,Home,W,2,0,Crystal Palace,1.6,0.6,69,9901.0,Georginio Wijnaldum,,,Craig Pawson,Match Report,19,5,14.7,1,0,0,Liverpool,2021,May,38,Late season,False,False,3,0.4
2021-08-14,17:30,Premier League,Matchweek 1,Sat,Away,W,3,0,Norwich City,1.6,1.4,50,27023.0,James Milner,,,Andre Marriner,Match Report,19,6,17.3,1,0,0,Liverpool,2022,August,1,Early season,False,False,3,1.4
2021-08-21,12:30,Premier League,Matchweek 2,Sat,Home,W,2,0,Burnley,2.7,0.9,65,52591.0,Jordan Henderson,,,Mike Dean,Match Report,27,8,16.1,0,0,0,Liverpool,2022,August,2,Early season,False,False,3,-0.7
2021-08-28,17:30,Premier League,Matchweek 3,Sat,Home,D,1,1,Chelsea,2.5,0.6,65,54000.0,Jordan Henderson,,,Anthony Taylor,Match Report,23,6,16.2,0,1,1,Liverpool,2022,August,3,Early season,False,False,1,-1.5
2021-09-12,16:30,Premier League,Matchweek 4,Sun,Away,W,3,0,Leeds United,4.3,1.2,56,36507.0,Virgil van Dijk,,4-1-4-1,Craig Pawson,Match Report,30,8,16.1,1,0,0,Liverpool,2022,September,4,Early season,False,False,3,-1.3
2021-09-18,15:00,Premier League,Matchweek 5,Sat,Home,W,3,0,Crystal Palace,3.1,0.6,59,52000.0,Jordan Henderson,,,Andy Madley,Match Report,25,10,16.4,1,0,0,Liverpool,2022,September,5,Early season,False,False,3,-0.1
2021-09-25,17:30,Premier League,Matchweek 6,Sat,Away,D,3,3,Brentford,2.8,2.1,67,16876.0,Jordan Henderson,,,Stuart Attwell,Match Report,16,5,17.0,1,0,0,Liverpool,2022,September,6,Early season,False,False,1,0.2
2021-10-03,16:30,Premier League,Matchweek 7,Sun,Home,D,2,2,Manchester City,0.9,1.2,49,53102.0,Jordan Henderson,,,Paul Tierney,Match Report,6,3,15.0,1,0,0,Liverpool,2022,October,7,Early season,False,False,1,1.1
2021-10-16,12:30,Premier League,Matchweek 8,Sat,Away,W,5,0,Watford,3.3,0.5,75,21085.0,Jordan Henderson,,,Jonathan Moss,Match Report,19,8,16.0,0,0,0,Liverpool,2022,October,8,Early season,False,False,3,1.7
2021-10-24,16:30,Premier League,Matchweek 9,Sun,Away,W,5,0,Manchester United,3.4,1.6,62,73088.0,Jordan Henderson,,4-2-3-1,Anthony Taylor,Match Report,19,8,16.6,0,0,0,Liverpool,2022,October,9,Early season,False,False,3,1.6
2021-10-30,15:00,Premier League,Matchweek 10,Sat,Home,D,2,2,Brighton And Hove Albion,1.5,1.0,58,52598.0,Jordan Henderson,,4-2-3-1,Mike Dean,Match Report,14,3,20.8,0,0,0,Liverpool,2022,October,10,Early season,False,False,1,0.5
2021-11-07,16:30,Premier League,Matchweek 11,Sun,Away,L,2,3,West Ham United,1.2,1.0,69,59909.0,Jordan Henderson,,4-2-3-1,Craig Pawson,Match Report,16,5,16.7,1,0,0,Liverpool,2022,November,11,Early season,False,False,0,0.8
2021-11-20,17:30,Premier League,Matchweek 12,Sat,Home,W,4,0,Arsenal,4.3,0.4,62,53092.0,Virgil van Dijk,,4-4-1-1,Michael Oliver,Match Report,19,9,13.4,0,0,0,Liverpool,2022,November,12,Early season,False,False,3,-0.3
2021-11-27,15:00,Premier League,Matchweek 13,Sat,Home,W,4,0,Southampton,2.9,1.0,64,53040.0,Jordan Henderson,,,Andre Marriner,Match Report,20,6,15.5,0,0,0,Liverpool,2022,November,13,Early season,False,False,3,1.1
2021-12-01,20:15,Premier League,Matchweek 14,Wed,Away,W,4,1,Everton,2.4,0.7,67,39641.0,Jordan Henderson,,,Paul Tierney,Match Report,16,7,16.5,1,0,0,Liverpool,2022,December,14,Mid season,False,False,3,1.6
2021-12-04,15:00,Premier League,Matchweek 15,Sat,Away,W,1,0,Wolverhampton Wanderers,2.7,0.1,66,30729.0,Jordan Henderson,,,Chris Kavanagh,Match Report,17,4,13.6,0,0,0,Liverpool,2022,December,15,Mid season,False,False,3,-1.7
2021-12-11,15:00,Premier League,Matchweek 16,Sat,Home,W,1,0,Aston Villa,2.2,0.2,62,53093.0,Jordan Henderson,,,Stuart Attwell,Match Report,19,4,16.1,0,1,1,Liverpool,2022,December,16,Mid season,False,False,3,-1.2
2021-12-16,20:00,Premier League,Matchweek 17,Thu,Home,W,3,1,Newcastle United,2.7,0.3,74,52951.0,Jordan Henderson,,,Mike Dean,Match Report,23,8,16.4,0,0,0,Liverpool,2022,December,17,Mid season,False,False,3,0.3
2021-12-19,16:30,Premier League,Matchweek 18,Sun,Away,D,2,2,Tottenham Hotspur,1.1,3.0,56,45421.0,James Milner,,,Paul Tierney,Match Report,18,6,16.7,0,0,0,Liverpool,2022,December,18,Mid season,False,False,1,0.9
2021-12-28,20:00,Premier League,Matchweek 20,Tue,Away,L,0,1,Leicester City,2.3,0.4,63,32230.0,Jordan Henderson,,4-3-1-2,Michael Oliver,Match Report,20,3,15.0,0,0,1,Liverpool,2022,December,20,Mid season,False,False,0,-2.3
2022-01-02,16:30,Premier League,Matchweek 21,Sun,Away,D,2,2,Chelsea,1.3,1.2,46,40072.0,Jordan Henderson,,,Anthony Taylor,Match Report,10,6,17.9,0,0,0,Liverpool,2022,January,21,Mid season,False,False,1,0.7
2022-01-16,14:00,Premier League,Matchweek 22,Sun,Home,W,3,0,Brentford,2.7,0.7,68,52824.0,Jordan Henderson,,,Jonathan Moss,Match Report,27,13,16.7,0,0,0,Liverpool,2022,January,22,Mid season,False,False,3,0.3
2022-01-23,14:00,Premier League,Matchweek 23,Sun,Away,W,3,1,Crystal Palace,1.9,2.2,57,25002.0,Jordan Henderson,,,Kevin Friend,Match Report,13,6,21.6,0,1,1,Liverpool,2022,January,23,Mid season,False,False,3,1.1
2022-02-10,19:45,Premier League,Matchweek 24,Thu,Home,W,2,0,Leicester City,1.8,0.5,64,53050.0,Virgil van Dijk,,4-2-3-1,Chris Kavanagh,Match Report,22,11,15.7,0,0,0,Liverpool,2022,February,24,Mid season,False,False,3,0.2
2022-02-13,14:00,Premier League,Matchweek 25,Sun,Away,W,1,0,Burnley,1.7,1.5,66,19563.0,Jordan Henderson,,,Martin Atkinson,Match Report,12,4,14.4,0,0,0,Liverpool,2022,February,25,Mid season,False,False,3,-0.7
2022-02-19,15:00,Premier League,Matchweek 26,Sat,Home,W,3,1,Norwich City,3.6,0.6,69,53135.0,Jordan Henderson,,,Mike Dean,Match Report,29,7,17.8,0,0,0,Liverpool,2022,February,26,Late season,False,False,3,-0.6
2022-02-23,19:45,Premier League,Matchweek 19,Wed,Home,W,6,0,Leeds United,5.9,0.2,63,53018.0,Virgil van Dijk,,4-1-4-1,Michael Oliver,Match Report,21,12,17.7,0,2,2,Liverpool,2022,February,19,Mid season,False,False,3,0.1
2022-03-05,17:30,Premier League,Matchweek 28,Sat,Home,W,1,0,West Ham United,2.4,1.3,68,59925.0,Jordan Henderson,,,Jonathan Moss,Match Report,22,5,19.1,1,0,0,Liverpool,2022,March,28,Late season,False,False,3,-1.4
2022-03-12,12:30,Premier League,Matchweek 29,Sat,Away,W,2,0,Brighton And Hove Albion,2.2,0.5,48,31474.0,Jordan Henderson,,4-2-3-1,Mike Dean,Match Report,17,8,15.2,0,1,1,Liverpool,2022,March,29,Late season,False,False,3,-0.2
2022-03-16,20:15,Premier League,Matchweek 27,Wed,Away,W,2,0,Arsenal,0.8,0.5,51,59968.0,Jordan Henderson,,4-2-3-1,Andre Marriner,Match Report,9,3,14.4,0,0,0,Liverpool,2022,March,27,Late season,False,False,3,1.2
2022-04-02,12:30,Premier League,Matchweek 31,Sat,Home,W,2,0,Watford,2.2,0.6,73,53104.0,Jordan Henderson,,4-1-4-1,Stuart Attwell,Match Report,19,2,18.7,0,1,1,Liverpool,2022,April,31,Late season,False,False,3,-0.2
2022-04-10,16:30,Premier League,Matchweek 32,Sun,Away,D,2,2,Manchester City,1.3,1.3,45,53197.0,Jordan Henderson,,4-2-3-1,Anthony Taylor,Match Report,6,4,22.9,0,0,0,Liverpool,2022,April,32,Late season,False,False,1,0.7
2022-04-19,20:00,Premier League,Matchweek 30,Tue,Home,W,4,0,Manchester United,2.0,0.1,71,52686.0,Jordan Henderson,,,Martin Atkinson,Match Report,14,5,15.5,0,0,0,Liverpool,2022,April,30,Late season,False,False,3,2.0
2022-04-24,16:30,Premier League,Matchweek 34,Sun,Home,W,2,0,Everton,1.7,0.4,82,53213.0,Virgil van Dijk,,,Stuart Attwell,Match Report,18,4,15.3,0,0,0,Liverpool,2022,April,34,Late season,False,False,3,0.3
2022-04-30,12:30,Premier League,Matchweek 35,Sat,Away,W,1,0,Newcastle United,2.3,0.2,64,52281.0,Jordan Henderson,,,Andre Marriner,Match Report,24,10,17.7,2,0,0,Liverpool,2022,April,35,Late season,False,False,3,-1.3
2022-05-07,19:45,Premier League,Matchweek 36,Sat,Home,D,1,1,Tottenham Hotspur,1.3,0.9,64,53177.0,Jordan Henderson,,,Michael Oliver,Match Report,22,3,19.6,1,0,0,Liverpool,2022,May,36,Late season,False,False,1,-0.3
2022-05-10,20:00,Premier League,Matchweek 33,Tue,Away,W,2,1,Aston Villa,1.8,1.4,60,41919.0,Virgil van Dijk,,4-3-1-2,Jonathan Moss,Match Report,17,5,17.0,2,0,0,Liverpool,2022,May,33,Late season,False,False,3,0.2
2022-05-17,19:45,Premier League,Matchweek 37,Tue,Away,W,2,1,Southampton,1.3,0.1,70,31588.0,James Milner,,,Martin Atkinson,Match Report,24,5,18.6,0,0,0,Liverpool,2022,May,37,Late season,False,False,3,0.7
2022-05-22,16:00,Premier League,Matchweek 38,Sun,Home,W,3,1,Wolverhampton Wanderers,2.7,1.3,63,53097.0,Jordan Henderson,,,Anthony Taylor,Match Report,29,7,15.6,0,0,0,Liverpool,2022,May,38,Late season,False,False,3,0.3
2022-08-06,12:30,Premier League,Matchweek 1,Sat,Away,D,2,2,Fulham,1.2,1.2,67,22207.0,Jordan Henderson,,4-2-3-1,Andy Madley,Match Report,11,3,12.4,0,0,0,Liverpool,2023,August,1,Early season,False,False,1,0.8
2022-08-15,20:00,Premier League,Matchweek 2,Mon,Home,D,1,1,Crystal Palace,2.0,1.0,72,52970.0,James Milner,,,Paul Tierney,Match Report,24,4,17.4,0,0,0,Liverpool,2023,August,2,Early season,False,False,1,-1.0
2022-08-22,20:00,Premier League,Matchweek 3,Mon,Away,L,1,2,Manchester United,1.3,1.8,70,74147.0,Jordan Henderson,,4-2-3-1,Michael Oliver,Match Report,17,5,14.4,0,0,0,Liverpool,2023,August,3,Early season,False,False,0,-0.3
2022-08-27,15:00,Premier League,Matchweek 4,Sat,Home,W,9,0,Bournemouth,3.3,0.3,69,53328.0,Jordan Henderson,,4-2-3-1,Stuart Attwell,Match Report,19,12,11.6,0,0,0,Liverpool,2023,August,4,Early season,True,False,3,5.7
2022-08-31,20:00,Premier League,Matchweek 5,Wed,Home,W,2,1,Newcastle United,1.5,0.7,72,53316.0,Jordan Henderson,,,Andre Marriner,Match Report,23,6,17.8,0,0,0,Liverpool,2023,August,5,Early season,False,False,3,0.5
2022-09-03,12:30,Premier League,Matchweek 6,Sat,Away,D,0,0,Everton,2.1,1.7,61,39240.0,Virgil van Dijk,,,Anthony Taylor,Match Report,23,8,13.1,0,0,0,Liverpool,2023,September,6,Early season,False,False,1,-2.1
2022-10-01,15:00,Premier League,Matchweek 9,Sat,Home,D,3,3,Brighton And Hove Albion,1.5,1.4,54,53320.0,Jordan Henderson,,,Andy Madley,Match Report,15,7,16.8,1,0,0,Liverpool,2023,October,9,Early season,False,False,1,1.5
2022-10-09,16:30,Premier League,Matchweek 10,Sun,Away,L,2,3,Arsenal,1.1,2.7,57,60059.0,Jordan Henderson,4-2-3-1,,Michael Oliver,Match Report,8,3,18.0,0,0,0,Liverpool,2023,October,10,Early season,False,False,0,0.9
2022-10-16,16:30,Premier League,Matchweek 11,Sun,Home,W,1,0,Manchester City,2.1,1.0,37,53286.0,James Milner,4-2-3-1,,Anthony Taylor,Match Report,13,2,17.5,0,0,0,Liverpool,2023,October,11,Early season,False,False,3,-1.1
2022-10-19,19:30,Premier League,Matchweek 12,Wed,Home,W,1,0,West Ham United,1.7,1.7,54,52982.0,Jordan Henderson,,,Stuart Attwell,Match Report,22,7,17.5,0,0,0,Liverpool,2023,October,12,Early season,False,False,3,-0.7
2022-10-22,12:30,Premier League,Matchweek 13,Sat,Away,L,0,1,Nottingham Forest,1.6,1.9,75,29245.0,James Milner,,,Paul Tierney,Match Report,15,7,10.4,0,0,0,Liverpool,2023,October,13,Early season,False,False,0,-1.6
2022-10-29,19:45,Premier League,Matchweek 14,Sat,Home,L,1,2,Leeds United,1.7,1.8,68,53274.0,Virgil van Dijk,4-1-2-1-2◆,4-2-3-1,Michael Oliver,Match Report,22,10,16.4,0,0,0,Liverpool,2023,October,14,Mid season,False,False,0,-0.7
2022-11-06,16:30,Premier League,Matchweek 15,Sun,Away,W,2,1,Tottenham Hotspur,1.2,1.2,53,62008.0,Virgil van Dijk,4-1-2-1-2◆,,Andy Madley,Match Report,13,6,21.2,0,0,0,Liverpool,2023,November,15,Mid season,False,False,3,0.8
2022-11-12,15:00,Premier League,Matchweek 16,Sat,Home,W,3,1,Southampton,1.9,1.1,60,53331.0,Virgil van Dijk,,,Simon Hooper,Match Report,15,7,12.4,0,0,0,Liverpool,2023,November,16,Mid season,False,False,3,1.1
2022-12-26,17:30,Premier League,Matchweek 17,Mon,Away,W,3,1,Aston Villa,2.7,1.4,52,42085.0,Jordan Henderson,,,Paul Tierney,Match Report,16,9,17.0,0,0,0,Liverpool,2023,December,17,Mid season,False,False,3,0.3
2022-12-30,20:00,Premier League,Matchweek 18,Fri,Home,W,2,1,Leicester City,2.2,1.0,57,53343.0,Jordan Henderson,,4-2-3-1,Craig Pawson,Match Report,21,5,18.4,1,0,0,Liverpool,2023,December,18,Mid season,False,False,3,-0.2
2023-01-02,17:30,Premier League,Matchweek 19,Mon,Away,L,1,3,Brentford,0.9,1.6,72,17163.0,Virgil van Dijk,,,Stuart Attwell,Match Report,16,5,15.3,0,0,0,Liverpool,2023,January,19,Mid season,False,False,0,0.1
2023-01-14,15:00,Premier League,Matchweek 20,Sat,Away,L,0,3,Brighton And Hove Albion,1.0,1.9,39,31645.0,Jordan Henderson,4-1-2-1-2◆,4-2-3-1,Darren England,Match Report,6,2,12.8,0,0,0,Liverpool,2023,January,20,Mid season,False,False,0,-1.0
2023-01-21,12:30,Premier League,Matchweek 21,Sat,Home,D,0,0,Chelsea,1.4,1.6,48,53126.0,James Milner,,,Michael Oliver,Match Report,15,3,15.5,0,0,0,Liverpool,2023,January,21,Mid season,False,False,1,-1.4
2023-02-04,15:00,Premier League,Matchweek 22,Sat,Away,L,0,3,Wolverhampton Wanderers,1.8,2.0,59,31664.0,Andrew Robertson,,,Paul Tierney,Match Report,22,2,19.5,1,0,0,Liverpool,2023,February,22,Mid season,False,False,0,-1.8
2023-02-13,20:00,Premier League,Matchweek 23,Mon,Home,W,2,0,Everton,2.3,0.4,59,53027.0,Jordan Henderson,,,Simon Hooper,Match Report,15,6,16.7,1,0,0,Liverpool,2023,February,23,Mid season,False,False,3,-0.3
2023-02-18,17:30,Premier League,Matchweek 24,Sat,Away,W,2,0,Newcastle United,1.9,2.0,62,52758.0,Jordan Henderson,,,Anthony Taylor,Match Report,13,7,16.4,1,0,0,Liverpool,2023,February,24,Mid season,False,False,3,0.1
2023-02-25,19:45,Premier League,Matchweek 25,Sat,Away,D,0,0,Crystal Palace,0.9,0.7,63,25842.0,Jordan Henderson,,4-2-3-1,Darren England,Match Report,12,4,16.0,1,0,0,Liverpool,2023,February,25,Mid season,False,False,1,-0.9
2023-03-01,20:00,Premier League,Matchweek 7,Wed,Home,W,2,0,Wolverhampton Wanderers,2.6,0.8,57,53259.0,Virgil van Dijk,,4-2-3-1,Paul Tierney,Match Report,15,6,13.6,0,0,0,Liverpool,2023,March,7,Early season,False,False,3,-0.6
2023-03-05,16:30,Premier League,Matchweek 26,Sun,Home,W,7,0,Manchester United,2.8,0.8,59,53001.0,Jordan Henderson,,4-2-3-1,Andy Madley,Match Report,18,8,12.7,0,0,0,Liverpool,2023,March,26,Late season,False,False,3,4.2
2023-03-11,12:30,Premier League,Matchweek 27,Sat,Away,L,0,1,Bournemouth,1.7,0.9,69,10536.0,Virgil van Dijk,,4-4-1-1,John Brooks,Match Report,14,5,18.5,0,0,1,Liverpool,2023,March,27,Late season,False,False,0,-1.7
2023-04-01,12:30,Premier League,Matchweek 29,Sat,Away,L,1,4,Manchester City,0.3,2.9,32,52877.0,Jordan Henderson,,3-2-4-1,Simon Hooper,Match Report,4,1,15.9,0,0,0,Liverpool,2023,April,29,Late season,False,False,0,0.7
2023-04-04,20:00,Premier League,Matchweek 8,Tue,Away,D,0,0,Chelsea,0.3,2.2,51,40093.0,Jordan Henderson,,,Anthony Taylor,Match Report,7,3,25.4,0,0,0,Liverpool,2023,April,8,Early season,False,False,1,-0.3
2023-04-09,16:30,Premier League,Matchweek 30,Sun,Home,D,2,2,Arsenal,3.9,1.4,59,53267.0,Jordan Henderson,,,Paul Tierney,Match Report,20,6,14.0,0,0,1,Liverpool,2023,April,30,Late season,False,False,1,-1.9
2023-04-17,20:00,Premier League,Matchweek 31,Mon,Away,W,6,1,Leeds United,2.7,1.4,73,36657.0,Jordan Henderson,,4-2-3-1,Craig Pawson,Match Report,13,7,12.9,0,0,0,Liverpool,2023,April,31,Late season,False,False,3,3.3
2023-04-22,15:00,Premier League,Matchweek 32,Sat,Home,W,3,2,Nottingham Forest,2.8,0.9,80,53254.0,Jordan Henderson,,,Michael Oliver,Match Report,18,5,12.5,0,0,0,Liverpool,2023,April,32,Late season,False,False,3,0.2
2023-04-26,19:45,Premier League,Matchweek 33,Wed,Away,W,2,1,West Ham United,1.9,0.8,72,62473.0,Jordan Henderson,,4-2-3-1,Chris Kavanagh,Match Report,20,4,16.8,0,0,0,Liverpool,2023,April,33,Late season,False,False,3,0.1
2023-04-30,16:30,Premier League,Matchweek 34,Sun,Home,W,4,3,Tottenham Hotspur,2.2,2.0,67,53275.0,Virgil van Dijk,,,Paul Tierney,Match Report,11,3,16.1,0,1,1,Liverpool,2023,April,34,Late season,False,False,3,1.8
2023-05-03,20:00,Premier League,Matchweek 28,Wed,Home,W,1,0,Fulham,1.8,0.9,57,52602.0,Jordan Henderson,,4-2-3-1,Stuart Attwell,Match Report,14,2,22.6,0,1,1,Liverpool,2023,May,28,Late season,False,False,3,-0.8
2023-05-06,17:30,Premier League,Matchweek 35,Sat,Home,W,1,0,Brentford,2.2,0.2,54,52838.0,Virgil van Dijk,,,Anthony Taylor,Match Report,15,5,18.8,0,0,0,Liverpool,2023,May,35,Late season,False,False,3,-1.2
2023-05-15,20:00,Premier League,Matchweek 36,Mon,Away,W,3,0,Leicester City,2.2,0.4,66,32225.0,Jordan Henderson,,4-2-3-1,Craig Pawson,Match Report,16,5,17.5,1,0,0,Liverpool,2023,May,36,Late season,False,False,3,0.8
2023-05-20,15:00,Premier League,Matchweek 37,Sat,Home,D,1,1,Aston Villa,0.7,1.3,66,53306.0,Jordan Henderson,,4-2-3-1,John Brooks,Match Report,10,5,18.2,0,0,0,Liverpool,2023,May,37,Late season,False,False,1,0.3
2023-05-28,16:30,Premier League,Matchweek 38,Sun,Away,D,4,4,Southampton,4.0,1.8,69,31129.0,James Milner,,4-2-3-1,Darren England,Match Report,30,8,18.5,0,0,0,Liverpool,2023,May,38,Late season,False,False,1,0.0
2023-08-13,16:30,Premier League,Matchweek 1,Sun,Away,D,1,1,Chelsea,1.3,1.4,35,40096.0,Virgil van Dijk,,,Anthony Taylor,Match Report,13,1,17.8,0,0,0,Liverpool,2024,August,1,Early season,False,False,1,-0.3
2023-08-19,15:00,Premier League,Matchweek 2,Sat,Home,W,3,1,Bournemouth,3.0,1.3,64,53145.0,Virgil van Dijk,,4-2-3-1,Thomas Bramall,Match Report,25,9,16.8,1,0,1,Liverpool,2024,August,2,Early season,False,False,3,0.0
2023-08-27,16:30,Premier League,Matchweek 3,Sun,Away,W,2,1,Newcastle United,0.9,2.0,41,52214.0,Virgil van Dijk,,,John Brooks,Match Report,9,4,17.2,1,0,0,Liverpool,2024,August,3,Early season,False,False,3,1.1
2023-09-03,14:00,Premier League,Matchweek 4,Sun,Home,W,3,0,Aston Villa,2.5,0.7,63,50109.0,Trent Alexander-Arnold,,,Simon Hooper,Match Report,17,4,14.7,0,0,0,Liverpool,2024,September,4,Early season,False,False,3,0.5
2023-09-16,12:30,Premier League,Matchweek 5,Sat,Away,W,3,1,Wolverhampton Wanderers,2.5,0.6,65,31257.0,Andrew Robertson,,4-2-3-1,Michael Oliver,Match Report,16,5,15.8,0,0,0,Liverpool,2024,September,5,Early season,False,False,3,0.5
2023-09-24,14:00,Premier League,Matchweek 6,Sun,Home,W,3,1,West Ham United,3.0,1.1,63,50136.0,Virgil van Dijk,,4-2-3-1,Chris Kavanagh,Match Report,21,6,19.3,2,1,1,Liverpool,2024,September,6,Early season,False,False,3,0.0
2023-09-30,17:30,Premier League,Matchweek 7,Sat,Away,L,1,2,Tottenham Hotspur,1.3,2.2,36,62001.0,Virgil van Dijk,,4-2-3-1,Simon Hooper,Match Report,12,4,14.9,0,0,0,Liverpool,2024,September,7,Early season,False,False,0,-0.3
2023-10-08,14:00,Premier League,Matchweek 8,Sun,Away,D,2,2,Brighton And Hove Albion,2.3,2.3,54,31752.0,Virgil van Dijk,,4-2-3-1,Anthony Taylor,Match Report,13,3,18.8,0,1,1,Liverpool,2024,October,8,Early season,False,False,1,-0.3
2023-10-21,12:30,Premier League,Matchweek 9,Sat,Home,W,2,0,Everton,2.2,0.1,77,50201.0,Virgil van Dijk,,4-4-1-1,Craig Pawson,Match Report,25,5,22.4,1,1,1,Liverpool,2024,October,9,Early season,False,False,3,-0.2
2023-10-29,14:00,Premier League,Matchweek 10,Sun,Home,W,3,0,Nottingham Forest,3.2,0.4,72,50143.0,Virgil van Dijk,,,Chris Kavanagh,Match Report,21,8,19.5,2,0,0,Liverpool,2024,October,10,Early season,False,False,3,-0.2
2023-11-05,16:30,Premier League,Matchweek 11,Sun,Away,D,1,1,Luton Town,2.6,0.8,73,11049.0,Virgil van Dijk,,,Andy Madley,Match Report,24,6,17.5,0,0,0,Liverpool,2024,November,11,Early season,False,False,1,-1.6
2023-11-12,14:00,Premier League,Matchweek 12,Sun,Home,W,3,0,Brentford,1.7,1.6,58,50151.0,Virgil van Dijk,,,Paul Tierney,Match Report,17,10,19.0,0,0,0,Liverpool,2024,November,12,Early season,False,False,3,1.3
2023-11-25,12:30,Premier League,Matchweek 13,Sat,Away,D,1,1,Manchester City,0.6,1.3,41,53289.0,Virgil van Dijk,,3-2-4-1,Chris Kavanagh,Match Report,8,3,15.9,0,0,0,Liverpool,2024,November,13,Early season,False,False,1,0.4
2023-12-03,14:00,Premier League,Matchweek 14,Sun,Home,W,4,3,Fulham,2.1,1.2,61,50124.0,Virgil van Dijk,,4-2-3-1,Stuart Attwell,Match Report,26,12,18.9,1,0,0,Liverpool,2024,December,14,Mid season,False,False,3,1.9
2023-12-06,19:30,Premier League,Matchweek 15,Wed,Away,W,2,0,Sheffield United,1.7,1.0,75,31406.0,Virgil van Dijk,,,Simon Hooper,Match Report,15,8,16.4,0,0,0,Liverpool,2024,December,15,Mid season,False,False,3,0.3
2023-12-09,12:30,Premier League,Matchweek 16,Sat,Away,W,2,1,Crystal Palace,1.2,1.7,76,25103.0,Virgil van Dijk,,,Andy Madley,Match Report,14,2,17.4,0,0,0,Liverpool,2024,December,16,Mid season,False,False,3,0.8
2023-12-17,16:30,Premier League,Matchweek 17,Sun,Home,D,0,0,Manchester United,2.3,0.8,68,57158.0,Virgil van Dijk,,4-2-3-1,Michael Oliver,Match Report,34,8,17.7,0,0,0,Liverpool,2024,December,17,Mid season,False,False,1,-2.3
2023-12-23,17:30,Premier League,Matchweek 18,Sat,Home,D,1,1,Arsenal,1.0,0.7,52,57548.0,Virgil van Dijk,,,Chris Kavanagh,Match Report,13,3,20.1,1,0,0,Liverpool,2024,December,18,Mid season,False,False,1,0.0
2023-12-26,17:30,Premier League,Matchweek 19,Tue,Away,W,2,0,Burnley,1.8,0.8,68,21624.0,Virgil van Dijk,,,Paul Tierney,Match Report,19,10,17.4,0,0,0,Liverpool,2024,December,19,Mid season,False,False,3,0.2
2024-01-01,20:00,Premier League,Matchweek 20,Mon,Home,W,4,2,Newcastle United,7.0,0.6,61,57471.0,Virgil van Dijk,,,Anthony Taylor,Match Report,32,12,16.2,0,1,2,Liverpool,2024,January,20,Mid season,False,False,3,-3.0
2024-01-21,16:30,Premier League,Matchweek 21,Sun,Away,W,4,0,Bournemouth,1.5,1.4,60,11228.0,Virgil van Dijk,,4-2-3-1,Andy Madley,Match Report,14,7,19.2,0,0,0,Liverpool,2024,January,21,Mid season,False,False,3,2.5
2024-01-31,20:15,Premier League,Matchweek 22,Wed,Home,W,4,1,Chelsea,2.9,0.6,50,57524.0,Virgil van Dijk,,4-2-3-1,Paul Tierney,Match Report,27,13,19.9,2,0,1,Liverpool,2024,January,22,Mid season,False,False,3,1.1
2024-02-04,16:30,Premier League,Matchweek 23,Sun,Away,L,1,3,Arsenal,0.4,3.5,57,60374.0,Virgil van Dijk,,,Anthony Taylor,Match Report,10,1,19.7,0,0,0,Liverpool,2024,February,23,Mid season,False,False,0,0.6
2024-02-10,15:00,Premier League,Matchweek 24,Sat,Home,W,3,1,Burnley,2.8,1.3,70,59896.0,Virgil van Dijk,,,Tim Robinson,Match Report,25,10,15.4,0,0,0,Liverpool,2024,February,24,Mid season,False,False,3,0.2
2024-02-17,12:30,Premier League,Matchweek 25,Sat,Away,W,4,1,Brentford,2.8,1.6,62,17193.0,Virgil van Dijk,,,Michael Oliver,Match Report,15,8,15.9,1,0,0,Liverpool,2024,February,25,Mid season,False,False,3,1.2
2024-02-21,19:30,Premier League,Matchweek 26,Wed,Home,W,4,1,Luton Town,3.3,0.9,60,59713.0,Virgil van Dijk,,,Andy Madley,Match Report,29,13,16.9,0,0,0,Liverpool,2024,February,26,Late season,False,False,3,0.7
2024-03-02,15:00,Premier League,Matchweek 27,Sat,Away,W,1,0,Nottingham Forest,2.0,1.0,69,29603.0,Virgil van Dijk,,4-2-3-1,Paul Tierney,Match Report,22,1,14.6,0,0,0,Liverpool,2024,March,27,Late season,False,False,3,-1.0
2024-03-10,15:45,Premier League,Matchweek 28,Sun,Home,D,1,1,Manchester City,2.7,1.6,53,59947.0,Virgil van Dijk,,3-2-4-1,Michael Oliver,Match Report,18,5,19.0,1,1,1,Liverpool,2024,March,28,Late season,False,False,1,-1.7
2024-03-31,14:00,Premier League,Matchweek 30,Sun,Home,W,2,1,Brighton And Hove Albion,2.8,0.5,55,60061.0,Virgil van Dijk,,4-2-3-1,David Coote,Match Report,30,8,16.6,0,0,0,Liverpool,2024,March,30,Late season,False,False,3,-0.8
2024-04-04,19:30,Premier League,Matchweek 31,Thu,Home,W,3,1,Sheffield United,1.8,0.6,82,60055.0,Virgil van Dijk,,,Stuart Attwell,Match Report,29,9,18.1,1,0,0,Liverpool,2024,April,31,Late season,False,False,3,1.2
2024-04-07,15:30,Premier League,Matchweek 32,Sun,Away,D,2,2,Manchester United,3.6,0.7,62,73501.0,Virgil van Dijk,,4-2-3-1,Anthony Taylor,Match Report,27,6,17.5,0,1,1,Liverpool,2024,April,32,Late season,False,False,1,-1.6
2024-04-14,14:00,Premier League,Matchweek 33,Sun,Home,L,0,1,Crystal Palace,2.7,2.0,69,60090.0,Virgil van Dijk,,,Chris Kavanagh,Match Report,21,5,12.5,1,0,0,Liverpool,2024,April,33,Late season,False,False,0,-2.7
2024-04-21,16:30,Premier League,Matchweek 34,Sun,Away,W,3,1,Fulham,1.0,0.8,60,24414.0,Virgil van Dijk,,4-2-3-1,Craig Pawson,Match Report,14,7,18.8,2,0,0,Liverpool,2024,April,34,Late season,False,False,3,2.0
2024-04-24,20:00,Premier League,Matchweek 29,Wed,Away,L,0,2,Everton,2.1,1.2,75,38222.0,Virgil van Dijk,,4-4-1-1,Andy Madley,Match Report,23,7,16.8,0,0,0,Liverpool,2024,April,29,Late season,False,False,0,-2.1
2024-04-27,12:30,Premier League,Matchweek 35,Sat,Away,D,2,2,West Ham United,1.7,0.7,71,62474.0,Virgil van Dijk,,4-2-3-1,Anthony Taylor,Match Report,28,8,16.6,1,0,0,Liverpool,2024,April,35,Late season,False,False,1,0.3
2024-05-05,16:30,Premier League,Matchweek 36,Sun,Home,W,4,2,Tottenham Hotspur,3.3,1.2,44,60075.0,Virgil van Dijk,,,Paul Tierney,Match Report,25,12,15.3,0,0,0,Liverpool,2024,May,36,Late season,False,False,3,0.7
2024-05-13,20:00,Premier League,Matchweek 37,Mon,Away,D,3,3,Aston Villa,1.7,3.1,59,42241.0,Virgil van Dijk,,4-2-3-1,Simon Hooper,Match Report,14,7,17.1,0,0,0,Liverpool,2024,May,37,Late season,False,False,1,1.3
2024-05-19,16:00,Premier League,Matchweek 38,Sun,Home,W,2,0,Wolverhampton Wanderers,4.5,0.5,67,60059.0,Virgil van Dijk,,3-5-1-1,Chris Kavanagh,Match Report,36,13,14.8,0,0,0,Liverpool,2024,May,38,Late season,False,False,3,-2.5
2024-08-17,12:30,Premier League,Matchweek 1,Sat,Away,W,2,0,Ipswich Town,2.6,0.5,62,30014.0,Virgil van Dijk,4-2-3-1,4-2-3-1,Tim Robinson,Match Report,18,5,14.8,0,0,0,Liverpool,2025,August,1,Early season,False,False,3,-0.6
2024-08-25,16:30,Premier League,Matchweek 2,Sun,Home,W,2,0,Brentford,2.5,0.5,62,60017.0,Virgil van Dijk,4-2-3-1,,Stuart Attwell,Match Report,19,8,13.6,1,0,0,Liverpool,2025,August,2,Early season,False,False,3,-0.5
2024-09-01,16:00,Premier League,Matchweek 3,Sun,Away,W,3,0,Manchester United,1.8,1.4,47,73738.0,Virgil van Dijk,4-2-3-1,4-2-3-1,Anthony Taylor,Match Report,11,3,13.4,0,0,0,Liverpool,2025,September,3,Early season,False,False,3,1.2
2024-09-14,15:00,Premier League,Matchweek 4,Sat,Home,L,0,1,Nottingham Forest,0.9,0.4,68,60344.0,Virgil van Dijk,4-2-3-1,4-2-3-1,Michael Oliver,Match Report,14,5,14.9,0,0,0,Liverpool,2025,September,4,Early season,False,False,0,-0.9
2024-09-21,15:00,Premier League,Matchweek 5,Sat,Home,W,3,0,Bournemouth,2.0,1.1,58,60347.0,Virgil van Dijk,4-2-3-1,4-2-3-1,Tony Harrington,Match Report,19,12,16.6,0,0,0,Liverpool,2025,September,5,Early season,False,False,3,1.0
2024-09-28,17:30,Premier League,Matchweek 6,Sat,Away,W,2,1,Wolverhampton Wanderers,2.5,0.6,55,31413.0,Virgil van Dijk,4-2-3-1,4-1-4-1,Anthony Taylor,Match Report,9,5,18.0,1,1,1,Liverpool,2025,September,6,Early season,False,False,3,-0.5
2024-10-05,12:30,Premier League,Matchweek 7,Sat,Away,W,1,0,Crystal Palace,1.4,0.6,68,25185.0,Virgil van Dijk,4-2-3-1,,Simon Hooper,Match Report,16,4,18.9,0,0,0,Liverpool,2025,October,7,Early season,False,False,3,-0.4
2024-10-20,16:30,Premier League,Matchweek 8,Sun,Home,W,2,1,Chelsea,1.9,1.0,43,60277.0,Virgil van Dijk,4-2-3-1,4-2-3-1,John Brooks,Match Report,8,4,22.7,1,1,1,Liverpool,2025,October,8,Early season,False,False,3,0.1
2024-10-27,16:30,Premier League,Matchweek 9,Sun,Away,D,2,2,Arsenal,0.8,0.9,55,60383.0,Virgil van Dijk,4-2-3-1,,Anthony Taylor,Match Report,9,4,17.8,0,0,0,Liverpool,2025,October,9,Early season,False,False,1,1.2
2024-11-02,15:00,Premier League,Matchweek 10,Sat,Home,W,2,1,Brighton And Hove Albion,1.6,1.0,49,60331.0,Virgil van Dijk,4-2-3-1,,Tony Harrington,Match Report,16,8,14.0,0,0,0,Liverpool,2025,November,10,Early season,False,False,3,0.4
2024-11-09,20:00,Premier League,Matchweek 11,Sat,Home,W,2,0,Aston Villa,2.0,1.2,62,60292.0,Virgil van Dijk,4-2-3-1,4-2-3-1,David Coote,Match Report,14,5,16.1,0,0,0,Liverpool,2025,November,11,Early season,False,False,3,0.0
2024-11-24,14:00,Premier League,Matchweek 12,Sun,Away,W,3,2,Southampton,3.1,1.3,62,31278.0,Virgil van Dijk,4-2-3-1,,Samuel Barrott,Match Report,26,10,18.2,1,1,1,Liverpool,2025,November,12,Early season,False,False,3,-0.1
2024-12-01,16:00,Premier League,Matchweek 13,Sun,Home,W,2,0,Manchester City,3.4,0.8,44,60248.0,Virgil van Dijk,4-2-3-1,4-2-3-1,Chris Kavanagh,Match Report,17,6,17.5,0,1,1,Liverpool,2025,December,13,Early season,False,False,3,-1.4
2024-12-04,19:30,Premier League,Matchweek 14,Wed,Away,D,3,3,Newcastle United,1.9,2.1,58,52237.0,Virgil van Dijk,4-2-3-1,,Andy Madley,Match Report,16,5,12.7,0,0,0,Liverpool,2025,December,14,Mid season,False,False,1,1.1
2024-12-14,15:00,Premier League,Matchweek 16,Sat,Home,D,2,2,Fulham,2.1,1.2,61,60333.0,Virgil van Dijk,,4-2-3-1,Tony Harrington,Match Report,16,4,13.9,0,0,0,Liverpool,2025,December,16,Mid season,False,False,1,-0.1
2024-12-22,16:30,Premier League,Matchweek 17,Sun,Away,W,6,3,Tottenham Hotspur,5.6,1.3,48,61439.0,Virgil van Dijk,4-2-3-1,4-2-3-1,Samuel Barrott,Match Report,24,11,13.3,0,0,0,Liverpool,2025,December,17,Mid season,False,False,3,0.4
2024-12-26,20:00,Premier League,Matchweek 18,Thu,Home,W,3,1,Leicester City,2.0,0.3,68,60300.0,Virgil van Dijk,4-2-3-1,4-2-3-1,Darren Bond,Match Report,19,7,15.3,0,0,0,Liverpool,2025,December,18,Mid season,False,False,3,1.0
2024-12-29,17:15,Premier League,Matchweek 19,Sun,Away,W,5,0,West Ham United,3.1,0.4,54,62476.0,Virgil van Dijk,4-2-3-1,4-2-3-1,Anthony Taylor,Match Report,22,13,15.8,0,0,0,Liverpool,2025,December,19,Mid season,False,False,3,1.9
2025-01-05,16:30,Premier League,Matchweek 20,Sun,Home,D,2,2,Manchester United,2.7,1.0,53,60275.0,Virgil van Dijk,4-2-3-1,,Michael Oliver,Match Report,18,5,16.9,1,1,1,Liverpool,2025,January,20,Mid season,False,False,1,-0.7
2025-01-14,20:00,Premier League,Matchweek 21,Tue,Away,D,1,1,Nottingham Forest,2.0,0.3,70,30249.0,Virgil van Dijk,4-2-3-1,4-2-3-1,Chris Kavanagh,Match Report,23,6,17.0,0,0,0,Liverpool,2025,January,21,Mid season,False,False,1,-1.0
2025-01-18,15:00,Premier League,Matchweek 22,Sat,Away,W,2,0,Brentford,3.4,0.7,60,17215.0,Virgil van Dijk,4-2-3-1,4-2-3-1,Andy Madley,Match Report,37,8,15.4,0,0,0,Liverpool,2025,January,22,Mid season,False,False,3,-1.4
2025-01-25,15:00,Premier League,Matchweek 23,Sat,Home,W,4,1,Ipswich Town,2.0,0.5,70,60420.0,Virgil van Dijk,4-2-3-1,4-2-3-1,Michael Salisbury,Match Report,16,6,17.8,0,0,0,Liverpool,2025,January,23,Mid season,False,False,3,2.0
2025-02-01,15:00,Premier League,Matchweek 24,Sat,Away,W,2,0,Bournemouth,2.5,1.6,51,11239.0,Virgil van Dijk,4-2-3-1,4-2-3-1,Darren England,Match Report,18,6,18.5,0,1,1,Liverpool,2025,February,24,Mid season,False,False,3,-0.5
2025-02-12,19:30,Premier League,Matchweek 15,Wed,Away,D,2,2,Everton,0.6,1.0,63,39280.0,Virgil van Dijk,4-2-3-1,4-2-3-1,Michael Oliver,Match Report,6,4,15.4,0,0,0,Liverpool,2025,February,15,Mid season,False,False,1,1.4
2025-02-16,14:00,Premier League,Matchweek 25,Sun,Home,W,2,1,Wolverhampton Wanderers,1.7,1.5,50,60248.0,Virgil van Dijk,4-2-3-1,,Simon Hooper,Match Report,9,2,16.9,0,1,1,Liverpool,2025,February,25,Mid season,False,False,3,0.3
2025-02-19,19:30,Premier League,Matchweek 29,Wed,Away,D,2,2,Aston Villa,2.5,0.6,48,41910.0,Virgil van Dijk,4-2-3-1,4-2-3-1,Craig Pawson,Match Report,17,3,14.2,0,0,0,Liverpool,2025,February,29,Late season,False,False,1,-0.5
2025-02-23,16:30,Premier League,Matchweek 26,Sun,Away,W,2,0,Manchester City,0.7,0.6,34,52803.0,Virgil van Dijk,4-2-2-2,4-1-4-1,Anthony Taylor,Match Report,8,4,16.4,0,0,0,Liverpool,2025,February,26,Late season,False,False,3,1.3
2025-02-26,20:15,Premier League,Matchweek 27,Wed,Home,W,2,0,Newcastle United,1.7,0.2,61,60374.0,Virgil van Dijk,4-2-3-1,4-2-3-1,Stuart Attwell,Match Report,12,3,16.2,0,0,0,Liverpool,2025,February,27,Late season,False,False,3,0.3
2025-03-08,15:00,Premier League,Matchweek 28,Sat,Home,W,3,1,Southampton,3.9,0.4,71,60399.0,Virgil van Dijk,,4-2-3-1,Lewis Smith,Match Report,26,5,16.3,0,2,2,Liverpool,2025,March,28,Late season,False,False,3,-0.9
2025-04-02,20:00,Premier League,Matchweek 30,Wed,Home,W,1,0,Everton,1.5,0.9,73,60457.0,Virgil van Dijk,4-2-3-1,4-2-3-1,Samuel Barrott,Match Report,17,3,17.2,1,0,0,Liverpool,2025,April,30,Late season,False,False,3,-0.5
2025-04-06,14:00,Premier League,Matchweek 31,Sun,Away,L,2,3,Fulham,1.5,0.7,63,27770.0,Virgil van Dijk,4-2-3-1,4-2-3-1,Chris Kavanagh,Match Report,14,6,16.4,0,0,0,Liverpool,2025,April,31,Late season,False,False,0,0.5
2025-04-13,14:00,Premier League,Matchweek 32,Sun,Home,W,2,1,West Ham United,1.8,1.4,55,60376.0,Virgil van Dijk,4-2-3-1,,Andy Madley,Match Report,15,6,15.5,1,0,0,Liverpool,2025,April,32,Late season,False,False,3,0.2
2025-04-20,16:30,Premier League,Matchweek 33,Sun,Away,W,1,0,Leicester City,2.5,0.3,58,30402.0,Virgil van Dijk,4-2-3-1,4-2-3-1,Stuart Attwell,Match Report,28,8,12.6,1,0,0,Liverpool,2025,April,33,Late season,False,False,3,-1.5
2025-04-27,16:30,Premier League,Matchweek 34,Sun,Home,W,5,1,Tottenham Hotspur,2.2,0.5,61,60415.0,Virgil van Dijk,4-2-3-1,,Thomas Bramall,Match Report,25,6,19.3,0,0,0,Liverpool,2025,April,34,Late season,False,False,3,2.8
2025-05-04,16:30,Premier League,Matchweek 35,Sun,Away,L,1,3,Chelsea,1.0,3.1,64,39829.0,Virgil van Dijk,4-2-3-1,4-2-3-1,Simon Hooper,Match Report,11,2,13.5,1,0,0,Liverpool,2025,May,35,Late season,False,False,0,0.0
2025-05-11,16:30,Premier League,Matchweek 36,Sun,Home,D,2,2,Arsenal,2.4,2.6,45,60324.0,Virgil van Dijk,4-2-3-1,,Anthony Taylor,Match Report,14,5,16.6,1,0,0,Liverpool,2025,May,36,Late season,False,False,1,-0.4
2025-05-19,20:00,Premier League,Matchweek 37,Mon,Away,L,2,3,Brighton And Hove Albion,2.2,2.2,51,31611.0,Mohamed Salah,4-2-3-1,4-2-3-1,Andy Madley,Match Report,18,5,16.1,1,0,0,Liverpool,2025,May,37,Late season,False,False,0,-0.2
2025-05-25,16:00,Premier League,Matchweek 38,Sun,Home,D,1,1,Crystal Palace,2.1,1.8,69,60382.0,Virgil van Dijk,4-2-3-1,,Darren England,Match Report,14,3,14.3,0,0,0,Liverpool,2025,May,38,Late season,False,False,1,-1.1
2023-08-12,15:00,Premier League,Matchweek 1,Sat,Away,L,1,4,Brighton And Hove Albion,1.5,4.0,30,31872.0,Tom Lockyer,,4-2-3-1,David Coote,Match Report,8,2,16.6,0,1,1,Luton Town,2024,August,1,Early season,False,False,0,-0.5
2023-08-25,20:00,Premier League,Matchweek 3,Fri,Away,L,0,3,Chelsea,0.4,2.2,33,39893.0,Tom Lockyer,,,Robert Jones,Match Report,11,1,19.0,1,0,0,Luton Town,2024,August,3,Early season,False,False,0,-0.4
2023-09-01,20:00,Premier League,Matchweek 4,Fri,Home,L,1,2,West Ham United,1.4,1.0,39,10802.0,Carlton Morris,,4-2-3-1,Paul Tierney,Match Report,16,1,11.9,0,0,0,Luton Town,2024,September,4,Early season,False,False,0,-0.4
2023-09-16,15:00,Premier League,Matchweek 5,Sat,Away,L,0,1,Fulham,1.1,1.0,23,24467.0,Tom Lockyer,,,Michael Salisbury,Match Report,7,2,10.0,0,0,0,Luton Town,2024,September,5,Early season,False,False,0,-1.1
2023-09-23,15:00,Premier League,Matchweek 6,Sat,Home,D,1,1,Wolverhampton Wanderers,2.1,0.6,57,10893.0,Tom Lockyer,,4-2-3-1,Joshua Smith,Match Report,19,3,17.3,0,1,1,Luton Town,2024,September,6,Early season,False,False,1,-1.1
2023-09-30,15:00,Premier League,Matchweek 7,Sat,Away,W,2,1,Everton,0.9,2.9,33,39289.0,Tom Lockyer,,4-4-1-1,Anthony Taylor,Match Report,9,2,13.4,0,0,0,Luton Town,2024,September,7,Early season,False,False,3,1.1
2023-10-03,19:30,Premier League,Matchweek 2,Tue,Home,L,1,2,Burnley,1.3,1.1,49,10918.0,Tom Lockyer,,,Peter Bankes,Match Report,18,2,13.1,0,0,0,Luton Town,2024,October,2,Early season,False,False,0,-0.3
2023-10-07,12:30,Premier League,Matchweek 8,Sat,Home,L,0,1,Tottenham Hotspur,0.8,1.9,34,10290.0,Tom Lockyer,,4-2-3-1,John Brooks,Match Report,12,2,16.3,0,0,0,Luton Town,2024,October,8,Early season,False,False,0,-0.8
2023-10-21,15:00,Premier League,Matchweek 9,Sat,Away,D,2,2,Nottingham Forest,1.7,2.9,43,29361.0,Tom Lockyer,,,Samuel Barrott,Match Report,13,4,17.6,0,0,0,Luton Town,2024,October,9,Early season,False,False,1,0.3
2023-10-29,14:00,Premier League,Matchweek 10,Sun,Away,L,1,3,Aston Villa,0.5,2.3,30,41785.0,Tom Lockyer,,,John Brooks,Match Report,7,1,17.3,0,0,0,Luton Town,2024,October,10,Early season,False,False,0,0.5
2023-11-05,16:30,Premier League,Matchweek 11,Sun,Home,D,1,1,Liverpool,0.8,2.6,27,11049.0,Tom Lockyer,,,Andy Madley,Match Report,8,5,17.9,0,0,0,Luton Town,2024,November,11,Early season,False,False,1,0.2
2023-11-11,15:00,Premier League,Matchweek 12,Sat,Away,L,0,1,Manchester United,0.4,2.2,36,73599.0,Tom Lockyer,,4-2-3-1,Graham Scott,Match Report,10,4,21.9,1,0,0,Luton Town,2024,November,12,Early season,False,False,0,-0.4
2023-11-25,15:00,Premier League,Matchweek 13,Sat,Home,W,2,1,Crystal Palace,0.9,1.6,39,11029.0,Tom Lockyer,,4-2-3-1,Jarred Gillett,Match Report,8,3,14.2,0,0,0,Luton Town,2024,November,13,Early season,False,False,3,1.1
2023-12-02,15:00,Premier League,Matchweek 14,Sat,Away,L,1,3,Brentford,0.2,3.1,32,17075.0,Tom Lockyer,,,Anthony Taylor,Match Report,7,1,23.8,0,0,0,Luton Town,2024,December,14,Mid season,False,False,0,0.8
2023-12-05,20:15,Premier League,Matchweek 15,Tue,Home,L,3,4,Arsenal,0.5,2.2,34,11031.0,Pelly Ruddock Mpanzu,,,Samuel Barrott,Match Report,6,4,18.8,0,0,0,Luton Town,2024,December,15,Mid season,False,False,0,2.5
2023-12-10,14:00,Premier League,Matchweek 16,Sun,Home,L,1,2,Manchester City,0.3,1.6,35,11047.0,Tom Lockyer,,4-2-3-1,Tim Robinson,Match Report,4,2,19.2,0,0,0,Luton Town,2024,December,16,Mid season,False,False,0,0.7
2023-12-23,15:00,Premier League,Matchweek 18,Sat,Home,W,1,0,Newcastle United,1.4,1.4,35,11042.0,Amari'i Bell,,,Darren England,Match Report,16,5,19.4,0,0,0,Luton Town,2024,December,18,Mid season,False,False,3,-0.4
2023-12-26,15:00,Premier League,Matchweek 19,Tue,Away,W,3,2,Sheffield United,0.6,2.4,49,31041.0,Amari'i Bell,,,Samuel Allison,Match Report,12,4,17.9,1,0,0,Luton Town,2024,December,19,Mid season,False,False,3,2.4
2023-12-30,12:30,Premier League,Matchweek 20,Sat,Home,L,2,3,Chelsea,2.3,1.5,52,11041.0,Amari'i Bell,,4-2-3-1,Paul Tierney,Match Report,15,6,11.6,1,0,0,Luton Town,2024,December,20,Mid season,False,False,0,-0.3
2024-01-12,19:45,Premier League,Matchweek 21,Fri,Away,D,1,1,Burnley,0.9,1.1,61,20155.0,Amari'i Bell,,,Tony Harrington,Match Report,14,5,18.2,0,0,0,Luton Town,2024,January,21,Mid season,False,False,1,0.1
2024-01-30,19:45,Premier League,Matchweek 22,Tue,Home,W,4,0,Brighton And Hove Albion,3.1,0.9,41,10994.0,Carlton Morris,,,Robert Jones,Match Report,18,8,13.8,1,0,0,Luton Town,2024,January,22,Mid season,False,False,3,0.9
2024-02-03,15:00,Premier League,Matchweek 23,Sat,Away,D,4,4,Newcastle United,2.4,2.3,45,52211.0,Carlton Morris,,,Thomas Bramall,Match Report,10,7,14.0,0,1,1,Luton Town,2024,February,23,Mid season,False,False,1,1.6
2024-02-10,15:00,Premier League,Matchweek 24,Sat,Home,L,1,3,Sheffield United,1.8,1.7,74,11138.0,Carlton Morris,,,Chris Kavanagh,Match Report,19,4,17.3,0,1,1,Luton Town,2024,February,24,Mid season,False,False,0,-0.8
2024-02-18,16:30,Premier League,Matchweek 25,Sun,Home,L,1,2,Manchester United,1.8,2.9,58,11483.0,Carlton Morris,,4-2-3-1,David Coote,Match Report,22,4,18.6,1,0,0,Luton Town,2024,February,25,Mid season,False,False,0,-0.8
2024-02-21,19:30,Premier League,Matchweek 26,Wed,Away,L,1,4,Liverpool,0.9,3.3,40,59713.0,Carlton Morris,,,Andy Madley,Match Report,12,3,19.0,1,0,0,Luton Town,2024,February,26,Late season,False,False,0,0.1
2024-03-02,17:30,Premier League,Matchweek 27,Sat,Home,L,2,3,Aston Villa,1.8,1.9,46,11594.0,Carlton Morris,,4-2-3-1,Michael Oliver,Match Report,14,4,11.4,1,0,0,Luton Town,2024,March,27,Late season,False,False,0,0.2
2024-03-09,15:00,Premier League,Matchweek 28,Sat,Away,D,1,1,Crystal Palace,0.8,2.7,51,25103.0,Carlton Morris,,,Sunny Singh,Match Report,8,2,11.9,0,0,0,Luton Town,2024,March,28,Late season,False,False,1,0.2
2024-03-13,19:30,Premier League,Matchweek 17,Wed,Away,L,3,4,Bournemouth,2.0,2.3,41,11198.0,Carlton Morris,,4-2-3-1,Samuel Allison,Match Report,8,4,8.4,0,0,0,Luton Town,2024,March,17,Mid season,False,False,0,1.0
2024-03-16,15:00,Premier League,Matchweek 29,Sat,Home,D,1,1,Nottingham Forest,0.6,2.0,60,11630.0,Carlton Morris,,4-2-3-1,Darren England,Match Report,10,4,18.5,0,0,0,Luton Town,2024,March,29,Late season,False,False,1,0.4
2024-03-30,15:00,Premier League,Matchweek 30,Sat,Away,L,1,2,Tottenham Hotspur,0.5,2.9,30,61534.0,Carlton Morris,,4-2-3-1,Jarred Gillett,Match Report,7,3,17.7,0,0,0,Luton Town,2024,March,30,Late season,False,False,0,0.5
2024-04-03,19:30,Premier League,Matchweek 31,Wed,Away,L,0,2,Arsenal,0.3,0.7,42,60262.0,Carlton Morris,,,Craig Pawson,Match Report,5,1,15.9,1,0,0,Luton Town,2024,April,31,Late season,False,False,0,-0.3
2024-04-06,15:00,Premier League,Matchweek 32,Sat,Home,W,2,1,Bournemouth,1.5,0.4,55,11797.0,Carlton Morris,,4-2-3-1,Andy Madley,Match Report,19,9,18.2,0,0,0,Luton Town,2024,April,32,Late season,False,False,3,0.5
2024-04-13,15:00,Premier League,Matchweek 33,Sat,Away,L,1,5,Manchester City,0.5,4.2,27,52149.0,Carlton Morris,,4-2-3-1,John Brooks,Match Report,4,2,9.3,0,0,0,Luton Town,2024,April,33,Late season,False,False,0,0.5
2024-04-20,15:00,Premier League,Matchweek 34,Sat,Home,L,1,5,Brentford,0.6,3.1,53,11877.0,Carlton Morris,,,Jarred Gillett,Match Report,6,3,17.0,0,0,0,Luton Town,2024,April,34,Late season,False,False,0,0.4
2024-04-27,15:00,Premier League,Matchweek 35,Sat,Away,L,1,2,Wolverhampton Wanderers,0.6,1.2,42,31531.0,Carlton Morris,,3-5-1-1,David Coote,Match Report,9,6,17.4,0,0,0,Luton Town,2024,April,35,Late season,False,False,0,0.4
2024-05-03,20:00,Premier League,Matchweek 36,Fri,Home,D,1,1,Everton,0.8,1.4,51,11873.0,Carlton Morris,,4-4-1-1,Tim Robinson,Match Report,18,5,18.4,0,0,0,Luton Town,2024,May,36,Late season,False,False,1,0.2
2024-05-11,15:00,Premier League,Matchweek 37,Sat,Away,L,1,3,West Ham United,0.3,3.2,42,62475.0,Carlton Morris,,4-2-3-1,Michael Oliver,Match Report,4,1,12.5,0,0,0,Luton Town,2024,May,37,Late season,False,False,0,0.7
2024-05-19,16:00,Premier League,Matchweek 38,Sun,Home,L,2,4,Fulham,2.0,1.1,41,12027.0,Carlton Morris,,4-2-3-1,Matt Donohue,Match Report,14,5,19.3,2,1,1,Luton Town,2024,May,38,Late season,False,False,0,0.0
2020-09-21,20:15,Premier League,Matchweek 2,Mon,Away,W,3,1,Wolverhampton Wanderers,1.9,0.6,65,,Fernandinho,4-2-3-1,,Andre Marriner,Match Report,13,8,21.1,2,1,1,Manchester City,2021,September,2,Early season,False,,3,1.1
2020-09-27,16:30,Premier League,Matchweek 3,Sun,Home,L,2,5,Leicester City,0.9,2.9,72,,Fernandinho,4-2-3-1,,Michael Oliver,Match Report,16,5,19.8,1,0,0,Manchester City,2021,September,3,Early season,False,,0,1.1
2020-10-03,17:30,Premier League,Matchweek 4,Sat,Away,D,1,1,Leeds United,1.2,2.4,49,,Kevin De Bruyne,,4-1-4-1,Mike Dean,Match Report,23,1,18.2,1,0,0,Manchester City,2021,October,4,Early season,False,,1,-0.2
2020-10-17,17:30,Premier League,Matchweek 5,Sat,Home,W,1,0,Arsenal,1.3,0.9,58,,Raheem Sterling,3-1-4-2,,Chris Kavanagh,Match Report,13,5,17.7,0,0,0,Manchester City,2021,October,5,Early season,False,,3,-0.3
2020-10-24,12:30,Premier League,Matchweek 6,Sat,Away,D,1,1,West Ham United,1.0,0.3,69,,Raheem Sterling,,,Anthony Taylor,Match Report,14,7,20.9,1,0,0,Manchester City,2021,October,6,Early season,False,,1,0.0
2020-10-31,12:30,Premier League,Matchweek 7,Sat,Away,W,1,0,Sheffield United,1.6,0.5,65,,Kevin De Bruyne,,,Michael Oliver,Match Report,16,8,18.5,2,0,0,Manchester City,2021,October,7,Early season,False,,3,-0.6
2020-11-08,16:30,Premier League,Matchweek 8,Sun,Home,D,1,1,Liverpool,1.4,1.2,54,,Kevin De Bruyne,4-2-3-1,4-2-3-1,Craig Pawson,Match Report,6,2,20.6,0,0,1,Manchester City,2021,November,8,Early season,False,,1,-0.4
2020-11-21,17:30,Premier League,Matchweek 9,Sat,Away,L,0,2,Tottenham Hotspur,1.4,0.7,66,,Kevin De Bruyne,,4-2-3-1,Mike Dean,Match Report,22,5,16.0,0,0,0,Manchester City,2021,November,9,Early season,False,,0,-1.4
2020-11-28,15:00,Premier League,Matchweek 10,Sat,Home,W,5,0,Burnley,1.7,0.5,68,,Kevin De Bruyne,4-2-3-1,4-4-1-1,Lee Mason,Match Report,19,6,16.4,0,0,0,Manchester City,2021,November,10,Early season,False,,3,3.3
2020-12-05,15:00,Premier League,Matchweek 11,Sat,Home,W,2,0,Fulham,2.9,0.3,69,,Kevin De Bruyne,4-2-3-1,3-4-1-2,Jonathan Moss,Match Report,14,4,15.9,0,1,1,Manchester City,2021,December,11,Early season,False,,3,-0.9
2020-12-12,17:30,Premier League,Matchweek 12,Sat,Away,D,0,0,Manchester United,1.3,0.6,54,,Fernandinho,4-2-3-1,4-2-3-1,Chris Kavanagh,Match Report,9,2,18.3,1,0,0,Manchester City,2021,December,12,Early season,False,,1,-1.3
2020-12-15,20:00,Premier League,Matchweek 13,Tue,Home,D,1,1,West Bromwich Albion,2.2,0.4,77,,Kevin De Bruyne,4-2-3-1,4-1-4-1,Peter Bankes,Match Report,26,7,17.1,2,0,0,Manchester City,2021,December,13,Early season,False,,1,-1.2
2020-12-19,15:00,Premier League,Matchweek 14,Sat,Away,W,1,0,Southampton,0.9,0.7,52,,Kevin De Bruyne,4-2-3-1,,Mike Dean,Match Report,11,5,20.1,0,0,0,Manchester City,2021,December,14,Mid season,False,,3,0.1
2020-12-26,20:00,Premier League,Matchweek 15,Sat,Home,W,2,0,Newcastle United,3.0,0.3,74,,Kevin De Bruyne,3-4-3◆,,Andre Marriner,Match Report,11,6,12.3,0,0,0,Manchester City,2021,December,15,Mid season,False,,3,-1.0
2021-01-03,16:30,Premier League,Matchweek 17,Sun,Away,W,3,1,Chelsea,2.7,0.8,46,,Kevin De Bruyne,,,Anthony Taylor,Match Report,18,6,15.1,1,0,0,Manchester City,2021,January,17,Mid season,False,,3,0.3
2021-01-13,18:00,Premier League,Matchweek 18,Wed,Home,W,1,0,Brighton And Hove Albion,2.0,0.2,65,,Kevin De Bruyne,,4-1-2-1-2,Darren England,Match Report,15,6,16.9,0,0,1,Manchester City,2021,January,18,Mid season,False,,3,-1.0
2021-01-17,19:15,Premier League,Matchweek 19,Sun,Home,W,4,0,Crystal Palace,0.7,0.1,71,,Fernandinho,,4-1-4-1,Lee Mason,Match Report,13,6,19.1,2,0,0,Manchester City,2021,January,19,Mid season,False,,3,3.3
2021-01-20,18:00,Premier League,Matchweek 1,Wed,Home,W,2,0,Aston Villa,3.4,0.6,69,,Kevin De Bruyne,,4-2-3-1,Jonathan Moss,Match Report,27,8,15.8,0,1,1,Manchester City,2021,January,1,Early season,False,,3,-1.4
2021-01-26,20:15,Premier League,Matchweek 20,Tue,Away,W,5,0,West Bromwich Albion,1.8,0.5,77,,Raheem Sterling,,4-4-1-1,Chris Kavanagh,Match Report,18,7,17.4,0,0,0,Manchester City,2021,January,20,Mid season,False,,3,3.2
2021-01-30,15:00,Premier League,Matchweek 21,Sat,Home,W,1,0,Sheffield United,1.5,0.2,75,,Fernandinho,,,David Coote,Match Report,10,5,17.2,0,0,0,Manchester City,2021,January,21,Mid season,False,,3,-0.5
2021-02-03,18:00,Premier League,Matchweek 22,Wed,Away,W,2,0,Burnley,2.0,0.1,74,,Raheem Sterling,,,Martin Atkinson,Match Report,13,6,15.5,0,0,0,Manchester City,2021,February,22,Mid season,False,,3,0.0
2021-02-07,16:30,Premier League,Matchweek 23,Sun,Away,W,4,1,Liverpool,3.5,1.2,44,,Raheem Sterling,,,Michael Oliver,Match Report,7,5,13.4,0,0,1,Manchester City,2021,February,23,Mid season,False,,3,0.5
2021-02-13,17:30,Premier League,Matchweek 24,Sat,Home,W,3,0,Tottenham Hotspur,2.2,0.3,60,,Raheem Sterling,,4-2-3-1,Paul Tierney,Match Report,14,5,16.3,0,1,1,Manchester City,2021,February,24,Mid season,False,,3,0.8
2021-02-17,20:15,Premier League,Matchweek 16,Wed,Away,W,3,1,Everton,1.0,1.0,71,,Raheem Sterling,,4-4-1-1,Andre Marriner,Match Report,16,7,17.9,0,0,0,Manchester City,2021,February,16,Mid season,False,,3,2.0
2021-02-21,16:30,Premier League,Matchweek 25,Sun,Away,W,1,0,Arsenal,1.8,0.3,55,,Fernandinho,,4-2-3-1,Jonathan Moss,Match Report,15,3,16.2,0,0,0,Manchester City,2021,February,25,Mid season,False,,3,-0.8
2021-02-27,12:30,Premier League,Matchweek 26,Sat,Home,W,2,1,West Ham United,0.5,1.5,63,,Fernandinho,,,Michael Oliver,Match Report,10,3,20.4,0,0,0,Manchester City,2021,February,26,Late season,False,,3,1.5
2021-03-02,20:00,Premier League,Matchweek 29,Tue,Home,W,4,1,Wolverhampton Wanderers,3.3,0.3,72,,Kevin De Bruyne,,,Chris Kavanagh,Match Report,22,10,14.6,0,0,0,Manchester City,2021,March,29,Late season,False,,3,0.7
2021-03-07,16:30,Premier League,Matchweek 27,Sun,Home,L,0,2,Manchester United,1.3,1.7,66,,Kevin De Bruyne,4-2-3-1,4-2-3-1,Anthony Taylor,Match Report,23,6,18.7,1,0,0,Manchester City,2021,March,27,Late season,False,,0,-1.3
2021-03-10,18:00,Premier League,Matchweek 33,Wed,Home,W,5,2,Southampton,2.6,1.6,58,,Fernandinho,,,Jonathan Moss,Match Report,17,10,16.0,0,0,0,Manchester City,2021,March,33,Late season,False,,3,2.4
2021-03-13,20:00,Premier League,Matchweek 28,Sat,Away,W,3,0,Fulham,2.2,0.3,54,,Sergio Agüero,,,Andre Marriner,Match Report,7,6,15.3,0,1,1,Manchester City,2021,March,28,Late season,False,,3,0.8
2021-04-03,17:30,Premier League,Matchweek 30,Sat,Away,W,2,0,Leicester City,1.4,0.3,56,,Fernandinho,4-2-3-1,,Anthony Taylor,Match Report,11,4,14.5,1,0,0,Manchester City,2021,April,30,Late season,False,,3,0.6
2021-04-10,12:30,Premier League,Matchweek 31,Sat,Home,L,1,2,Leeds United,2.1,0.1,71,,Fernandinho,,4-1-4-1,Andre Marriner,Match Report,29,7,18.9,1,0,0,Manchester City,2021,April,31,Late season,False,,0,-1.1
2021-04-21,20:15,Premier League,Matchweek 32,Wed,Away,W,2,1,Aston Villa,1.2,0.7,72,,İlkay Gündoğan,,4-1-4-1,Peter Bankes,Match Report,13,3,19.3,2,0,0,Manchester City,2021,April,32,Late season,False,,3,0.8
2021-05-01,12:30,Premier League,Matchweek 34,Sat,Away,W,2,0,Crystal Palace,1.7,0.9,68,,Fernandinho,4-4-1-1,,David Coote,Match Report,20,3,14.6,1,0,0,Manchester City,2021,May,34,Late season,False,,3,0.3
2021-05-08,17:30,Premier League,Matchweek 35,Sat,Home,L,1,2,Chelsea,1.8,0.7,48,,Raheem Sterling,3-1-4-2,,Anthony Taylor,Match Report,15,3,20.0,0,0,1,Manchester City,2021,May,35,Late season,False,,0,-0.8
2021-05-14,20:00,Premier League,Matchweek 36,Fri,Away,W,4,3,Newcastle United,1.5,2.2,82,,Raheem Sterling,,,Kevin Friend,Match Report,15,6,20.0,1,0,0,Manchester City,2021,May,36,Late season,False,,3,2.5
2021-05-18,19:00,Premier League,Matchweek 37,Tue,Away,L,2,3,Brighton And Hove Albion,0.9,1.1,37,7945.0,İlkay Gündoğan,,,Stuart Attwell,Match Report,8,4,14.2,1,0,0,Manchester City,2021,May,37,Late season,False,False,0,1.1
2021-05-23,16:00,Premier League,Matchweek 38,Sun,Home,W,5,0,Everton,2.5,1.1,67,10000.0,Fernandinho,,4-3-1-2,Michael Oliver,Match Report,21,11,15.6,0,0,0,Manchester City,2021,May,38,Late season,False,False,3,2.5
2021-08-15,16:30,Premier League,Matchweek 1,Sun,Away,L,0,1,Tottenham Hotspur,1.8,1.0,65,58262.0,Fernandinho,,,Anthony Taylor,Match Report,18,4,17.3,1,0,0,Manchester City,2022,August,1,Early season,False,False,0,-1.8
2021-08-21,15:00,Premier League,Matchweek 2,Sat,Home,W,5,0,Norwich City,2.6,0.1,67,51437.0,İlkay Gündoğan,,,Graham Scott,Match Report,16,4,18.5,1,0,0,Manchester City,2022,August,2,Early season,False,False,3,2.4
2021-08-28,12:30,Premier League,Matchweek 3,Sat,Home,W,5,0,Arsenal,4.4,0.2,80,52276.0,İlkay Gündoğan,,,Martin Atkinson,Match Report,25,10,14.8,0,0,0,Manchester City,2022,August,3,Early season,False,False,3,0.6
2021-09-11,15:00,Premier League,Matchweek 4,Sat,Away,W,1,0,Leicester City,2.8,0.6,61,32087.0,İlkay Gündoğan,,4-2-3-1,Paul Tierney,Match Report,25,8,14.3,0,0,0,Manchester City,2022,September,4,Early season,False,False,3,-1.8
2021-09-18,15:00,Premier League,Matchweek 5,Sat,Home,D,0,0,Southampton,1.0,0.4,64,52698.0,Fernandinho,,,Jonathan Moss,Match Report,16,1,16.4,1,0,0,Manchester City,2022,September,5,Early season,False,False,1,-1.0
2021-09-25,12:30,Premier League,Matchweek 6,Sat,Away,W,1,0,Chelsea,1.7,0.2,59,40036.0,Rúben Dias,,,Michael Oliver,Match Report,15,3,17.1,0,0,0,Manchester City,2022,September,6,Early season,False,False,3,-0.7
2021-10-03,16:30,Premier League,Matchweek 7,Sun,Away,D,2,2,Liverpool,1.2,0.9,51,53102.0,Rúben Dias,,,Paul Tierney,Match Report,12,3,17.0,1,0,0,Manchester City,2022,October,7,Early season,False,False,1,0.8
2021-10-16,15:00,Premier League,Matchweek 8,Sat,Home,W,2,0,Burnley,2.1,0.9,70,52711.0,Kevin De Bruyne,,,Martin Atkinson,Match Report,15,6,14.4,0,0,0,Manchester City,2022,October,8,Early season,False,False,3,-0.1
2021-10-23,17:30,Premier League,Matchweek 9,Sat,Away,W,4,1,Brighton And Hove Albion,3.8,1.3,52,31215.0,İlkay Gündoğan,,,Kevin Friend,Match Report,23,12,16.0,1,0,0,Manchester City,2022,October,9,Early season,False,False,3,0.2
2021-10-30,15:00,Premier League,Matchweek 10,Sat,Home,L,0,2,Crystal Palace,0.7,0.7,68,53014.0,Rúben Dias,,,Andre Marriner,Match Report,14,3,17.7,0,0,0,Manchester City,2022,October,10,Early season,False,False,0,-0.7
2021-11-06,12:30,Premier League,Matchweek 11,Sat,Away,W,2,0,Manchester United,1.6,0.9,67,73086.0,İlkay Gündoğan,,,Michael Oliver,Match Report,16,5,14.7,0,0,0,Manchester City,2022,November,11,Early season,False,False,3,0.4
2021-11-21,14:00,Premier League,Matchweek 12,Sun,Home,W,3,0,Everton,2.5,0.2,77,52571.0,İlkay Gündoğan,,4-4-1-1,Stuart Attwell,Match Report,17,7,16.4,1,0,0,Manchester City,2022,November,12,Early season,False,False,3,0.5
2021-11-28,14:00,Premier League,Matchweek 13,Sun,Home,W,2,1,West Ham United,2.1,0.2,68,53245.0,İlkay Gündoğan,,4-2-3-1,Michael Oliver,Match Report,19,8,16.0,0,0,0,Manchester City,2022,November,13,Early season,False,False,3,-0.1
2021-12-01,20:15,Premier League,Matchweek 14,Wed,Away,W,2,1,Aston Villa,1.0,0.8,64,41400.0,Fernandinho,4-2-3-1,,Mike Dean,Match Report,17,7,19.2,1,0,0,Manchester City,2022,December,14,Mid season,False,False,3,1.0
2021-12-04,17:30,Premier League,Matchweek 15,Sat,Away,W,3,1,Watford,3.1,0.8,77,20673.0,İlkay Gündoğan,,4-1-4-1,Simon Hooper,Match Report,26,12,14.4,0,0,0,Manchester City,2022,December,15,Mid season,False,False,3,-0.1
2021-12-11,12:30,Premier League,Matchweek 16,Sat,Home,W,1,0,Wolverhampton Wanderers,3.2,0.2,71,52613.0,İlkay Gündoğan,,,Jonathan Moss,Match Report,23,8,15.7,0,1,1,Manchester City,2022,December,16,Mid season,False,False,3,-2.2
2021-12-14,20:00,Premier League,Matchweek 17,Tue,Home,W,7,0,Leeds United,3.1,0.3,63,52401.0,Rúben Dias,4-2-3-1,4-2-3-1,Paul Tierney,Match Report,31,15,17.3,2,0,0,Manchester City,2022,December,17,Mid season,False,False,3,3.9
2021-12-19,14:15,Premier League,Matchweek 18,Sun,Away,W,4,0,Newcastle United,2.9,0.3,71,52127.0,Rúben Dias,4-2-3-1,,Martin Atkinson,Match Report,18,7,12.9,0,0,0,Manchester City,2022,December,18,Mid season,False,False,3,1.1
2021-12-26,15:00,Premier League,Matchweek 19,Sun,Home,W,6,3,Leicester City,3.6,2.7,72,53226.0,Fernandinho,,4-4-1-1,Chris Kavanagh,Match Report,15,6,17.5,1,2,2,Manchester City,2022,December,19,Mid season,False,False,3,2.4
2021-12-29,20:15,Premier League,Matchweek 20,Wed,Away,W,1,0,Brentford,1.1,0.4,76,17009.0,Fernandinho,,,David Coote,Match Report,12,3,19.8,0,0,0,Manchester City,2022,December,20,Mid season,False,False,3,-0.1
2022-01-01,12:30,Premier League,Matchweek 21,Sat,Away,W,2,1,Arsenal,2.0,0.8,71,59757.0,Rúben Dias,4-2-3-1,4-2-3-1,Stuart Attwell,Match Report,14,1,18.7,0,1,1,Manchester City,2022,January,21,Mid season,False,False,3,0.0
2022-01-15,12:30,Premier League,Matchweek 22,Sat,Home,W,1,0,Chelsea,1.0,0.3,56,53319.0,Kevin De Bruyne,4-2-3-1,,Craig Pawson,Match Report,11,6,16.5,1,0,0,Manchester City,2022,January,22,Mid season,False,False,3,0.0
2022-01-22,17:30,Premier League,Matchweek 23,Sat,Away,D,1,1,Southampton,1.8,0.8,74,31178.0,Rúben Dias,,,Simon Hooper,Match Report,20,5,17.5,0,0,0,Manchester City,2022,January,23,Mid season,False,False,1,-0.8
2022-02-09,19:45,Premier League,Matchweek 24,Wed,Home,W,2,0,Brentford,1.9,0.4,74,51658.0,Rúben Dias,,,Darren England,Match Report,14,6,19.8,0,1,1,Manchester City,2022,February,24,Mid season,False,False,3,0.1
2022-02-12,17:30,Premier League,Matchweek 25,Sat,Away,W,4,0,Norwich City,4.6,0.4,71,27010.0,Fernandinho,,,Andre Marriner,Match Report,21,8,11.8,0,0,1,Manchester City,2022,February,25,Mid season,False,False,3,-0.6
2022-02-19,17:30,Premier League,Matchweek 26,Sat,Home,L,2,3,Tottenham Hotspur,2.1,1.4,71,53201.0,İlkay Gündoğan,,,Anthony Taylor,Match Report,20,3,16.2,0,1,1,Manchester City,2022,February,26,Late season,False,False,0,-0.1
2022-02-26,17:30,Premier League,Matchweek 27,Sat,Away,W,1,0,Everton,1.8,0.5,67,39105.0,İlkay Gündoğan,,,Paul Tierney,Match Report,13,8,16.3,0,0,0,Manchester City,2022,February,27,Late season,False,False,3,-0.8
2022-03-06,16:30,Premier League,Matchweek 28,Sun,Home,W,4,1,Manchester United,2.7,0.5,69,53165.0,Kevin De Bruyne,,4-2-3-1,Michael Oliver,Match Report,24,10,15.2,1,0,0,Manchester City,2022,March,28,Late season,False,False,3,1.3
2022-03-14,20:00,Premier League,Matchweek 29,Mon,Away,D,0,0,Crystal Palace,2.8,0.6,73,25309.0,Kevin De Bruyne,,,Martin Atkinson,Match Report,19,4,17.2,0,0,0,Manchester City,2022,March,29,Late season,False,False,1,-2.8
2022-04-02,15:00,Premier League,Matchweek 31,Sat,Away,W,2,0,Burnley,1.8,0.1,76,21249.0,İlkay Gündoğan,,,Craig Pawson,Match Report,18,6,16.5,0,0,0,Manchester City,2022,April,31,Late season,False,False,3,0.2
2022-04-10,16:30,Premier League,Matchweek 32,Sun,Home,D,2,2,Liverpool,1.3,1.3,55,53197.0,Kevin De Bruyne,4-2-3-1,,Anthony Taylor,Match Report,11,4,17.8,1,0,0,Manchester City,2022,April,32,Late season,False,False,1,0.7
2022-04-20,20:00,Premier League,Matchweek 30,Wed,Home,W,3,0,Brighton And Hove Albion,1.3,0.2,65,52226.0,İlkay Gündoğan,,,Mike Dean,Match Report,17,5,20.0,0,0,0,Manchester City,2022,April,30,Late season,False,False,3,1.7
2022-04-23,15:00,Premier League,Matchweek 34,Sat,Home,W,5,1,Watford,3.6,0.5,73,53013.0,Fernandinho,4-2-3-1,,Kevin Friend,Match Report,20,7,14.6,0,1,1,Manchester City,2022,April,34,Late season,False,False,3,1.4
2022-04-30,17:30,Premier League,Matchweek 35,Sat,Away,W,4,0,Leeds United,2.4,1.3,58,35771.0,İlkay Gündoğan,4-2-3-1,,Paul Tierney,Match Report,19,6,16.2,0,0,0,Manchester City,2022,April,35,Late season,False,False,3,1.6
2022-05-08,16:30,Premier League,Matchweek 36,Sun,Home,W,5,0,Newcastle United,3.1,0.8,71,53336.0,İlkay Gündoğan,4-2-3-1,,Stuart Attwell,Match Report,21,9,16.0,1,0,0,Manchester City,2022,May,36,Late season,False,False,3,1.9
2022-05-11,20:15,Premier League,Matchweek 33,Wed,Away,W,5,1,Wolverhampton Wanderers,2.3,0.5,66,32000.0,Fernandinho,4-2-3-1,,Martin Atkinson,Match Report,15,5,14.7,0,0,0,Manchester City,2022,May,33,Late season,False,False,3,2.7
2022-05-15,14:00,Premier League,Matchweek 37,Sun,Away,D,2,2,West Ham United,2.4,1.1,78,59972.0,Fernandinho,,4-2-3-1,Anthony Taylor,Match Report,30,7,18.6,2,0,1,Manchester City,2022,May,37,Late season,False,False,1,-0.4
2022-05-22,16:00,Premier League,Matchweek 38,Sun,Home,W,3,2,Aston Villa,3.4,0.2,71,53395.0,Fernandinho,,4-3-2-1,Michael Oliver,Match Report,24,5,14.2,1,0,0,Manchester City,2022,May,38,Late season,False,False,3,-0.4
2022-08-07,16:30,Premier League,Matchweek 1,Sun,Away,W,2,0,West Ham United,2.2,0.5,75,62443.0,İlkay Gündoğan,,4-2-3-1,Michael Oliver,Match Report,13,1,18.7,1,1,1,Manchester City,2023,August,1,Early season,False,False,3,-0.2
2022-08-13,15:00,Premier League,Matchweek 2,Sat,Home,W,4,0,Bournemouth,1.7,0.1,67,53453.0,İlkay Gündoğan,4-2-3-1,,David Coote,Match Report,19,7,17.5,0,0,0,Manchester City,2023,August,2,Early season,False,False,3,2.3
2022-08-21,16:30,Premier League,Matchweek 3,Sun,Away,D,3,3,Newcastle United,2.1,1.8,69,52258.0,İlkay Gündoğan,,,Jarred Gillett,Match Report,21,10,16.2,1,0,0,Manchester City,2023,August,3,Early season,False,False,1,0.9
2022-08-27,15:00,Premier League,Matchweek 4,Sat,Home,W,4,2,Crystal Palace,2.2,0.1,74,53112.0,Kevin De Bruyne,4-2-3-1,,Darren England,Match Report,18,5,14.1,0,0,0,Manchester City,2023,August,4,Early season,False,False,3,1.8
2022-08-31,19:30,Premier League,Matchweek 5,Wed,Home,W,6,0,Nottingham Forest,3.3,0.7,74,53409.0,İlkay Gündoğan,4-2-3-1,,Paul Tierney,Match Report,17,9,14.8,0,0,0,Manchester City,2023,August,5,Early season,False,False,3,2.7
2022-09-03,17:30,Premier League,Matchweek 6,Sat,Away,D,1,1,Aston Villa,2.1,0.3,71,41830.0,İlkay Gündoğan,,4-3-2-1,Simon Hooper,Match Report,13,4,16.8,1,0,0,Manchester City,2023,September,6,Early season,False,False,1,-1.1
2022-09-17,12:30,Premier League,Matchweek 8,Sat,Away,W,3,0,Wolverhampton Wanderers,1.1,0.4,59,31578.0,Kevin De Bruyne,,,Anthony Taylor,Match Report,16,7,19.4,0,0,0,Manchester City,2023,September,8,Early season,False,False,3,1.9
2022-10-02,14:00,Premier League,Matchweek 9,Sun,Home,W,6,3,Manchester United,3.2,1.7,53,53475.0,İlkay Gündoğan,,4-2-3-1,Michael Oliver,Match Report,22,9,14.2,1,0,0,Manchester City,2023,October,9,Early season,False,False,3,2.8
2022-10-08,15:00,Premier League,Matchweek 10,Sat,Home,W,4,0,Southampton,2.4,0.2,65,53365.0,Kevin De Bruyne,4-2-3-1,,Andy Madley,Match Report,21,8,13.9,0,0,0,Manchester City,2023,October,10,Early season,False,False,3,1.6
2022-10-16,16:30,Premier League,Matchweek 11,Sun,Away,L,0,1,Liverpool,1.0,2.1,63,53286.0,İlkay Gündoğan,,4-2-3-1,Anthony Taylor,Match Report,16,6,18.4,0,0,0,Manchester City,2023,October,11,Early season,False,False,0,-1.0
2022-10-22,15:00,Premier League,Matchweek 13,Sat,Home,W,3,1,Brighton And Hove Albion,1.6,0.5,48,53223.0,Kevin De Bruyne,,3-4-1-2,Craig Pawson,Match Report,9,3,15.0,0,1,1,Manchester City,2023,October,13,Early season,False,False,3,1.4
2022-10-29,12:30,Premier League,Matchweek 14,Sat,Away,W,1,0,Leicester City,1.0,0.7,64,32223.0,İlkay Gündoğan,,,Robert Jones,Match Report,15,5,20.8,1,0,0,Manchester City,2023,October,14,Mid season,False,False,3,0.0
2022-11-05,15:00,Premier League,Matchweek 15,Sat,Home,W,2,1,Fulham,2.1,1.0,70,52395.0,İlkay Gündoğan,,4-2-3-1,Darren England,Match Report,15,4,18.1,1,1,1,Manchester City,2023,November,15,Mid season,False,False,3,-0.1
2022-11-12,12:30,Premier League,Matchweek 16,Sat,Home,L,1,2,Brentford,1.6,1.3,74,52786.0,İlkay Gündoğan,,,Peter Bankes,Match Report,29,6,20.9,0,0,0,Manchester City,2023,November,16,Mid season,False,False,0,-0.6
2022-12-28,20:00,Premier League,Matchweek 17,Wed,Away,W,3,1,Leeds United,4.3,0.6,69,36889.0,İlkay Gündoğan,,,Stuart Attwell,Match Report,26,9,16.0,0,0,0,Manchester City,2023,December,17,Mid season,False,False,3,-1.3
2022-12-31,15:00,Premier League,Matchweek 18,Sat,Home,D,1,1,Everton,1.7,0.1,74,53444.0,Kevin De Bruyne,,,Andy Madley,Match Report,16,3,15.4,0,0,0,Manchester City,2023,December,18,Mid season,False,False,1,-0.7
2023-01-05,20:00,Premier League,Matchweek 19,Thu,Away,W,1,0,Chelsea,2.0,0.4,52,39998.0,İlkay Gündoğan,3-2-4-1,4-2-3-1,Paul Tierney,Match Report,12,3,16.0,0,0,0,Manchester City,2023,January,19,Mid season,False,False,3,-1.0
2023-01-14,12:30,Premier League,Matchweek 20,Sat,Away,L,1,2,Manchester United,0.6,1.7,70,75546.0,Kevin De Bruyne,,4-2-3-1,Stuart Attwell,Match Report,5,1,19.2,0,0,0,Manchester City,2023,January,20,Mid season,False,False,0,0.4
2023-01-19,20:00,Premier League,Matchweek 7,Thu,Home,W,4,2,Tottenham Hotspur,2.3,0.8,58,53088.0,İlkay Gündoğan,4-2-3-1,,Simon Hooper,Match Report,16,6,16.3,1,0,0,Manchester City,2023,January,7,Early season,False,False,3,1.7
2023-01-22,14:00,Premier League,Matchweek 21,Sun,Home,W,3,0,Wolverhampton Wanderers,2.8,0.8,55,53282.0,İlkay Gündoğan,3-2-4-1,,David Coote,Match Report,12,5,14.8,0,1,1,Manchester City,2023,January,21,Mid season,False,False,3,0.2
2023-02-05,16:30,Premier League,Matchweek 22,Sun,Away,L,0,1,Tottenham Hotspur,1.3,1.4,64,61747.0,Kyle Walker,,,Andy Madley,Match Report,15,5,17.7,1,0,0,Manchester City,2023,February,22,Mid season,False,False,0,-1.3
2023-02-12,16:30,Premier League,Matchweek 23,Sun,Home,W,3,1,Aston Villa,3.3,0.3,67,53392.0,İlkay Gündoğan,3-2-4-1,,Robert Jones,Match Report,16,7,15.4,1,1,1,Manchester City,2023,February,23,Mid season,False,False,3,-0.3
2023-02-15,19:30,Premier League,Matchweek 12,Wed,Away,W,3,1,Arsenal,1.8,1.6,37,60276.0,İlkay Gündoğan,4-1-4-1,,Anthony Taylor,Match Report,9,5,12.1,0,0,0,Manchester City,2023,February,12,Early season,False,False,3,1.2
2023-02-18,15:00,Premier League,Matchweek 24,Sat,Away,D,1,1,Nottingham Forest,2.4,0.9,73,29365.0,İlkay Gündoğan,3-2-4-1,4-3-2-1,Graham Scott,Match Report,23,6,18.0,2,0,0,Manchester City,2023,February,24,Mid season,False,False,1,-1.4
2023-02-25,17:30,Premier League,Matchweek 25,Sat,Away,W,4,1,Bournemouth,2.4,1.0,66,10481.0,İlkay Gündoğan,3-2-4-1,,Paul Tierney,Match Report,20,5,15.3,1,0,0,Manchester City,2023,February,25,Mid season,False,False,3,1.6
2023-03-04,12:30,Premier League,Matchweek 26,Sat,Home,W,2,0,Newcastle United,1.3,0.4,56,53419.0,İlkay Gündoğan,4-2-3-1,,Simon Hooper,Match Report,11,3,15.8,2,0,0,Manchester City,2023,March,26,Late season,False,False,3,0.7
2023-03-11,17:30,Premier League,Matchweek 27,Sat,Away,W,1,0,Crystal Palace,2.1,0.2,67,25844.0,İlkay Gündoğan,4-2-3-1,,Robert Jones,Match Report,13,3,19.0,1,1,1,Manchester City,2023,March,27,Late season,False,False,3,-1.1
2023-04-01,12:30,Premier League,Matchweek 29,Sat,Home,W,4,1,Liverpool,2.9,0.3,68,52877.0,İlkay Gündoğan,3-2-4-1,,Simon Hooper,Match Report,17,8,14.5,1,0,0,Manchester City,2023,April,29,Late season,False,False,3,1.1
2023-04-08,17:30,Premier League,Matchweek 30,Sat,Away,W,4,1,Southampton,2.9,0.4,73,30963.0,İlkay Gündoğan,3-2-4-1,,Robert Jones,Match Report,12,7,13.2,0,1,1,Manchester City,2023,April,30,Late season,False,False,3,1.1
2023-04-15,17:30,Premier League,Matchweek 31,Sat,Home,W,3,1,Leicester City,1.6,2.3,70,53329.0,Kevin De Bruyne,3-2-4-1,,Darren England,Match Report,11,3,17.8,0,1,1,Manchester City,2023,April,31,Late season,False,False,3,1.4
2023-04-26,20:00,Premier League,Matchweek 33,Wed,Home,W,4,1,Arsenal,2.5,0.5,52,53482.0,İlkay Gündoğan,,,Michael Oliver,Match Report,14,9,15.9,0,0,0,Manchester City,2023,April,33,Late season,False,False,3,1.5
2023-04-30,14:00,Premier League,Matchweek 34,Sun,Away,W,2,1,Fulham,2.5,0.2,62,24498.0,İlkay Gündoğan,3-2-4-1,4-2-3-1,Simon Hooper,Match Report,11,8,14.1,0,1,1,Manchester City,2023,April,34,Late season,False,False,3,-0.5
2023-05-03,20:00,Premier League,Matchweek 28,Wed,Home,W,3,0,West Ham United,2.3,0.4,69,53305.0,Kyle Walker,3-2-4-1,4-2-3-1,John Brooks,Match Report,16,7,16.3,0,0,0,Manchester City,2023,May,28,Late season,False,False,3,0.7
2023-05-06,15:00,Premier League,Matchweek 35,Sat,Home,W,2,1,Leeds United,2.6,0.2,80,53406.0,İlkay Gündoğan,3-2-4-1,4-2-3-1,Andy Madley,Match Report,17,6,18.7,2,0,1,Manchester City,2023,May,35,Late season,False,False,3,-0.6
2023-05-14,14:00,Premier League,Matchweek 36,Sun,Away,W,3,0,Everton,0.8,1.6,63,39376.0,İlkay Gündoğan,4-2-3-1,4-2-3-1,Anthony Taylor,Match Report,9,4,19.3,2,0,0,Manchester City,2023,May,36,Late season,False,False,3,2.2
2023-05-21,16:00,Premier League,Matchweek 37,Sun,Home,W,1,0,Chelsea,1.2,1.2,64,53490.0,Kyle Walker,3-4-3◆,3-4-1-2,Michael Oliver,Match Report,15,2,18.8,0,0,0,Manchester City,2023,May,37,Late season,False,False,3,-0.2
2023-05-24,20:00,Premier League,Matchweek 32,Wed,Away,D,1,1,Brighton And Hove Albion,1.8,2.2,60,31388.0,İlkay Gündoğan,,4-2-3-1,Simon Hooper,Match Report,13,4,13.9,0,0,0,Manchester City,2023,May,32,Late season,False,False,1,-0.8
2023-05-28,16:30,Premier League,Matchweek 38,Sun,Away,L,0,1,Brentford,1.6,1.3,65,17120.0,Kyle Walker,3-2-4-1,,John Brooks,Match Report,17,2,16.8,0,0,0,Manchester City,2023,May,38,Late season,False,False,0,-1.6
2023-08-11,20:00,Premier League,Matchweek 1,Fri,Away,W,3,0,Burnley,1.9,0.3,65,21572.0,Kevin De Bruyne,4-2-3-1,,Craig Pawson,Match Report,17,8,13.9,0,0,0,Manchester City,2024,August,1,Early season,False,False,3,1.1
2023-08-19,20:00,Premier League,Matchweek 2,Sat,Home,W,1,0,Newcastle United,1.0,0.3,59,53419.0,Kyle Walker,4-2-3-1,,Robert Jones,Match Report,14,4,17.9,0,0,0,Manchester City,2024,August,2,Early season,False,False,3,0.0
2023-08-27,14:00,Premier League,Matchweek 3,Sun,Away,W,2,1,Sheffield United,3.5,0.7,79,31336.0,Kyle Walker,4-2-3-1,,Jarred Gillett,Match Report,29,9,17.3,2,0,1,Manchester City,2024,August,3,Early season,False,False,3,-1.5
2023-09-02,15:00,Premier League,Matchweek 4,Sat,Home,W,5,1,Fulham,2.2,1.4,68,52899.0,Kyle Walker,4-2-3-1,,Michael Oliver,Match Report,6,4,14.8,0,1,1,Manchester City,2024,September,4,Early season,False,False,3,2.8
2023-09-16,15:00,Premier League,Matchweek 5,Sat,Away,W,3,1,West Ham United,3.6,0.9,68,62475.0,Kyle Walker,4-2-3-1,4-2-3-1,Andy Madley,Match Report,29,13,16.4,1,0,0,Manchester City,2024,September,5,Early season,False,False,3,-0.6
2023-09-23,15:00,Premier League,Matchweek 6,Sat,Home,W,2,0,Nottingham Forest,1.3,1.0,57,53413.0,Kyle Walker,4-2-3-1,,Anthony Taylor,Match Report,7,4,17.2,2,0,0,Manchester City,2024,September,6,Early season,False,False,3,0.7
2023-09-30,15:00,Premier League,Matchweek 7,Sat,Away,L,1,2,Wolverhampton Wanderers,0.9,0.4,68,31415.0,Kyle Walker,4-2-3-1,,Craig Pawson,Match Report,23,8,19.3,1,0,0,Manchester City,2024,September,7,Early season,False,False,0,0.1
2023-10-08,16:30,Premier League,Matchweek 8,Sun,Away,L,0,1,Arsenal,0.5,0.4,51,60233.0,Kyle Walker,,,Michael Oliver,Match Report,4,0,14.9,0,0,0,Manchester City,2024,October,8,Early season,False,False,0,-0.5
2023-10-21,15:00,Premier League,Matchweek 9,Sat,Home,W,2,1,Brighton And Hove Albion,0.8,0.8,55,53466.0,Kyle Walker,3-2-4-1,4-2-3-1,Robert Jones,Match Report,10,5,18.8,1,0,0,Manchester City,2024,October,9,Early season,False,False,3,1.2
2023-10-29,15:30,Premier League,Matchweek 10,Sun,Away,W,3,0,Manchester United,4.0,0.9,60,73502.0,Kyle Walker,4-2-3-1,4-2-3-1,Paul Tierney,Match Report,20,9,17.2,2,1,1,Manchester City,2024,October,10,Early season,False,False,3,-1.0
2023-11-04,15:00,Premier League,Matchweek 11,Sat,Home,W,6,1,Bournemouth,1.9,0.9,65,53358.0,Kyle Walker,,,Craig Pawson,Match Report,21,8,16.4,0,0,0,Manchester City,2024,November,11,Early season,False,False,3,4.1
2023-11-12,16:30,Premier League,Matchweek 12,Sun,Away,D,4,4,Chelsea,2.9,2.9,55,39532.0,Kyle Walker,3-2-4-1,4-2-3-1,Anthony Taylor,Match Report,14,9,16.6,1,1,1,Manchester City,2024,November,12,Early season,False,False,1,1.1
2023-11-25,12:30,Premier League,Matchweek 13,Sat,Home,D,1,1,Liverpool,1.3,0.6,59,53289.0,Kyle Walker,3-2-4-1,,Chris Kavanagh,Match Report,16,5,16.3,1,0,0,Manchester City,2024,November,13,Early season,False,False,1,-0.3
2023-12-03,16:30,Premier League,Matchweek 14,Sun,Home,D,3,3,Tottenham Hotspur,2.6,0.5,55,53473.0,Kyle Walker,3-2-4-1,4-2-3-1,Simon Hooper,Match Report,17,4,13.4,0,0,0,Manchester City,2024,December,14,Mid season,False,False,1,0.4
2023-12-06,20:15,Premier League,Matchweek 15,Wed,Away,L,0,1,Aston Villa,0.6,2.3,54,41421.0,Kyle Walker,3-2-4-1,4-4-1-1,John Brooks,Match Report,2,2,7.4,0,0,0,Manchester City,2024,December,15,Mid season,False,False,0,-0.6
2023-12-10,14:00,Premier League,Matchweek 16,Sun,Away,W,2,1,Luton Town,1.6,0.3,65,11047.0,Kyle Walker,4-2-3-1,,Tim Robinson,Match Report,18,6,18.7,1,0,0,Manchester City,2024,December,16,Mid season,False,False,3,0.4
2023-12-16,15:00,Premier League,Matchweek 17,Sat,Home,D,2,2,Crystal Palace,1.6,1.8,74,53248.0,Kyle Walker,4-2-3-1,,Paul Tierney,Match Report,19,9,18.2,0,0,0,Manchester City,2024,December,17,Mid season,False,False,1,0.4
2023-12-27,20:15,Premier League,Matchweek 19,Wed,Away,W,3,1,Everton,2.4,1.0,72,39327.0,Kyle Walker,4-2-3-1,4-2-3-1,John Brooks,Match Report,22,8,19.5,1,1,1,Manchester City,2024,December,19,Mid season,False,False,3,0.6
2023-12-30,15:00,Premier League,Matchweek 20,Sat,Home,W,2,0,Sheffield United,2.2,0.3,80,53108.0,Kyle Walker,4-2-3-1,,David Coote,Match Report,18,4,17.4,0,0,0,Manchester City,2024,December,20,Mid season,False,False,3,-0.2
2024-01-13,17:30,Premier League,Matchweek 21,Sat,Away,W,3,2,Newcastle United,3.0,1.3,72,52190.0,Kyle Walker,4-2-3-1,,Chris Kavanagh,Match Report,27,11,19.3,2,0,0,Manchester City,2024,January,21,Mid season,False,False,3,0.0
2024-01-31,19:30,Premier League,Matchweek 22,Wed,Home,W,3,1,Burnley,1.7,1.4,74,52143.0,Kevin De Bruyne,4-2-3-1,,Samuel Barrott,Match Report,14,4,15.8,1,0,0,Manchester City,2024,January,22,Mid season,False,False,3,1.3
2024-02-05,20:00,Premier League,Matchweek 23,Mon,Away,W,3,1,Brentford,2.1,1.0,72,17096.0,Kyle Walker,4-1-4-1,,Jarred Gillett,Match Report,25,15,19.2,0,0,0,Manchester City,2024,February,23,Mid season,False,False,3,0.9
2024-02-10,12:30,Premier League,Matchweek 24,Sat,Home,W,2,0,Everton,1.6,0.3,72,52187.0,Rúben Dias,4-1-4-1,4-2-3-1,John Brooks,Match Report,19,3,17.4,0,0,0,Manchester City,2024,February,24,Mid season,False,False,3,0.4
2024-02-17,17:30,Premier League,Matchweek 25,Sat,Home,D,1,1,Chelsea,2.6,1.4,70,52178.0,Kyle Walker,4-1-4-1,4-2-3-1,Andy Madley,Match Report,31,5,15.9,1,0,0,Manchester City,2024,February,25,Mid season,False,False,1,-1.6
2024-02-20,19:30,Premier League,Matchweek 18,Tue,Home,W,1,0,Brentford,2.3,0.4,70,52247.0,Kyle Walker,4-2-3-1,,Darren England,Match Report,25,10,17.6,0,0,0,Manchester City,2024,February,18,Mid season,False,False,3,-1.3
2024-02-24,17:30,Premier League,Matchweek 26,Sat,Away,W,1,0,Bournemouth,1.6,0.9,62,11184.0,Rúben Dias,3-2-4-1,4-2-3-1,Jarred Gillett,Match Report,15,6,15.5,1,0,0,Manchester City,2024,February,26,Late season,False,False,3,-0.6
2024-03-03,15:30,Premier League,Matchweek 27,Sun,Home,W,3,1,Manchester United,3.3,0.2,73,53514.0,Kyle Walker,3-2-4-1,4-2-4-0,Andy Madley,Match Report,27,8,17.7,1,0,0,Manchester City,2024,March,27,Late season,False,False,3,-0.3
2024-03-10,15:45,Premier League,Matchweek 28,Sun,Away,D,1,1,Liverpool,1.6,2.7,47,59947.0,Kyle Walker,3-2-4-1,,Michael Oliver,Match Report,10,6,18.6,0,0,0,Manchester City,2024,March,28,Late season,False,False,1,-0.6
2024-03-31,16:30,Premier League,Matchweek 30,Sun,Home,D,0,0,Arsenal,1.0,0.7,72,52178.0,Kevin De Bruyne,4-1-4-1,,Anthony Taylor,Match Report,12,1,14.2,0,0,0,Manchester City,2024,March,30,Late season,False,False,1,-1.0
2024-04-03,20:15,Premier League,Matchweek 31,Wed,Home,W,4,1,Aston Villa,3.4,0.8,67,53422.0,Rúben Dias,4-2-3-1,4-2-3-1,Darren England,Match Report,25,11,15.9,2,0,0,Manchester City,2024,April,31,Late season,False,False,3,0.6
2024-04-06,12:30,Premier League,Matchweek 32,Sat,Away,W,4,2,Crystal Palace,1.9,1.1,75,25132.0,Kevin De Bruyne,3-2-4-1,,Paul Tierney,Match Report,18,8,16.1,0,0,0,Manchester City,2024,April,32,Late season,False,False,3,2.1
2024-04-13,15:00,Premier League,Matchweek 33,Sat,Home,W,5,1,Luton Town,4.2,0.5,73,52149.0,Kevin De Bruyne,4-2-3-1,,John Brooks,Match Report,36,12,16.9,0,1,1,Manchester City,2024,April,33,Late season,False,False,3,0.8
2024-04-25,20:00,Premier League,Matchweek 29,Thu,Away,W,4,0,Brighton And Hove Albion,1.4,0.6,64,31596.0,Kyle Walker,4-1-4-1,4-2-3-1,Jarred Gillett,Match Report,14,6,17.0,1,0,0,Manchester City,2024,April,29,Late season,False,False,3,2.6
2024-04-28,16:30,Premier League,Matchweek 35,Sun,Away,W,2,0,Nottingham Forest,0.9,1.9,66,29677.0,Kyle Walker,4-1-4-1,,Simon Hooper,Match Report,11,5,18.7,1,0,0,Manchester City,2024,April,35,Late season,False,False,3,1.1
2024-05-04,17:30,Premier League,Matchweek 36,Sat,Home,W,5,1,Wolverhampton Wanderers,3.7,0.3,58,52439.0,Kyle Walker,4-2-3-1,,Craig Pawson,Match Report,18,10,15.3,0,2,2,Manchester City,2024,May,36,Late season,False,False,3,1.3
2024-05-11,12:30,Premier League,Matchweek 37,Sat,Away,W,4,0,Fulham,3.2,0.1,64,24418.0,Kevin De Bruyne,4-2-3-1,4-2-3-1,Anthony Taylor,Match Report,15,8,17.6,0,1,1,Manchester City,2024,May,37,Late season,False,False,3,0.8
2024-05-14,20:00,Premier League,Matchweek 34,Tue,Away,W,2,0,Tottenham Hotspur,2.4,1.7,47,61065.0,Kyle Walker,4-2-3-1,4-3-1-2,Chris Kavanagh,Match Report,7,4,14.5,0,1,1,Manchester City,2024,May,34,Late season,False,False,3,-0.4
2024-05-19,16:00,Premier League,Matchweek 38,Sun,Home,W,3,1,West Ham United,1.9,0.4,71,55097.0,Kyle Walker,4-1-4-1,,John Brooks,Match Report,28,12,17.9,2,0,0,Manchester City,2024,May,38,Late season,False,False,3,1.1
2024-08-18,16:30,Premier League,Matchweek 1,Sun,Away,W,2,0,Chelsea,0.8,1.0,52,39818.0,Kevin De Bruyne,3-2-4-1,4-2-3-1,Anthony Taylor,Match Report,11,5,19.1,0,0,0,Manchester City,2025,August,1,Early season,False,False,3,1.2
2024-08-24,15:00,Premier League,Matchweek 2,Sat,Home,W,4,1,Ipswich Town,3.3,0.3,75,53147.0,Kevin De Bruyne,3-2-4-1,,Samuel Allison,Match Report,13,4,17.8,1,1,1,Manchester City,2025,August,2,Early season,False,False,3,0.7
2024-08-31,17:30,Premier League,Matchweek 3,Sat,Away,W,3,1,West Ham United,3.0,0.7,67,62469.0,Kevin De Bruyne,3-2-4-1,4-2-3-1,Michael Oliver,Match Report,23,8,15.0,1,0,0,Manchester City,2025,August,3,Early season,False,False,3,0.0
2024-09-14,15:00,Premier League,Matchweek 4,Sat,Home,W,2,1,Brentford,2.1,1.0,54,52148.0,Kyle Walker,4-2-3-1,,Darren Bond,Match Report,18,7,17.2,0,0,0,Manchester City,2025,September,4,Early season,False,False,3,-0.1
2024-09-22,16:30,Premier League,Matchweek 5,Sun,Home,D,2,2,Arsenal,2.1,0.7,77,52846.0,Kyle Walker,,,Michael Oliver,Match Report,33,11,20.2,1,0,0,Manchester City,2025,September,5,Early season,False,False,1,-0.1
2024-09-28,12:30,Premier League,Matchweek 6,Sat,Away,D,1,1,Newcastle United,0.9,1.6,62,52248.0,Kyle Walker,4-2-3-1,,Jarred Gillett,Match Report,16,6,17.6,0,0,0,Manchester City,2025,September,6,Early season,False,False,1,0.1
2024-10-05,15:00,Premier League,Matchweek 7,Sat,Home,W,3,2,Fulham,1.6,2.6,58,53017.0,Rúben Dias,4-1-4-1,,Peter Bankes,Match Report,20,7,17.6,1,0,0,Manchester City,2025,October,7,Early season,False,False,3,1.4
2024-10-20,14:00,Premier League,Matchweek 8,Sun,Away,W,2,1,Wolverhampton Wanderers,1.6,0.8,77,31319.0,Rúben Dias,4-1-4-1,,Chris Kavanagh,Match Report,22,7,18.3,2,0,0,Manchester City,2025,October,8,Early season,False,False,3,0.4
2024-10-26,15:00,Premier League,Matchweek 9,Sat,Home,W,1,0,Southampton,2.9,0.2,57,52844.0,Rúben Dias,4-1-4-1,,Tony Harrington,Match Report,22,7,16.6,0,0,0,Manchester City,2025,October,9,Early season,False,False,3,-1.9
2024-11-02,15:00,Premier League,Matchweek 10,Sat,Away,L,1,2,Bournemouth,1.6,2.0,64,11231.0,Kyle Walker,4-1-4-1,4-2-3-1,Michael Oliver,Match Report,18,4,14.5,0,0,0,Manchester City,2025,November,10,Early season,False,False,0,-0.6
2024-11-09,17:30,Premier League,Matchweek 11,Sat,Away,L,1,2,Brighton And Hove Albion,2.1,2.3,60,31715.0,Kyle Walker,4-1-4-1,,Samuel Barrott,Match Report,15,6,14.1,0,0,0,Manchester City,2025,November,11,Early season,False,False,0,-1.1
2024-11-23,17:30,Premier League,Matchweek 12,Sat,Home,L,0,4,Tottenham Hotspur,2.1,2.5,58,52478.0,Kyle Walker,,,John Brooks,Match Report,23,5,14.4,0,0,0,Manchester City,2025,November,12,Early season,False,False,0,-2.1
2024-12-01,16:00,Premier League,Matchweek 13,Sun,Away,L,0,2,Liverpool,0.8,3.4,56,60248.0,Kyle Walker,4-2-3-1,4-2-3-1,Chris Kavanagh,Match Report,8,2,16.2,0,0,0,Manchester City,2025,December,13,Early season,False,False,0,-0.8
2024-12-04,19:30,Premier League,Matchweek 14,Wed,Home,W,3,0,Nottingham Forest,2.4,1.0,66,51764.0,Kevin De Bruyne,4-2-3-1,4-2-3-1,Michael Oliver,Match Report,17,6,15.2,1,0,0,Manchester City,2025,December,14,Mid season,False,False,3,0.6
2024-12-07,15:00,Premier League,Matchweek 15,Sat,Away,D,2,2,Crystal Palace,1.4,1.3,68,25142.0,Kyle Walker,4-2-3-1,,Robert Jones,Match Report,12,4,15.1,0,0,0,Manchester City,2025,December,15,Mid season,False,False,1,0.6
2024-12-15,16:30,Premier League,Matchweek 16,Sun,Home,L,1,2,Manchester United,0.9,2.1,52,53184.0,Kyle Walker,4-1-4-1,,Anthony Taylor,Match Report,10,3,18.7,0,0,0,Manchester City,2025,December,16,Mid season,False,False,0,0.1
2024-12-21,12:30,Premier League,Matchweek 17,Sat,Away,L,1,2,Aston Villa,1.0,1.6,56,42345.0,Bernardo Silva,4-2-3-1,4-2-3-1,Peter Bankes,Match Report,12,6,18.4,0,0,0,Manchester City,2025,December,17,Mid season,False,False,0,0.0
2024-12-26,12:30,Premier League,Matchweek 18,Thu,Home,D,1,1,Everton,2.1,0.7,66,55527.0,Bernardo Silva,4-1-4-1,,Simon Hooper,Match Report,23,4,17.2,1,0,1,Manchester City,2025,December,18,Mid season,False,False,1,-1.1
2024-12-29,14:30,Premier League,Matchweek 19,Sun,Away,W,2,0,Leicester City,1.3,1.3,47,32057.0,Kevin De Bruyne,4-1-4-1,4-2-3-1,Michael Oliver,Match Report,14,5,18.3,1,0,0,Manchester City,2025,December,19,Mid season,False,False,3,0.7
2025-01-04,15:00,Premier League,Matchweek 20,Sat,Home,W,4,1,West Ham United,1.9,1.4,56,52737.0,Kevin De Bruyne,4-1-4-1,4-2-3-1,Michael Salisbury,Match Report,10,7,16.6,0,0,0,Manchester City,2025,January,20,Mid season,False,False,3,2.1
2025-01-14,19:30,Premier League,Matchweek 21,Tue,Away,D,2,2,Brentford,2.2,2.5,55,17048.0,Kevin De Bruyne,4-2-3-1,,Anthony Taylor,Match Report,21,8,15.1,0,0,0,Manchester City,2025,January,21,Mid season,False,False,1,-0.2
2025-01-19,16:30,Premier League,Matchweek 22,Sun,Away,W,6,0,Ipswich Town,3.0,0.5,67,29841.0,Kevin De Bruyne,4-2-3-1,,Samuel Barrott,Match Report,17,9,14.9,0,0,0,Manchester City,2025,January,22,Mid season,False,False,3,3.0
2025-01-25,17:30,Premier League,Matchweek 23,Sat,Home,W,3,1,Chelsea,2.2,1.8,56,52687.0,Bernardo Silva,,4-2-3-1,John Brooks,Match Report,15,6,17.1,1,0,0,Manchester City,2025,January,23,Mid season,False,False,3,0.8
2025-02-02,16:30,Premier League,Matchweek 24,Sun,Away,L,1,5,Arsenal,0.8,1.0,54,60355.0,Bernardo Silva,4-2-3-1,,Peter Bankes,Match Report,7,4,12.6,0,0,0,Manchester City,2025,February,24,Mid season,False,False,0,0.2
2025-02-15,15:00,Premier League,Matchweek 25,Sat,Home,W,4,0,Newcastle United,1.9,0.5,61,52479.0,Erling Haaland,4-2-3-1,,Andy Madley,Match Report,11,7,15.2,0,0,0,Manchester City,2025,February,25,Mid season,False,False,3,2.1
2025-02-23,16:30,Premier League,Matchweek 26,Sun,Home,L,0,2,Liverpool,0.6,0.7,66,52803.0,Kevin De Bruyne,4-1-4-1,4-2-2-2,Anthony Taylor,Match Report,16,5,21.4,1,0,0,Manchester City,2025,February,26,Late season,False,False,0,-0.6
2025-02-26,19:30,Premier League,Matchweek 27,Wed,Away,W,1,0,Tottenham Hotspur,2.1,1.3,45,60820.0,Rúben Dias,4-2-3-1,,Jarred Gillett,Match Report,12,5,17.2,1,0,0,Manchester City,2025,February,27,Late season,False,False,3,-1.1
2025-03-08,12:30,Premier League,Matchweek 28,Sat,Away,L,0,1,Nottingham Forest,0.9,0.7,69,30252.0,Rúben Dias,4-1-4-1,4-2-3-1,Chris Kavanagh,Match Report,14,3,20.3,1,0,0,Manchester City,2025,March,28,Late season,False,False,0,-0.9
2025-03-15,15:00,Premier League,Matchweek 29,Sat,Home,D,2,2,Brighton And Hove Albion,1.7,2.0,60,52471.0,Rúben Dias,4-2-3-1,4-2-3-1,Simon Hooper,Match Report,10,2,16.1,0,1,1,Manchester City,2025,March,29,Late season,False,False,1,0.3
2025-04-02,19:45,Premier League,Matchweek 30,Wed,Home,W,2,0,Leicester City,2.2,0.1,72,52148.0,Rúben Dias,4-2-3-1,,Darren England,Match Report,18,5,16.6,2,0,0,Manchester City,2025,April,30,Late season,False,False,3,-0.2
2025-04-06,16:30,Premier League,Matchweek 31,Sun,Away,D,0,0,Manchester United,0.5,0.9,58,73738.0,Kevin De Bruyne,4-1-2-1-2◆,,John Brooks,Match Report,9,5,21.5,1,0,0,Manchester City,2025,April,31,Late season,False,False,1,-0.5
2025-04-12,12:30,Premier League,Matchweek 32,Sat,Home,W,5,2,Crystal Palace,3.7,1.8,67,52489.0,Kevin De Bruyne,4-2-3-1,,Jarred Gillett,Match Report,21,8,15.4,1,0,0,Manchester City,2025,April,32,Late season,False,False,3,1.3
2025-04-19,15:00,Premier League,Matchweek 33,Sat,Away,W,2,0,Everton,2.0,0.9,67,39332.0,Kevin De Bruyne,4-2-3-1,4-2-3-1,Simon Hooper,Match Report,12,6,15.6,0,0,0,Manchester City,2025,April,33,Late season,False,False,3,0.0
2025-04-22,20:00,Premier League,Matchweek 34,Tue,Home,W,2,1,Aston Villa,1.3,1.8,61,51834.0,Kevin De Bruyne,4-1-4-1,4-2-3-1,Craig Pawson,Match Report,14,6,14.4,0,0,0,Manchester City,2025,April,34,Late season,False,False,3,0.7
2025-05-02,20:00,Premier League,Matchweek 35,Fri,Home,W,1,0,Wolverhampton Wanderers,0.7,0.4,63,53282.0,Kevin De Bruyne,4-2-3-1,,Peter Bankes,Match Report,9,2,20.3,0,0,0,Manchester City,2025,May,35,Late season,False,False,3,0.3
2025-05-10,15:00,Premier League,Matchweek 36,Sat,Away,D,0,0,Southampton,1.7,0.1,72,30937.0,Kevin De Bruyne,4-2-3-1,,Tim Robinson,Match Report,26,4,17.5,2,0,0,Manchester City,2025,May,36,Late season,False,False,1,-1.7
2025-05-20,20:00,Premier League,Matchweek 37,Tue,Home,W,3,1,Bournemouth,1.5,1.1,57,52487.0,Kevin De Bruyne,4-2-3-1,4-2-3-1,Thomas Bramall,Match Report,12,5,20.7,1,0,0,Manchester City,2025,May,37,Late season,False,False,3,1.5
2025-05-25,16:00,Premier League,Matchweek 38,Sun,Away,W,2,0,Fulham,3.0,1.3,53,27671.0,Rúben Dias,4-2-3-1,4-2-3-1,Andy Madley,Match Report,19,4,15.2,1,1,1,Manchester City,2025,May,38,Late season,False,False,3,-1.0
2020-09-19,17:30,Premier League,Matchweek 2,Sat,Home,L,1,3,Crystal Palace,1.2,1.6,75,,Harry Maguire,4-2-3-1,,Martin Atkinson,Match Report,17,4,20.2,1,0,0,Manchester United,2021,September,2,Early season,False,,0,-0.2
2020-09-26,12:30,Premier League,Matchweek 3,Sat,Away,W,3,2,Brighton And Hove Albion,1.5,2.5,47,,Harry Maguire,4-2-3-1,,Chris Kavanagh,Match Report,6,2,18.2,0,1,1,Manchester United,2021,September,3,Early season,False,,3,1.5
2020-10-04,16:30,Premier League,Matchweek 4,Sun,Home,L,1,6,Tottenham Hotspur,0.9,3.4,39,,Harry Maguire,4-2-3-1,,Anthony Taylor,Match Report,4,1,25.4,0,1,1,Manchester United,2021,October,4,Early season,False,,0,0.1
2020-10-17,20:00,Premier League,Matchweek 5,Sat,Away,W,4,1,Newcastle United,2.3,0.9,63,,Harry Maguire,4-2-3-1,4-1-4-1,Craig Pawson,Match Report,27,11,20.5,0,0,1,Manchester United,2021,October,5,Early season,False,,3,1.7
2020-10-24,17:30,Premier League,Matchweek 6,Sat,Home,D,0,0,Chelsea,0.6,0.2,51,,Harry Maguire,4-2-3-1,,Martin Atkinson,Match Report,14,4,17.9,0,0,0,Manchester United,2021,October,6,Early season,False,,1,-0.6
2020-11-01,16:30,Premier League,Matchweek 7,Sun,Home,L,0,1,Arsenal,0.4,1.0,54,,Harry Maguire,4-1-2-1-2◆,,Mike Dean,Match Report,8,2,19.9,0,0,0,Manchester United,2021,November,7,Early season,False,,0,-0.4
2020-11-07,12:30,Premier League,Matchweek 8,Sat,Away,W,3,1,Everton,1.5,0.4,45,,Harry Maguire,4-2-3-1,,Paul Tierney,Match Report,13,5,21.1,2,0,0,Manchester United,2021,November,8,Early season,False,,3,1.5
2020-11-21,20:00,Premier League,Matchweek 9,Sat,Home,W,1,0,West Bromwich Albion,2.4,0.6,63,,Harry Maguire,4-2-3-1,,David Coote,Match Report,16,6,18.4,1,1,1,Manchester United,2021,November,9,Early season,False,,3,-1.4
2020-11-29,14:00,Premier League,Matchweek 10,Sun,Away,W,3,2,Southampton,2.1,0.5,50,,Harry Maguire,4-3-1-2,,Jonathan Moss,Match Report,15,6,16.2,0,0,0,Manchester United,2021,November,10,Early season,False,,3,0.9
2020-12-05,17:30,Premier League,Matchweek 11,Sat,Away,W,3,1,West Ham United,1.7,2.0,60,2000.0,Harry Maguire,4-2-3-1,,Andre Marriner,Match Report,15,6,19.3,0,0,0,Manchester United,2021,December,11,Early season,False,True,3,1.3
2020-12-12,17:30,Premier League,Matchweek 12,Sat,Home,D,0,0,Manchester City,0.6,1.3,46,,Harry Maguire,4-2-3-1,4-2-3-1,Chris Kavanagh,Match Report,11,2,17.2,1,0,0,Manchester United,2021,December,12,Early season,False,,1,-0.6
2020-12-17,20:00,Premier League,Matchweek 13,Thu,Away,W,3,2,Sheffield United,1.9,1.5,60,,Harry Maguire,4-2-3-1,,Michael Oliver,Match Report,15,8,18.4,1,0,0,Manchester United,2021,December,13,Early season,False,,3,1.1
2020-12-20,16:30,Premier League,Matchweek 14,Sun,Home,W,6,2,Leeds United,3.6,1.8,41,,Harry Maguire,4-2-3-1,4-1-4-1,Anthony Taylor,Match Report,25,13,15.9,0,1,1,Manchester United,2021,December,14,Mid season,False,,3,2.4
2020-12-26,12:30,Premier League,Matchweek 15,Sat,Away,D,2,2,Leicester City,1.7,0.9,46,,Harry Maguire,4-2-3-1,4-2-3-1,Mike Dean,Match Report,9,4,12.7,0,0,0,Manchester United,2021,December,15,Mid season,False,,1,0.3
2020-12-29,20:00,Premier League,Matchweek 16,Tue,Home,W,1,0,Wolverhampton Wanderers,1.5,0.5,58,,Harry Maguire,4-2-3-1,3-4-1-2,Jonathan Moss,Match Report,11,3,17.3,0,0,0,Manchester United,2021,December,16,Mid season,False,,3,-0.5
2021-01-01,20:00,Premier League,Matchweek 17,Fri,Home,W,2,1,Aston Villa,2.1,1.4,48,,Harry Maguire,4-2-3-1,4-2-3-1,Michael Oliver,Match Report,18,8,18.5,0,1,1,Manchester United,2021,January,17,Mid season,False,,3,-0.1
2021-01-12,20:15,Premier League,Matchweek 1,Tue,Away,W,1,0,Burnley,1.2,0.9,62,,Harry Maguire,4-2-3-1,,Kevin Friend,Match Report,13,7,17.6,0,0,0,Manchester United,2021,January,1,Early season,False,,3,-0.2
2021-01-17,16:30,Premier League,Matchweek 19,Sun,Away,D,0,0,Liverpool,1.1,1.2,35,,Harry Maguire,4-2-3-1,,Paul Tierney,Match Report,8,4,17.3,2,0,0,Manchester United,2021,January,19,Mid season,False,,1,-1.1
2021-01-20,20:15,Premier League,Matchweek 18,Wed,Away,W,2,1,Fulham,1.7,0.9,62,,Harry Maguire,4-2-3-1,,Martin Atkinson,Match Report,15,5,15.5,1,0,0,Manchester United,2021,January,18,Mid season,False,,3,0.3
2021-01-27,20:15,Premier League,Matchweek 20,Wed,Home,L,1,2,Sheffield United,1.1,1.0,75,,Harry Maguire,4-2-3-1,,Peter Bankes,Match Report,16,4,18.9,2,0,0,Manchester United,2021,January,20,Mid season,False,,0,-0.1
2021-01-30,17:30,Premier League,Matchweek 21,Sat,Away,D,0,0,Arsenal,1.6,0.9,57,,Harry Maguire,4-2-3-1,4-2-3-1,Michael Oliver,Match Report,14,3,18.2,1,0,0,Manchester United,2021,January,21,Mid season,False,,1,-1.6
2021-02-02,20:15,Premier League,Matchweek 22,Tue,Home,W,9,0,Southampton,4.7,0.5,74,,Harry Maguire,4-2-3-1,,Mike Dean,Match Report,23,13,17.1,1,1,1,Manchester United,2021,February,22,Mid season,True,,3,4.3
2021-02-06,20:00,Premier League,Matchweek 23,Sat,Home,D,3,3,Everton,1.8,1.5,61,,Harry Maguire,4-2-3-1,4-3-1-2,Jonathan Moss,Match Report,14,5,15.2,1,0,0,Manchester United,2021,February,23,Mid season,False,,1,1.2
2021-02-14,14:00,Premier League,Matchweek 24,Sun,Away,D,1,1,West Bromwich Albion,0.5,1.0,73,,Harry Maguire,4-2-3-1,4-1-4-1,Craig Pawson,Match Report,10,6,19.1,0,0,0,Manchester United,2021,February,24,Mid season,False,,1,0.5
2021-02-21,19:00,Premier League,Matchweek 25,Sun,Home,W,3,1,Newcastle United,1.7,0.4,71,,Harry Maguire,4-2-3-1,4-3-1-2,Paul Tierney,Match Report,14,6,19.1,0,1,1,Manchester United,2021,February,25,Mid season,False,,3,1.3
2021-02-28,16:30,Premier League,Matchweek 26,Sun,Away,D,0,0,Chelsea,0.4,1.1,43,,Harry Maguire,4-2-3-1,,Stuart Attwell,Match Report,11,4,25.2,1,0,0,Manchester United,2021,February,26,Late season,False,,1,-0.4
2021-03-03,20:15,Premier League,Matchweek 29,Wed,Away,D,0,0,Crystal Palace,0.9,0.9,63,,Harry Maguire,4-2-3-1,,Andre Marriner,Match Report,11,1,18.4,0,0,0,Manchester United,2021,March,29,Late season,False,,1,-0.9
2021-03-07,16:30,Premier League,Matchweek 27,Sun,Away,W,2,0,Manchester City,1.7,1.3,34,,Harry Maguire,4-2-3-1,4-2-3-1,Anthony Taylor,Match Report,7,5,17.5,0,1,1,Manchester United,2021,March,27,Late season,False,,3,0.3
2021-03-14,19:15,Premier League,Matchweek 28,Sun,Home,W,1,0,West Ham United,1.5,0.6,61,,Harry Maguire,4-2-3-1,3-1-4-2,Martin Atkinson,Match Report,15,4,18.0,0,0,0,Manchester United,2021,March,28,Late season,False,,3,-0.5
2021-04-04,19:30,Premier League,Matchweek 30,Sun,Home,W,2,1,Brighton And Hove Albion,1.5,1.2,57,,Harry Maguire,4-2-3-1,3-4-1-2,Mike Dean,Match Report,15,7,18.4,0,0,0,Manchester United,2021,April,30,Late season,False,,3,0.5
2021-04-11,16:30,Premier League,Matchweek 31,Sun,Away,W,3,1,Tottenham Hotspur,2.1,0.9,53,,Harry Maguire,4-2-3-1,,Chris Kavanagh,Match Report,12,7,15.0,0,0,0,Manchester United,2021,April,31,Late season,False,,3,0.9
2021-04-18,16:00,Premier League,Matchweek 32,Sun,Home,W,3,1,Burnley,2.5,0.9,69,,Harry Maguire,4-2-3-1,4-4-1-1,Jonathan Moss,Match Report,17,8,12.9,0,0,0,Manchester United,2021,April,32,Late season,False,,3,0.5
2021-04-25,14:00,Premier League,Matchweek 33,Sun,Away,D,0,0,Leeds United,1.2,0.3,56,,Harry Maguire,4-2-3-1,4-1-4-1,Craig Pawson,Match Report,16,4,18.4,3,0,0,Manchester United,2021,April,33,Late season,False,,1,-1.2
2021-05-09,14:05,Premier League,Matchweek 35,Sun,Away,W,3,1,Aston Villa,1.7,0.5,59,,Harry Maguire,4-2-3-1,4-2-3-1,Chris Kavanagh,Match Report,17,6,21.5,0,1,1,Manchester United,2021,May,35,Late season,False,,3,1.3
2021-05-11,18:00,Premier League,Matchweek 36,Tue,Home,L,1,2,Leicester City,0.2,0.9,53,,Nemanja Matić,4-2-3-1,,Craig Pawson,Match Report,4,1,12.3,0,0,0,Manchester United,2021,May,36,Late season,False,,0,0.8
2021-05-13,20:15,Premier League,Matchweek 34,Thu,Home,L,2,4,Liverpool,1.9,2.7,53,,Bruno Fernandes,4-2-3-1,,Anthony Taylor,Match Report,18,2,15.5,1,0,0,Manchester United,2021,May,34,Late season,False,,0,0.1
2021-05-18,18:00,Premier League,Matchweek 37,Tue,Home,D,1,1,Fulham,0.9,0.9,57,10000.0,Bruno Fernandes,4-2-3-1,,Lee Mason,Match Report,13,6,21.7,2,0,0,Manchester United,2021,May,37,Late season,False,False,1,0.1
2021-05-23,16:00,Premier League,Matchweek 38,Sun,Away,W,2,1,Wolverhampton Wanderers,2.0,0.9,43,4500.0,Nemanja Matić,4-2-3-1,,Mike Dean,Match Report,8,3,18.6,0,1,1,Manchester United,2021,May,38,Late season,False,True,3,0.0
2021-08-14,12:30,Premier League,Matchweek 1,Sat,Home,W,5,1,Leeds United,1.5,0.5,49,72732.0,Harry Maguire,4-2-3-1,4-1-4-1,Paul Tierney,Match Report,16,8,18.2,0,0,0,Manchester United,2022,August,1,Early season,False,False,3,3.5
2021-08-22,14:00,Premier League,Matchweek 2,Sun,Away,D,1,1,Southampton,1.8,0.7,63,32000.0,Harry Maguire,4-2-3-1,,Craig Pawson,Match Report,15,3,15.1,1,0,0,Manchester United,2022,August,2,Early season,False,False,1,-0.8
2021-08-29,16:30,Premier League,Matchweek 3,Sun,Away,W,1,0,Wolverhampton Wanderers,0.6,2.1,56,30621.0,Harry Maguire,4-2-3-1,,Mike Dean,Match Report,10,3,18.8,1,0,0,Manchester United,2022,August,3,Early season,False,False,3,0.4
2021-09-11,15:00,Premier League,Matchweek 4,Sat,Home,W,4,1,Newcastle United,2.5,0.4,63,72732.0,Harry Maguire,4-2-3-1,,Anthony Taylor,Match Report,21,6,20.5,0,0,0,Manchester United,2022,September,4,Early season,False,False,3,1.5
2021-09-19,14:00,Premier League,Matchweek 5,Sun,Away,W,2,1,West Ham United,2.0,1.6,60,60000.0,Harry Maguire,4-2-3-1,,Martin Atkinson,Match Report,17,10,17.1,0,0,0,Manchester United,2022,September,5,Early season,False,False,3,0.0
2021-09-25,12:30,Premier League,Matchweek 6,Sat,Home,L,0,1,Aston Villa,2.2,1.0,59,72922.0,Harry Maguire,4-2-3-1,,Mike Dean,Match Report,27,4,19.7,2,0,1,Manchester United,2022,September,6,Early season,False,False,0,-2.2
2021-10-02,12:30,Premier League,Matchweek 7,Sat,Home,D,1,1,Everton,1.0,1.3,72,73128.0,Bruno Fernandes,4-2-3-1,4-4-1-1,Michael Oliver,Match Report,13,6,15.1,0,0,0,Manchester United,2022,October,7,Early season,False,False,1,0.0
2021-10-16,15:00,Premier League,Matchweek 8,Sat,Away,L,2,4,Leicester City,1.2,2.4,51,32219.0,Harry Maguire,4-2-3-1,3-4-1-2,Craig Pawson,Match Report,18,6,21.0,0,0,0,Manchester United,2022,October,8,Early season,False,False,0,0.8
2021-10-24,16:30,Premier League,Matchweek 9,Sun,Home,L,0,5,Liverpool,1.6,3.4,38,73088.0,Harry Maguire,4-2-3-1,,Anthony Taylor,Match Report,12,3,15.5,0,0,0,Manchester United,2022,October,9,Early season,False,False,0,-1.6
2021-10-30,17:30,Premier League,Matchweek 10,Sat,Away,W,3,0,Tottenham Hotspur,1.5,1.0,42,60356.0,Harry Maguire,,4-2-3-1,Stuart Attwell,Match Report,10,4,17.9,0,0,0,Manchester United,2022,October,10,Early season,False,False,3,1.5
2021-11-06,12:30,Premier League,Matchweek 11,Sat,Home,L,0,2,Manchester City,0.9,1.6,33,73086.0,Harry Maguire,,,Michael Oliver,Match Report,5,1,17.3,0,0,0,Manchester United,2022,November,11,Early season,False,False,0,-0.9
2021-11-20,15:00,Premier League,Matchweek 12,Sat,Away,L,1,4,Watford,1.4,2.7,61,21087.0,Harry Maguire,4-2-3-1,4-1-4-1,Jonathan Moss,Match Report,9,3,14.9,0,0,0,Manchester United,2022,November,12,Early season,False,False,0,-0.4
2021-11-28,16:30,Premier League,Matchweek 13,Sun,Away,D,1,1,Chelsea,0.9,2.7,35,40041.0,Bruno Fernandes,4-3-1-2,,Anthony Taylor,Match Report,3,2,20.7,0,0,0,Manchester United,2022,November,13,Early season,False,False,1,0.1
2021-12-02,20:15,Premier League,Matchweek 14,Thu,Home,W,3,2,Arsenal,1.9,1.4,44,73123.0,Harry Maguire,4-2-3-1,4-4-1-1,Martin Atkinson,Match Report,13,9,19.7,0,1,1,Manchester United,2022,December,14,Mid season,False,False,3,1.1
2021-12-05,14:00,Premier League,Matchweek 15,Sun,Home,W,1,0,Crystal Palace,0.9,0.5,61,73172.0,Harry Maguire,4-2-2-2,,Craig Pawson,Match Report,16,3,19.2,2,0,0,Manchester United,2022,December,15,Mid season,False,False,3,0.1
2021-12-11,17:30,Premier League,Matchweek 16,Sat,Away,W,1,0,Norwich City,2.0,1.2,52,27606.0,Harry Maguire,4-2-2-2,,Darren England,Match Report,12,4,19.2,2,1,1,Manchester United,2022,December,16,Mid season,False,False,3,-1.0
2021-12-27,20:00,Premier League,Matchweek 19,Mon,Away,D,1,1,Newcastle United,1.6,1.3,68,52178.0,Harry Maguire,4-2-2-2,,Craig Pawson,Match Report,13,3,17.9,0,0,0,Manchester United,2022,December,19,Mid season,False,False,1,-0.6
2021-12-30,20:15,Premier League,Matchweek 20,Thu,Home,W,3,1,Burnley,2.4,1.1,57,73121.0,Harry Maguire,4-2-2-2,,Jonathan Moss,Match Report,18,6,17.5,1,0,0,Manchester United,2022,December,20,Mid season,False,False,3,0.6
2022-01-03,17:30,Premier League,Matchweek 21,Mon,Home,L,0,1,Wolverhampton Wanderers,0.8,0.7,51,73045.0,Cristiano Ronaldo,4-2-2-2,,Mike Dean,Match Report,9,2,20.8,1,0,0,Manchester United,2022,January,21,Mid season,False,False,0,-0.8
2022-01-15,17:30,Premier League,Matchweek 22,Sat,Away,D,2,2,Aston Villa,1.0,1.9,46,41968.0,Bruno Fernandes,,,David Coote,Match Report,13,6,17.5,1,0,0,Manchester United,2022,January,22,Mid season,False,False,1,1.0
2022-01-19,20:00,Premier League,Matchweek 17,Wed,Away,W,3,1,Brentford,2.3,2.3,56,17094.0,Bruno Fernandes,4-2-3-1,,Andre Marriner,Match Report,13,5,17.8,0,0,0,Manchester United,2022,January,17,Mid season,False,False,3,0.7
2022-01-22,15:00,Premier League,Matchweek 23,Sat,Home,W,1,0,West Ham United,1.9,0.3,57,73130.0,Harry Maguire,4-2-3-1,4-2-3-1,Jonathan Moss,Match Report,18,3,18.3,1,0,0,Manchester United,2022,January,23,Mid season,False,False,3,-0.9
2022-02-08,20:00,Premier League,Matchweek 24,Tue,Away,D,1,1,Burnley,1.8,0.4,63,21233.0,Harry Maguire,4-2-3-1,,Mike Dean,Match Report,22,5,15.9,0,0,0,Manchester United,2022,February,24,Mid season,False,False,1,-0.8
2022-02-12,12:30,Premier League,Matchweek 25,Sat,Home,D,1,1,Southampton,2.1,0.8,53,73084.0,Harry Maguire,4-2-3-1,,Stuart Attwell,Match Report,12,7,11.7,0,0,0,Manchester United,2022,February,25,Mid season,False,False,1,-1.1
2022-02-15,20:15,Premier League,Matchweek 18,Tue,Home,W,2,0,Brighton And Hove Albion,1.7,0.7,50,73012.0,Harry Maguire,4-2-3-1,4-1-2-1-2,Peter Bankes,Match Report,19,7,19.7,2,0,0,Manchester United,2022,February,18,Mid season,False,False,3,0.3
2022-02-20,14:00,Premier League,Matchweek 26,Sun,Away,W,4,2,Leeds United,2.2,1.8,46,36715.0,Harry Maguire,4-2-3-1,4-2-3-1,Paul Tierney,Match Report,15,9,14.3,0,0,0,Manchester United,2022,February,26,Late season,False,False,3,1.8
2022-02-26,15:00,Premier League,Matchweek 27,Sat,Home,D,0,0,Watford,2.8,0.6,67,73152.0,Bruno Fernandes,4-2-3-1,,Kevin Friend,Match Report,22,3,16.9,1,0,0,Manchester United,2022,February,27,Late season,False,False,1,-2.8
2022-03-06,16:30,Premier League,Matchweek 28,Sun,Away,L,1,4,Manchester City,0.5,2.7,31,53165.0,Harry Maguire,4-2-3-1,,Michael Oliver,Match Report,5,2,14.1,0,0,0,Manchester United,2022,March,28,Late season,False,False,0,0.5
2022-03-12,17:30,Premier League,Matchweek 29,Sat,Home,W,3,2,Tottenham Hotspur,1.0,1.5,43,73458.0,Harry Maguire,4-2-3-1,,Jonathan Moss,Match Report,10,6,16.1,0,0,0,Manchester United,2022,March,29,Late season,False,False,3,2.0
2022-04-02,17:30,Premier League,Matchweek 31,Sat,Home,D,1,1,Leicester City,0.9,0.8,54,73444.0,Harry Maguire,4-2-3-1,4-2-3-1,Andre Marriner,Match Report,11,5,14.7,0,0,0,Manchester United,2022,April,31,Late season,False,False,1,0.1
2022-04-09,12:30,Premier League,Matchweek 32,Sat,Away,L,0,1,Everton,0.8,0.4,67,39080.0,Harry Maguire,4-2-3-1,,Jonathan Moss,Match Report,12,4,17.5,0,0,0,Manchester United,2022,April,32,Late season,False,False,0,-0.8
2022-04-16,15:00,Premier League,Matchweek 33,Sat,Home,W,3,2,Norwich City,1.9,1.5,61,73381.0,Harry Maguire,,4-2-3-1,Andy Madley,Match Report,20,9,17.3,1,0,0,Manchester United,2022,April,33,Late season,False,False,3,1.1
2022-04-19,20:00,Premier League,Matchweek 30,Tue,Away,L,0,4,Liverpool,0.1,2.0,29,52686.0,Harry Maguire,,,Martin Atkinson,Match Report,2,1,21.0,0,0,0,Manchester United,2022,April,30,Late season,False,False,0,-0.1
2022-04-23,12:30,Premier League,Matchweek 34,Sat,Away,L,1,3,Arsenal,1.8,2.3,46,60223.0,Bruno Fernandes,4-2-3-1,4-2-3-1,Craig Pawson,Match Report,13,5,18.1,0,0,1,Manchester United,2022,April,34,Late season,False,False,0,-0.8
2022-04-28,19:45,Premier League,Matchweek 37,Thu,Home,D,1,1,Chelsea,0.5,1.9,36,73564.0,Bruno Fernandes,4-2-3-1,3-4-1-2,Mike Dean,Match Report,6,3,15.9,0,0,0,Manchester United,2022,April,37,Late season,False,False,1,0.5
2022-05-02,20:00,Premier League,Matchweek 35,Mon,Home,W,3,0,Brentford,2.0,0.6,63,73482.0,Bruno Fernandes,4-2-3-1,,Chris Kavanagh,Match Report,8,4,20.3,1,1,1,Manchester United,2022,May,35,Late season,False,False,3,1.0
2022-05-07,17:30,Premier League,Matchweek 36,Sat,Away,L,0,4,Brighton And Hove Albion,0.9,2.3,58,31637.0,Bruno Fernandes,4-2-3-1,,Andy Madley,Match Report,15,5,19.4,1,0,0,Manchester United,2022,May,36,Late season,False,False,0,-0.9
2022-05-22,16:00,Premier League,Matchweek 38,Sun,Away,L,0,1,Crystal Palace,0.7,0.6,61,25434.0,Harry Maguire,4-2-3-1,,Martin Atkinson,Match Report,10,4,19.8,1,0,0,Manchester United,2022,May,38,Late season,False,False,0,-0.7
2022-08-07,14:00,Premier League,Matchweek 1,Sun,Home,L,1,2,Brighton And Hove Albion,1.4,1.5,62,73711.0,Harry Maguire,,3-3-3-1,Paul Tierney,Match Report,17,5,15.5,0,0,0,Manchester United,2023,August,1,Early season,False,False,0,-0.4
2022-08-13,17:30,Premier League,Matchweek 2,Sat,Away,L,0,4,Brentford,0.9,1.6,66,17051.0,Harry Maguire,4-2-3-1,,Stuart Attwell,Match Report,15,4,19.6,0,0,0,Manchester United,2023,August,2,Early season,False,False,0,-0.9
2022-08-22,20:00,Premier League,Matchweek 3,Mon,Home,W,2,1,Liverpool,1.8,1.3,30,74147.0,Bruno Fernandes,4-2-3-1,,Michael Oliver,Match Report,13,5,19.5,2,0,0,Manchester United,2023,August,3,Early season,False,False,3,0.2
2022-08-27,12:30,Premier League,Matchweek 4,Sat,Away,W,1,0,Southampton,1.1,1.4,51,31196.0,Bruno Fernandes,4-2-3-1,4-2-3-1,Andy Madley,Match Report,11,4,15.5,1,0,0,Manchester United,2023,August,4,Early season,False,False,3,-0.1
2022-09-01,20:00,Premier League,Matchweek 5,Thu,Away,W,1,0,Leicester City,1.5,0.7,47,32226.0,Bruno Fernandes,4-2-3-1,4-1-4-1,Craig Pawson,Match Report,9,2,16.8,0,0,0,Manchester United,2023,September,5,Early season,False,False,3,-0.5
2022-09-04,16:30,Premier League,Matchweek 6,Sun,Home,W,3,1,Arsenal,1.5,1.3,40,73431.0,Bruno Fernandes,4-2-3-1,,Paul Tierney,Match Report,10,6,15.5,0,0,0,Manchester United,2023,September,6,Early season,False,False,3,1.5
2022-10-02,14:00,Premier League,Matchweek 9,Sun,Away,L,3,6,Manchester City,1.7,3.2,47,53475.0,Bruno Fernandes,4-2-3-1,,Michael Oliver,Match Report,11,7,22.2,0,1,1,Manchester United,2023,October,9,Early season,False,False,0,1.3
2022-10-09,19:00,Premier League,Matchweek 10,Sun,Away,W,2,1,Everton,1.4,0.6,60,39258.0,Bruno Fernandes,4-2-3-1,,David Coote,Match Report,12,4,18.8,0,0,0,Manchester United,2023,October,10,Early season,False,False,3,0.6
2022-10-16,14:00,Premier League,Matchweek 11,Sun,Home,D,0,0,Newcastle United,0.8,0.8,63,73726.0,Bruno Fernandes,4-2-3-1,,Craig Pawson,Match Report,15,2,19.4,1,0,0,Manchester United,2023,October,11,Early season,False,False,1,-0.8
2022-10-19,20:15,Premier League,Matchweek 12,Wed,Home,W,2,0,Tottenham Hotspur,1.5,0.6,52,73677.0,Bruno Fernandes,4-2-3-1,,Simon Hooper,Match Report,28,10,21.4,1,0,0,Manchester United,2023,October,12,Early season,False,False,3,0.5
2022-10-22,17:30,Premier League,Matchweek 13,Sat,Away,D,1,1,Chelsea,0.8,1.1,52,39503.0,Bruno Fernandes,4-1-4-1,,Stuart Attwell,Match Report,13,6,22.1,1,0,0,Manchester United,2023,October,13,Early season,False,False,1,0.2
2022-10-30,16:15,Premier League,Matchweek 14,Sun,Home,W,1,0,West Ham United,1.2,1.1,53,73682.0,Harry Maguire,4-2-3-1,4-2-3-1,Chris Kavanagh,Match Report,16,3,18.1,0,0,0,Manchester United,2023,October,14,Mid season,False,False,3,-0.2
2022-11-06,14:00,Premier League,Matchweek 15,Sun,Away,L,1,3,Aston Villa,0.5,0.6,58,42058.0,Cristiano Ronaldo,4-2-3-1,4-2-2-2,Anthony Taylor,Match Report,8,3,19.7,1,0,0,Manchester United,2023,November,15,Mid season,False,False,0,0.5
2022-11-13,16:30,Premier League,Matchweek 16,Sun,Away,W,2,1,Fulham,2.5,1.4,47,24246.0,Bruno Fernandes,4-2-3-1,4-2-3-1,Paul Tierney,Match Report,14,9,17.7,0,0,0,Manchester United,2023,November,16,Mid season,False,False,3,-0.5
2022-12-27,20:00,Premier League,Matchweek 17,Tue,Home,W,3,0,Nottingham Forest,2.4,0.7,65,73608.0,Bruno Fernandes,4-2-3-1,,Anthony Taylor,Match Report,17,8,15.9,0,0,0,Manchester United,2023,December,17,Mid season,False,False,3,0.6
2022-12-31,12:30,Premier League,Matchweek 18,Sat,Away,W,1,0,Wolverhampton Wanderers,2.0,0.7,54,31658.0,Bruno Fernandes,4-2-3-1,4-2-3-1,Robert Jones,Match Report,16,6,14.9,1,0,0,Manchester United,2023,December,18,Mid season,False,False,3,-1.0
2023-01-03,20:00,Premier League,Matchweek 19,Tue,Home,W,3,0,Bournemouth,2.2,0.6,58,73322.0,Harry Maguire,4-2-3-1,,Michael Salisbury,Match Report,18,6,16.7,2,0,0,Manchester United,2023,January,19,Mid season,False,False,3,0.8
2023-01-14,12:30,Premier League,Matchweek 20,Sat,Home,W,2,1,Manchester City,1.7,0.6,30,75546.0,Bruno Fernandes,4-2-3-1,,Stuart Attwell,Match Report,8,3,14.8,0,0,0,Manchester United,2023,January,20,Mid season,False,False,3,0.3
2023-01-18,20:00,Premier League,Matchweek 7,Wed,Away,D,1,1,Crystal Palace,2.1,0.5,60,23343.0,Bruno Fernandes,4-2-3-1,4-2-3-1,Robert Jones,Match Report,15,4,19.5,1,0,0,Manchester United,2023,January,7,Early season,False,False,1,-1.1
2023-01-22,16:30,Premier League,Matchweek 21,Sun,Away,L,2,3,Arsenal,0.4,3.1,43,60325.0,Bruno Fernandes,4-2-3-1,,Anthony Taylor,Match Report,6,4,18.2,0,0,0,Manchester United,2023,January,21,Mid season,False,False,0,1.6
2023-02-04,15:00,Premier League,Matchweek 22,Sat,Home,W,2,1,Crystal Palace,2.0,1.3,52,73420.0,Bruno Fernandes,4-2-3-1,4-2-3-1,Andre Marriner,Match Report,13,4,16.4,0,1,1,Manchester United,2023,February,22,Mid season,False,False,3,0.0
2023-02-08,20:00,Premier League,Matchweek 8,Wed,Home,D,2,2,Leeds United,2.0,0.6,66,73456.0,Bruno Fernandes,4-2-3-1,4-2-3-1,Simon Hooper,Match Report,24,6,16.7,0,0,0,Manchester United,2023,February,8,Early season,False,False,1,0.0
2023-02-12,14:00,Premier League,Matchweek 23,Sun,Away,W,2,0,Leeds United,1.1,1.8,66,36919.0,Harry Maguire,4-2-3-1,4-2-3-1,Paul Tierney,Match Report,11,5,16.4,0,0,0,Manchester United,2023,February,23,Mid season,False,False,3,0.9
2023-02-19,14:00,Premier League,Matchweek 24,Sun,Home,W,3,0,Leicester City,4.4,1.6,57,73578.0,Bruno Fernandes,4-2-3-1,4-2-3-1,Stuart Attwell,Match Report,26,8,15.5,1,0,0,Manchester United,2023,February,24,Mid season,False,False,3,-1.4
2023-03-05,16:30,Premier League,Matchweek 26,Sun,Away,L,0,7,Liverpool,0.8,2.8,41,53001.0,Bruno Fernandes,4-2-3-1,,Andy Madley,Match Report,8,4,15.4,0,0,0,Manchester United,2023,March,26,Late season,False,False,0,-0.8
2023-03-12,14:00,Premier League,Matchweek 27,Sun,Home,D,0,0,Southampton,0.8,1.0,47,73439.0,Bruno Fernandes,4-1-4-1,4-2-3-1,Anthony Taylor,Match Report,10,4,15.4,0,0,0,Manchester United,2023,March,27,Late season,False,False,1,-0.8
2023-04-02,16:30,Premier League,Matchweek 29,Sun,Away,L,0,2,Newcastle United,0.4,3.7,54,52268.0,Bruno Fernandes,4-2-3-1,,Stuart Attwell,Match Report,6,1,14.2,0,0,0,Manchester United,2023,April,29,Late season,False,False,0,-0.4
2023-04-05,20:00,Premier League,Matchweek 25,Wed,Home,W,1,0,Brentford,1.2,0.7,64,73309.0,Bruno Fernandes,4-2-3-1,,John Brooks,Match Report,18,3,19.9,1,0,0,Manchester United,2023,April,25,Mid season,False,False,3,-0.2
2023-04-08,12:30,Premier League,Matchweek 30,Sat,Home,W,2,0,Everton,3.4,1.0,63,73509.0,Harry Maguire,4-2-3-1,,Michael Oliver,Match Report,29,11,16.5,0,0,0,Manchester United,2023,April,30,Late season,False,False,3,-1.4
2023-04-16,16:30,Premier League,Matchweek 31,Sun,Away,W,2,0,Nottingham Forest,3.5,0.7,68,29435.0,Harry Maguire,4-2-3-1,3-4-1-2,Simon Hooper,Match Report,22,7,15.4,1,0,0,Manchester United,2023,April,31,Late season,False,False,3,-1.5
2023-04-27,20:15,Premier League,Matchweek 33,Thu,Away,D,2,2,Tottenham Hotspur,2.0,2.5,60,61586.0,Bruno Fernandes,4-2-3-1,,Anthony Taylor,Match Report,17,7,17.9,2,0,0,Manchester United,2023,April,33,Late season,False,False,1,0.0
2023-04-30,14:00,Premier League,Matchweek 34,Sun,Home,W,1,0,Aston Villa,1.2,0.6,57,73592.0,Bruno Fernandes,4-1-4-1,4-2-3-1,Jarred Gillett,Match Report,14,6,19.0,0,0,0,Manchester United,2023,April,34,Late season,False,False,3,-0.2
2023-05-04,20:00,Premier League,Matchweek 28,Thu,Away,L,0,1,Brighton And Hove Albion,1.4,2.3,41,31577.0,Bruno Fernandes,,4-2-3-1,Andre Marriner,Match Report,16,5,18.5,1,0,0,Manchester United,2023,May,28,Late season,False,False,0,-1.4
2023-05-07,19:00,Premier League,Matchweek 35,Sun,Away,L,0,1,West Ham United,1.2,1.3,65,62477.0,Bruno Fernandes,4-2-3-1,4-2-3-1,Peter Bankes,Match Report,19,4,18.2,0,0,0,Manchester United,2023,May,35,Late season,False,False,0,-1.2
2023-05-13,15:00,Premier League,Matchweek 36,Sat,Home,W,2,0,Wolverhampton Wanderers,3.2,0.3,48,73570.0,Bruno Fernandes,4-2-3-1,,John Brooks,Match Report,27,9,19.3,2,0,0,Manchester United,2023,May,36,Late season,False,False,3,-1.2
2023-05-20,15:00,Premier League,Matchweek 37,Sat,Away,W,1,0,Bournemouth,1.4,1.0,59,10240.0,Bruno Fernandes,4-2-3-1,4-2-3-1,Chris Kavanagh,Match Report,20,5,18.7,0,0,0,Manchester United,2023,May,37,Late season,False,False,3,-0.4
2023-05-25,20:00,Premier League,Matchweek 32,Thu,Home,W,4,1,Chelsea,5.2,1.9,42,73561.0,Bruno Fernandes,4-2-3-1,,Stuart Attwell,Match Report,17,8,15.3,0,1,1,Manchester United,2023,May,32,Late season,False,False,3,-1.2
2023-05-28,16:30,Premier League,Matchweek 38,Sun,Home,W,2,1,Fulham,2.9,1.8,53,73465.0,Harry Maguire,4-2-3-1,4-2-3-1,Robert Jones,Match Report,21,8,20.7,1,0,0,Manchester United,2023,May,38,Late season,False,False,3,-0.9
2023-08-14,20:00,Premier League,Matchweek 1,Mon,Home,W,1,0,Wolverhampton Wanderers,2.2,2.2,51,73358.0,Bruno Fernandes,4-1-4-1,,Simon Hooper,Match Report,15,2,14.7,0,0,0,Manchester United,2024,August,1,Early season,False,False,3,-1.2
2023-08-19,17:30,Premier League,Matchweek 2,Sat,Away,L,0,2,Tottenham Hotspur,2.1,1.7,45,61910.0,Bruno Fernandes,4-2-3-1,4-2-3-1,Michael Oliver,Match Report,22,6,15.6,1,0,0,Manchester United,2024,August,2,Early season,False,False,0,-2.1
2023-08-26,15:00,Premier League,Matchweek 3,Sat,Home,W,3,2,Nottingham Forest,2.8,1.2,66,73595.0,Bruno Fernandes,4-2-3-1,,Stuart Attwell,Match Report,17,8,20.3,0,1,1,Manchester United,2024,August,3,Early season,False,False,3,0.2
2023-09-03,16:30,Premier League,Matchweek 4,Sun,Away,L,1,3,Arsenal,0.9,2.3,45,60192.0,Bruno Fernandes,4-2-3-1,,Anthony Taylor,Match Report,10,2,16.5,0,0,0,Manchester United,2024,September,4,Early season,False,False,0,0.1
2023-09-16,15:00,Premier League,Matchweek 5,Sat,Home,L,1,3,Brighton And Hove Albion,1.0,1.7,44,73592.0,Bruno Fernandes,4-1-2-1-2◆,4-2-3-1,Jarred Gillett,Match Report,14,4,18.6,1,0,0,Manchester United,2024,September,5,Early season,False,False,0,0.0
2023-09-23,20:00,Premier League,Matchweek 6,Sat,Away,W,1,0,Burnley,1.0,1.1,39,21593.0,Bruno Fernandes,4-2-3-1,,Tony Harrington,Match Report,11,4,15.0,0,0,0,Manchester United,2024,September,6,Early season,False,False,3,0.0
2023-09-30,15:00,Premier League,Matchweek 7,Sat,Home,L,0,1,Crystal Palace,1.3,0.9,77,73428.0,Bruno Fernandes,4-2-3-1,,Chris Kavanagh,Match Report,19,3,15.5,0,0,0,Manchester United,2024,September,7,Early season,False,False,0,-1.3
2023-10-07,15:00,Premier League,Matchweek 8,Sat,Home,W,2,1,Brentford,1.4,0.9,64,73453.0,Bruno Fernandes,4-2-3-1,,Andy Madley,Match Report,21,8,18.3,1,0,0,Manchester United,2024,October,8,Early season,False,False,3,0.6
2023-10-21,20:00,Premier League,Matchweek 9,Sat,Away,W,2,1,Sheffield United,1.1,1.4,62,31543.0,Bruno Fernandes,4-2-3-1,,Michael Oliver,Match Report,14,5,20.6,1,0,0,Manchester United,2024,October,9,Early season,False,False,3,0.9
2023-10-29,15:30,Premier League,Matchweek 10,Sun,Home,L,0,3,Manchester City,0.9,4.0,40,73502.0,Bruno Fernandes,4-2-3-1,4-2-3-1,Paul Tierney,Match Report,7,3,15.2,0,0,0,Manchester United,2024,October,10,Early season,False,False,0,-0.9
2023-11-04,12:30,Premier League,Matchweek 11,Sat,Away,W,1,0,Fulham,0.7,1.0,55,24415.0,Bruno Fernandes,4-2-3-1,4-2-3-1,John Brooks,Match Report,12,5,18.3,1,0,0,Manchester United,2024,November,11,Early season,False,False,3,0.3
2023-11-11,15:00,Premier League,Matchweek 12,Sat,Home,W,1,0,Luton Town,2.2,0.4,64,73599.0,Bruno Fernandes,4-2-3-1,,Graham Scott,Match Report,15,4,14.0,1,0,0,Manchester United,2024,November,12,Early season,False,False,3,-1.2
2023-11-26,16:30,Premier League,Matchweek 13,Sun,Away,W,3,0,Everton,2.2,2.4,49,39257.0,Bruno Fernandes,4-2-3-1,4-4-1-1,John Brooks,Match Report,8,3,17.4,0,1,1,Manchester United,2024,November,13,Early season,False,False,3,0.8
2023-12-02,20:00,Premier League,Matchweek 14,Sat,Away,L,0,1,Newcastle United,0.5,2.4,42,52214.0,Bruno Fernandes,4-2-3-1,,Robert Jones,Match Report,8,1,18.2,0,0,0,Manchester United,2024,December,14,Mid season,False,False,0,-0.5
2023-12-06,20:15,Premier League,Matchweek 15,Wed,Home,W,2,1,Chelsea,4.1,1.5,45,73607.0,Bruno Fernandes,4-2-3-1,4-2-3-1,Chris Kavanagh,Match Report,27,8,15.4,1,0,1,Manchester United,2024,December,15,Mid season,False,False,3,-2.1
2023-12-09,15:00,Premier League,Matchweek 16,Sat,Home,L,0,3,Bournemouth,1.1,1.5,68,73427.0,Bruno Fernandes,4-2-3-1,4-2-3-1,Peter Bankes,Match Report,20,3,15.4,0,0,0,Manchester United,2024,December,16,Mid season,False,False,0,-1.1
2023-12-17,16:30,Premier League,Matchweek 17,Sun,Away,D,0,0,Liverpool,0.8,2.3,32,57158.0,Scott McTominay,4-2-3-1,,Michael Oliver,Match Report,6,1,16.3,0,0,0,Manchester United,2024,December,17,Mid season,False,False,1,-0.8
2023-12-23,12:30,Premier League,Matchweek 18,Sat,Away,L,0,2,West Ham United,1.0,1.2,65,64472.0,Bruno Fernandes,4-2-3-1,4-2-3-1,Simon Hooper,Match Report,11,3,18.1,0,0,0,Manchester United,2024,December,18,Mid season,False,False,0,-1.0
2023-12-26,20:00,Premier League,Matchweek 19,Tue,Home,W,3,2,Aston Villa,1.1,1.7,46,73574.0,Bruno Fernandes,4-2-3-1,4-2-3-1,Craig Pawson,Match Report,13,7,18.0,1,0,0,Manchester United,2024,December,19,Mid season,False,False,3,1.9
2023-12-30,17:30,Premier League,Matchweek 20,Sat,Away,L,1,2,Nottingham Forest,0.8,0.7,56,29529.0,Bruno Fernandes,4-2-3-1,4-2-3-1,Tim Robinson,Match Report,10,5,17.5,0,0,0,Manchester United,2024,December,20,Mid season,False,False,0,0.2
2024-01-14,16:30,Premier League,Matchweek 21,Sun,Home,D,2,2,Tottenham Hotspur,0.8,1.2,37,73489.0,Bruno Fernandes,4-2-3-1,,John Brooks,Match Report,9,2,14.5,1,0,0,Manchester United,2024,January,21,Mid season,False,False,1,1.2
2024-02-01,20:15,Premier League,Matchweek 22,Thu,Away,W,4,3,Wolverhampton Wanderers,3.3,2.1,47,31641.0,Bruno Fernandes,4-2-3-1,,Jarred Gillett,Match Report,21,8,18.2,2,0,0,Manchester United,2024,February,22,Mid season,False,False,3,0.7
2024-02-04,14:00,Premier League,Matchweek 23,Sun,Home,W,3,0,West Ham United,0.7,1.4,51,73612.0,Bruno Fernandes,4-2-3-1,4-2-3-1,Andy Madley,Match Report,12,5,20.4,0,0,0,Manchester United,2024,February,23,Mid season,False,False,3,2.3
2024-02-11,16:30,Premier League,Matchweek 24,Sun,Away,W,2,1,Aston Villa,1.8,2.4,44,42185.0,Bruno Fernandes,4-2-3-1,4-2-3-1,Robert Jones,Match Report,17,5,14.6,0,0,0,Manchester United,2024,February,24,Mid season,False,False,3,0.2
2024-02-18,16:30,Premier League,Matchweek 25,Sun,Away,W,2,1,Luton Town,2.9,1.8,42,11483.0,Bruno Fernandes,4-2-3-1,,David Coote,Match Report,21,8,19.8,2,0,0,Manchester United,2024,February,25,Mid season,False,False,3,-0.9
2024-02-24,15:00,Premier League,Matchweek 26,Sat,Home,L,1,2,Fulham,1.7,1.2,57,73487.0,Bruno Fernandes,4-2-3-1,4-2-3-1,Michael Oliver,Match Report,21,8,17.3,0,0,0,Manchester United,2024,February,26,Late season,False,False,0,-0.7
2024-03-03,15:30,Premier League,Matchweek 27,Sun,Away,L,1,3,Manchester City,0.2,3.3,27,53514.0,Bruno Fernandes,4-2-4-0,3-2-4-1,Andy Madley,Match Report,3,1,16.7,0,0,0,Manchester United,2024,March,27,Late season,False,False,0,0.8
2024-03-09,12:30,Premier League,Matchweek 28,Sat,Home,W,2,0,Everton,2.7,1.6,51,73601.0,Bruno Fernandes,4-2-4-0,4-4-1-1,Simon Hooper,Match Report,13,6,17.6,1,2,2,Manchester United,2024,March,28,Late season,False,False,3,-0.7
2024-03-30,20:00,Premier League,Matchweek 30,Sat,Away,D,1,1,Brentford,0.6,3.2,53,17138.0,Bruno Fernandes,4-2-3-1,,Simon Hooper,Match Report,11,5,22.5,0,0,0,Manchester United,2024,March,30,Late season,False,False,1,0.4
2024-04-04,20:15,Premier League,Matchweek 31,Thu,Away,L,3,4,Chelsea,1.5,3.0,43,39694.0,Bruno Fernandes,4-2-3-1,4-2-3-1,Jarred Gillett,Match Report,19,5,16.8,0,0,0,Manchester United,2024,April,31,Late season,False,False,0,1.5
2024-04-07,15:30,Premier League,Matchweek 32,Sun,Home,D,2,2,Liverpool,0.7,3.6,38,73501.0,Bruno Fernandes,4-2-3-1,,Anthony Taylor,Match Report,9,5,18.1,0,0,0,Manchester United,2024,April,32,Late season,False,False,1,1.3
2024-04-13,17:30,Premier League,Matchweek 33,Sat,Away,D,2,2,Bournemouth,1.2,1.6,57,11229.0,Bruno Fernandes,4-2-3-1,4-2-3-1,Tony Harrington,Match Report,7,1,20.6,0,1,1,Manchester United,2024,April,33,Late season,False,False,1,0.8
2024-04-24,20:00,Premier League,Matchweek 29,Wed,Home,W,4,2,Sheffield United,2.9,0.8,71,73549.0,Bruno Fernandes,4-2-3-1,,Michael Salisbury,Match Report,24,12,16.9,0,1,1,Manchester United,2024,April,29,Late season,False,False,3,1.1
2024-04-27,15:00,Premier League,Matchweek 35,Sat,Home,D,1,1,Burnley,2.7,2.1,48,73571.0,Bruno Fernandes,4-2-3-1,,John Brooks,Match Report,27,10,18.0,0,0,0,Manchester United,2024,April,35,Late season,False,False,1,-1.7
2024-05-06,20:00,Premier League,Matchweek 36,Mon,Away,L,0,4,Crystal Palace,0.4,1.7,57,25190.0,Casemiro,4-2-3-1,,Jarred Gillett,Match Report,7,2,16.7,1,0,0,Manchester United,2024,May,36,Late season,False,False,0,-0.4
2024-05-12,16:30,Premier League,Matchweek 37,Sun,Home,L,0,1,Arsenal,0.5,1.5,54,73600.0,Scott McTominay,4-2-3-1,,Paul Tierney,Match Report,14,2,22.9,0,0,0,Manchester United,2024,May,37,Late season,False,False,0,-0.5
2024-05-15,20:00,Premier League,Matchweek 34,Wed,Home,W,3,2,Newcastle United,1.5,2.2,45,73582.0,Bruno Fernandes,4-2-2-2,,Robert Jones,Match Report,17,8,15.2,0,0,0,Manchester United,2024,May,34,Late season,False,False,3,1.5
2024-05-19,16:00,Premier League,Matchweek 38,Sun,Away,W,2,0,Brighton And Hove Albion,1.3,1.7,45,31662.0,Bruno Fernandes,4-2-2-2,4-2-3-1,Craig Pawson,Match Report,11,4,17.0,0,0,0,Manchester United,2024,May,38,Late season,False,False,3,0.7
2024-08-16,20:00,Premier League,Matchweek 1,Fri,Home,W,1,0,Fulham,2.4,0.4,55,73297.0,Bruno Fernandes,4-2-3-1,4-2-3-1,Robert Jones,Match Report,14,5,17.6,0,0,0,Manchester United,2025,August,1,Early season,False,False,3,-1.4
2024-08-24,12:30,Premier League,Matchweek 2,Sat,Away,L,1,2,Brighton And Hove Albion,1.4,2.1,52,31537.0,Bruno Fernandes,4-2-3-1,4-2-3-1,Craig Pawson,Match Report,11,3,16.3,0,0,0,Manchester United,2025,August,2,Early season,False,False,0,-0.4
2024-09-01,16:00,Premier League,Matchweek 3,Sun,Home,L,0,3,Liverpool,1.4,1.8,53,73738.0,Bruno Fernandes,4-2-3-1,4-2-3-1,Anthony Taylor,Match Report,8,3,15.6,0,0,0,Manchester United,2025,September,3,Early season,False,False,0,-1.4
2024-09-14,12:30,Premier League,Matchweek 4,Sat,Away,W,3,0,Southampton,2.6,1.1,56,31144.0,Bruno Fernandes,4-2-3-1,4-2-3-1,Stuart Attwell,Match Report,20,10,17.4,0,0,0,Manchester United,2025,September,4,Early season,False,False,3,0.4
2024-09-21,17:30,Premier League,Matchweek 5,Sat,Away,D,0,0,Crystal Palace,1.6,1.0,67,25172.0,Bruno Fernandes,4-2-3-1,,David Coote,Match Report,15,6,13.9,0,0,0,Manchester United,2025,September,5,Early season,False,False,1,-1.6
2024-09-29,16:30,Premier League,Matchweek 6,Sun,Home,L,0,3,Tottenham Hotspur,1.0,4.4,39,73587.0,Bruno Fernandes,4-2-3-1,,Chris Kavanagh,Match Report,11,2,15.1,0,0,0,Manchester United,2025,September,6,Early season,False,False,0,-1.0
2024-10-06,14:00,Premier League,Matchweek 7,Sun,Away,D,0,0,Aston Villa,0.6,0.5,47,42682.0,Bruno Fernandes,4-2-3-1,4-2-3-1,Robert Jones,Match Report,10,4,21.5,1,0,0,Manchester United,2025,October,7,Early season,False,False,1,-0.6
2024-10-19,15:00,Premier League,Matchweek 8,Sat,Home,W,2,1,Brentford,1.3,0.9,50,73738.0,Bruno Fernandes,4-2-3-1,4-2-3-1,Samuel Barrott,Match Report,23,11,18.7,0,0,0,Manchester United,2025,October,8,Early season,False,False,3,0.7
2024-10-27,14:00,Premier League,Matchweek 9,Sun,Away,L,1,2,West Ham United,2.3,2.8,58,62474.0,Bruno Fernandes,4-2-3-1,4-2-3-1,David Coote,Match Report,18,5,18.0,1,0,0,Manchester United,2025,October,9,Early season,False,False,0,-1.3
2024-11-03,16:30,Premier League,Matchweek 10,Sun,Home,D,1,1,Chelsea,2.0,1.1,46,73813.0,Bruno Fernandes,4-2-3-1,4-2-3-1,Robert Jones,Match Report,10,3,18.3,1,1,1,Manchester United,2025,November,10,Early season,False,False,1,-1.0
2024-11-10,14:00,Premier League,Matchweek 11,Sun,Home,W,3,0,Leicester City,0.8,0.6,51,73829.0,Bruno Fernandes,4-2-3-1,,Peter Bankes,Match Report,13,3,19.3,0,0,0,Manchester United,2025,November,11,Early season,False,False,3,2.2
2024-11-24,16:30,Premier League,Matchweek 12,Sun,Away,D,1,1,Ipswich Town,0.8,1.6,60,30017.0,Bruno Fernandes,,4-2-3-1,Anthony Taylor,Match Report,11,4,17.6,1,0,0,Manchester United,2025,November,12,Early season,False,False,1,0.2
2024-12-01,13:30,Premier League,Matchweek 13,Sun,Home,W,4,0,Everton,1.1,0.6,60,73817.0,Bruno Fernandes,,4-2-3-1,John Brooks,Match Report,11,5,15.1,0,0,0,Manchester United,2025,December,13,Early season,False,False,3,2.9
2024-12-04,20:15,Premier League,Matchweek 14,Wed,Away,L,0,2,Arsenal,0.2,2.1,49,60256.0,Bruno Fernandes,,,Samuel Barrott,Match Report,5,2,17.7,0,0,0,Manchester United,2025,December,14,Mid season,False,False,0,-0.2
2024-12-07,17:30,Premier League,Matchweek 15,Sat,Home,L,2,3,Nottingham Forest,1.6,0.8,71,73778.0,Bruno Fernandes,,4-2-3-1,Darren England,Match Report,17,7,18.7,1,0,0,Manchester United,2025,December,15,Mid season,False,False,0,0.4
2024-12-15,16:30,Premier League,Matchweek 16,Sun,Away,W,2,1,Manchester City,2.1,0.9,48,53184.0,Bruno Fernandes,,4-1-4-1,Anthony Taylor,Match Report,9,2,17.9,0,1,1,Manchester United,2025,December,16,Mid season,False,False,3,-0.1
2024-12-22,14:00,Premier League,Matchweek 17,Sun,Home,L,0,3,Bournemouth,2.2,1.6,60,73720.0,Bruno Fernandes,,4-2-3-1,Craig Pawson,Match Report,23,7,17.7,1,0,0,Manchester United,2025,December,17,Mid season,False,False,0,-2.2
2024-12-26,17:30,Premier League,Matchweek 18,Thu,Away,L,0,2,Wolverhampton Wanderers,0.4,0.9,49,31407.0,Bruno Fernandes,,,Tony Harrington,Match Report,11,4,19.2,0,0,0,Manchester United,2025,December,18,Mid season,False,False,0,-0.4
2024-12-30,20:00,Premier League,Matchweek 19,Mon,Home,L,0,2,Newcastle United,0.8,1.9,52,73809.0,Lisandro Martínez,,,Simon Hooper,Match Report,10,0,16.6,0,0,0,Manchester United,2025,December,19,Mid season,False,False,0,-0.8
2025-01-05,16:30,Premier League,Matchweek 20,Sun,Away,D,2,2,Liverpool,1.0,2.7,47,60275.0,Bruno Fernandes,,4-2-3-1,Michael Oliver,Match Report,13,4,15.4,0,0,0,Manchester United,2025,January,20,Mid season,False,False,1,1.0
2025-01-16,20:00,Premier League,Matchweek 21,Thu,Home,W,3,1,Southampton,3.4,1.4,60,73722.0,Bruno Fernandes,,3-4-1-2,John Brooks,Match Report,23,9,15.0,0,0,0,Manchester United,2025,January,21,Mid season,False,False,3,-0.4
2025-01-19,14:00,Premier League,Matchweek 22,Sun,Home,L,1,3,Brighton And Hove Albion,1.5,1.9,51,73758.0,Bruno Fernandes,,,Peter Bankes,Match Report,9,0,16.4,0,1,1,Manchester United,2025,January,22,Mid season,False,False,0,-0.5
2025-01-26,19:00,Premier League,Matchweek 23,Sun,Away,W,1,0,Fulham,0.3,0.7,49,27288.0,Bruno Fernandes,,4-2-3-1,Anthony Taylor,Match Report,4,1,19.9,1,0,0,Manchester United,2025,January,23,Mid season,False,False,3,0.7
2025-02-02,14:00,Premier League,Matchweek 24,Sun,Home,L,0,2,Crystal Palace,1.1,2.6,66,73751.0,Bruno Fernandes,,,John Brooks,Match Report,17,2,15.3,0,0,0,Manchester United,2025,February,24,Mid season,False,False,0,-1.1
2025-02-16,16:30,Premier League,Matchweek 25,Sun,Away,L,0,1,Tottenham Hotspur,1.5,2.2,45,61383.0,Bruno Fernandes,,,Peter Bankes,Match Report,16,6,14.6,0,0,0,Manchester United,2025,February,25,Mid season,False,False,0,-1.5
2025-02-22,12:30,Premier League,Matchweek 26,Sat,Away,D,2,2,Everton,0.4,1.6,62,39290.0,Bruno Fernandes,,4-2-3-1,Andy Madley,Match Report,9,3,20.0,2,0,0,Manchester United,2025,February,26,Late season,False,False,1,1.6
2025-02-26,19:30,Premier League,Matchweek 27,Wed,Home,W,3,2,Ipswich Town,0.7,1.4,45,73827.0,Bruno Fernandes,,,Darren England,Match Report,10,6,12.9,0,0,0,Manchester United,2025,February,27,Late season,False,False,3,2.3
2025-03-09,16:30,Premier League,Matchweek 28,Sun,Home,D,1,1,Arsenal,1.5,1.6,32,73812.0,Bruno Fernandes,,,Anthony Taylor,Match Report,10,6,15.9,1,0,0,Manchester United,2025,March,28,Late season,False,False,1,-0.5
2025-03-16,19:00,Premier League,Matchweek 29,Sun,Away,W,3,0,Leicester City,0.9,1.0,47,31773.0,Bruno Fernandes,,,Thomas Bramall,Match Report,18,5,21.3,0,0,0,Manchester United,2025,March,29,Late season,False,False,3,2.1
2025-04-01,20:00,Premier League,Matchweek 30,Tue,Away,L,0,1,Nottingham Forest,1.6,0.5,68,30249.0,Bruno Fernandes,,4-2-3-1,Jarred Gillett,Match Report,23,5,15.2,0,0,0,Manchester United,2025,April,30,Late season,False,False,0,-1.6
2025-04-06,16:30,Premier League,Matchweek 31,Sun,Home,D,0,0,Manchester City,0.9,0.5,42,73738.0,Bruno Fernandes,,4-1-2-1-2,John Brooks,Match Report,13,2,17.9,1,0,0,Manchester United,2025,April,31,Late season,False,False,1,-0.9
2025-04-13,16:30,Premier League,Matchweek 32,Sun,Away,L,1,4,Newcastle United,0.7,2.2,52,52252.0,Bruno Fernandes,,,Chris Kavanagh,Match Report,9,5,20.4,0,0,0,Manchester United,2025,April,32,Late season,False,False,0,0.3
2025-04-20,14:00,Premier League,Matchweek 33,Sun,Home,L,0,1,Wolverhampton Wanderers,1.3,0.2,59,73819.0,Victor Lindelöf,,,Robert Jones,Match Report,12,2,19.6,3,0,0,Manchester United,2025,April,33,Late season,False,False,0,-1.3
2025-04-27,14:00,Premier League,Matchweek 34,Sun,Away,D,1,1,Bournemouth,2.3,0.5,61,11241.0,Bruno Fernandes,,4-2-3-1,Peter Bankes,Match Report,25,6,17.7,0,0,0,Manchester United,2025,April,34,Late season,False,False,1,-1.3
2025-05-04,14:00,Premier League,Matchweek 35,Sun,Away,L,3,4,Brentford,1.5,2.8,53,18915.0,Luke Shaw,,4-2-3-1,Anthony Taylor,Match Report,14,5,18.2,0,0,0,Manchester United,2025,May,35,Late season,False,False,0,1.5
2025-05-11,14:15,Premier League,Matchweek 36,Sun,Home,L,0,2,West Ham United,2.1,1.7,52,73804.0,Bruno Fernandes,,3-4-1-2,Jarred Gillett,Match Report,20,5,18.1,0,0,0,Manchester United,2025,May,36,Late season,False,False,0,-2.1
2025-05-16,20:15,Premier League,Matchweek 37,Fri,Away,L,0,1,Chelsea,0.3,0.8,53,39849.0,Bruno Fernandes,,4-2-3-1,Chris Kavanagh,Match Report,4,1,15.3,0,0,0,Manchester United,2025,May,37,Late season,False,False,0,-0.3
2025-05-25,16:00,Premier League,Matchweek 38,Sun,Home,W,2,0,Aston Villa,2.9,0.4,67,73839.0,Bruno Fernandes,,4-2-3-1,Thomas Bramall,Match Report,25,9,19.7,1,1,1,Manchester United,2025,May,38,Late season,False,False,3,-0.9
2020-09-12,20:00,Premier League,Matchweek 1,Sat,Away,W,2,0,West Ham United,1.6,1.0,42,,Jamaal Lascelles,,4-2-3-1,Stuart Attwell,Match Report,15,2,17.6,1,0,0,Newcastle United,2021,September,1,Early season,False,,3,0.4
2020-09-20,14:00,Premier League,Matchweek 2,Sun,Home,L,0,3,Brighton And Hove Albion,0.5,1.8,47,,Jamaal Lascelles,,,Kevin Friend,Match Report,6,0,21.3,0,0,0,Newcastle United,2021,September,2,Early season,False,,0,-0.5
2020-09-27,14:00,Premier League,Matchweek 3,Sun,Away,D,1,1,Tottenham Hotspur,1.0,2.9,34,,Jamaal Lascelles,,4-2-3-1,Peter Bankes,Match Report,5,0,19.1,0,1,1,Newcastle United,2021,September,3,Early season,False,,1,0.0
2020-10-03,20:00,Premier League,Matchweek 4,Sat,Home,W,3,1,Burnley,1.8,0.4,48,,Jonjo Shelvey,,,David Coote,Match Report,9,4,19.8,0,1,1,Newcastle United,2021,October,4,Early season,False,,3,1.2
2020-10-17,20:00,Premier League,Matchweek 5,Sat,Home,L,1,4,Manchester United,0.9,2.3,37,,Jamaal Lascelles,4-1-4-1,4-2-3-1,Craig Pawson,Match Report,7,4,20.6,0,0,0,Newcastle United,2021,October,5,Early season,False,,0,0.1
2020-10-25,16:30,Premier League,Matchweek 6,Sun,Away,D,1,1,Wolverhampton Wanderers,0.3,0.7,37,,Jamaal Lascelles,,,Lee Mason,Match Report,5,2,21.2,1,0,0,Newcastle United,2021,October,6,Early season,False,,1,0.7
2020-11-01,14:00,Premier League,Matchweek 7,Sun,Home,W,2,1,Everton,2.9,1.5,39,,Jamaal Lascelles,,4-3-2-1,Stuart Attwell,Match Report,10,3,17.8,0,1,1,Newcastle United,2021,November,7,Early season,False,,3,-0.9
2020-11-06,20:00,Premier League,Matchweek 8,Fri,Away,L,0,2,Southampton,0.3,0.7,39,,Jamaal Lascelles,,,Peter Bankes,Match Report,4,2,15.2,1,0,0,Newcastle United,2021,November,8,Early season,False,,0,-0.3
2020-11-21,12:30,Premier League,Matchweek 9,Sat,Home,L,0,2,Chelsea,0.3,1.5,30,,Jamaal Lascelles,,,Craig Pawson,Match Report,8,1,23.7,0,0,0,Newcastle United,2021,November,9,Early season,False,,0,-0.3
2020-11-27,20:00,Premier League,Matchweek 10,Fri,Away,W,2,0,Crystal Palace,1.3,0.6,43,,Jonjo Shelvey,,,Graham Scott,Match Report,14,7,19.5,2,0,0,Newcastle United,2021,November,10,Early season,False,,3,0.7
2020-12-12,15:00,Premier League,Matchweek 12,Sat,Home,W,2,1,West Bromwich Albion,0.8,0.6,46,,Jonjo Shelvey,,,Darren England,Match Report,12,6,16.7,0,0,0,Newcastle United,2021,December,12,Early season,False,,3,1.2
2020-12-16,18:00,Premier League,Matchweek 13,Wed,Away,L,2,5,Leeds United,1.5,2.7,32,,Federico Fernández,,4-1-4-1,Simon Hooper,Match Report,10,4,13.9,1,0,0,Newcastle United,2021,December,13,Early season,False,,0,0.5
2020-12-19,20:00,Premier League,Matchweek 14,Sat,Home,D,1,1,Fulham,1.4,1.0,49,,Jonjo Shelvey,,,Graham Scott,Match Report,11,4,22.3,2,1,1,Newcastle United,2021,December,14,Mid season,False,,1,-0.4
2020-12-26,20:00,Premier League,Matchweek 15,Sat,Away,L,0,2,Manchester City,0.3,3.0,26,,Federico Fernández,,,Andre Marriner,Match Report,7,2,21.2,0,0,0,Newcastle United,2021,December,15,Mid season,False,,0,-0.3
2020-12-30,20:00,Premier League,Matchweek 16,Wed,Home,D,0,0,Liverpool,0.5,1.4,28,,Federico Fernández,,,Paul Tierney,Match Report,8,2,17.0,0,0,0,Newcastle United,2021,December,16,Mid season,False,,1,-0.5
2021-01-03,14:15,Premier League,Matchweek 17,Sun,Home,L,1,2,Leicester City,0.5,0.6,44,,Federico Fernández,,4-2-3-1,Robert Jones,Match Report,8,2,15.1,0,0,0,Newcastle United,2021,January,17,Mid season,False,,0,0.5
2021-01-12,18:00,Premier League,Matchweek 18,Tue,Away,L,0,1,Sheffield United,0.6,2.1,35,,Federico Fernández,,,Andy Madley,Match Report,7,3,22.6,2,0,0,Newcastle United,2021,January,18,Mid season,False,,0,-0.6
2021-01-18,20:00,Premier League,Matchweek 19,Mon,Away,L,0,3,Arsenal,0.2,2.4,34,,Jamaal Lascelles,,4-2-3-1,David Coote,Match Report,4,1,17.3,0,0,0,Newcastle United,2021,January,19,Mid season,False,,0,-0.2
2021-01-23,20:00,Premier League,Matchweek 11,Sat,Away,L,0,2,Aston Villa,0.5,2.3,42,,Jamaal Lascelles,,4-2-3-1,Simon Hooper,Match Report,7,1,14.5,0,0,0,Newcastle United,2021,January,11,Early season,False,,0,-0.5
2021-01-26,18:00,Premier League,Matchweek 20,Tue,Home,L,1,2,Leeds United,1.4,0.7,42,,Jamaal Lascelles,4-4-1-1,4-1-4-1,Anthony Taylor,Match Report,22,5,22.0,4,0,0,Newcastle United,2021,January,20,Mid season,False,,0,-0.4
2021-01-30,12:30,Premier League,Matchweek 21,Sat,Away,W,2,0,Everton,1.7,0.8,40,,Jamaal Lascelles,4-3-1-2,4-2-3-1,Stuart Attwell,Match Report,13,3,17.1,2,0,0,Newcastle United,2021,January,21,Mid season,False,,3,0.3
2021-02-02,20:15,Premier League,Matchweek 22,Tue,Home,L,1,2,Crystal Palace,1.9,0.7,61,,Jonjo Shelvey,4-3-1-2,,Darren England,Match Report,21,5,16.2,1,0,0,Newcastle United,2021,February,22,Mid season,False,,0,-0.9
2021-02-06,15:00,Premier League,Matchweek 23,Sat,Home,W,3,2,Southampton,0.7,1.3,27,,Jonjo Shelvey,4-3-1-2,,Craig Pawson,Match Report,6,4,16.1,1,0,0,Newcastle United,2021,February,23,Mid season,False,,3,2.3
2021-02-15,20:00,Premier League,Matchweek 24,Mon,Away,L,0,2,Chelsea,0.6,2.2,36,,Jamaal Lascelles,,,Peter Bankes,Match Report,10,4,20.5,1,0,0,Newcastle United,2021,February,24,Mid season,False,,0,-0.6
2021-02-21,19:00,Premier League,Matchweek 25,Sun,Away,L,1,3,Manchester United,0.4,1.7,29,,Jamaal Lascelles,4-3-1-2,4-2-3-1,Paul Tierney,Match Report,10,6,23.0,0,0,0,Newcastle United,2021,February,25,Mid season,False,,0,0.6
2021-02-27,20:00,Premier League,Matchweek 26,Sat,Home,D,1,1,Wolverhampton Wanderers,1.7,1.1,48,,Jamaal Lascelles,,,Mike Dean,Match Report,19,6,18.9,1,0,0,Newcastle United,2021,February,26,Late season,False,,1,-0.7
2021-03-07,12:00,Premier League,Matchweek 27,Sun,Away,D,0,0,West Bromwich Albion,0.5,2.0,47,,Jamaal Lascelles,4-3-1-2,4-1-4-1,Martin Atkinson,Match Report,9,5,18.6,0,0,0,Newcastle United,2021,March,27,Late season,False,,1,-0.5
2021-03-12,20:00,Premier League,Matchweek 28,Fri,Home,D,1,1,Aston Villa,1.5,0.9,49,,Jamaal Lascelles,,,Paul Tierney,Match Report,12,3,15.8,0,0,0,Newcastle United,2021,March,28,Late season,False,,1,-0.5
2021-03-20,20:00,Premier League,Matchweek 29,Sat,Away,L,0,3,Brighton And Hove Albion,0.1,0.9,35,,Jamaal Lascelles,,3-4-1-2,Anthony Taylor,Match Report,3,1,19.5,0,0,0,Newcastle United,2021,March,29,Late season,False,,0,-0.1
2021-04-04,14:05,Premier League,Matchweek 30,Sun,Home,D,2,2,Tottenham Hotspur,3.4,2.7,42,,Jamaal Lascelles,,,Craig Pawson,Match Report,22,6,13.9,0,0,0,Newcastle United,2021,April,30,Late season,False,,1,-1.4
2021-04-11,12:00,Premier League,Matchweek 31,Sun,Away,W,2,1,Burnley,1.2,2.0,44,,Jonjo Shelvey,,,Anthony Taylor,Match Report,10,4,12.7,0,0,0,Newcastle United,2021,April,31,Late season,False,,3,0.8
2021-04-17,12:30,Premier League,Matchweek 32,Sat,Home,W,3,2,West Ham United,2.2,1.9,34,,Jonjo Shelvey,,3-4-1-2,Kevin Friend,Match Report,16,6,19.1,0,0,0,Newcastle United,2021,April,32,Late season,False,,3,0.8
2021-04-24,12:30,Premier League,Matchweek 33,Sat,Away,D,1,1,Liverpool,1.0,2.4,32,,Jonjo Shelvey,,,Andre Marriner,Match Report,7,4,16.0,0,0,0,Newcastle United,2021,April,33,Late season,False,,1,0.0
2021-05-02,14:00,Premier League,Matchweek 34,Sun,Home,L,0,2,Arsenal,0.3,2.0,39,,Jonjo Shelvey,,4-2-3-1,Mike Dean,Match Report,5,1,20.4,0,0,0,Newcastle United,2021,May,34,Late season,False,,0,-0.3
2021-05-07,20:00,Premier League,Matchweek 35,Fri,Away,W,4,2,Leicester City,2.7,2.2,32,,Jonjo Shelvey,,3-4-1-2,Darren England,Match Report,14,6,17.2,2,0,0,Newcastle United,2021,May,35,Late season,False,,3,1.3
2021-05-14,20:00,Premier League,Matchweek 36,Fri,Home,L,3,4,Manchester City,2.2,1.5,18,,Jonjo Shelvey,,,Kevin Friend,Match Report,9,3,17.8,1,1,2,Newcastle United,2021,May,36,Late season,False,,0,0.8
2021-05-19,18:00,Premier League,Matchweek 37,Wed,Home,W,1,0,Sheffield United,1.6,0.9,51,10000.0,Jonjo Shelvey,,,Robert Jones,Match Report,16,5,19.2,2,0,0,Newcastle United,2021,May,37,Late season,False,False,3,-0.6
2021-05-23,16:00,Premier League,Matchweek 38,Sun,Away,W,2,0,Fulham,1.3,1.0,36,2000.0,Jonjo Shelvey,,,Chris Kavanagh,Match Report,9,3,21.4,0,1,1,Newcastle United,2021,May,38,Late season,False,True,3,0.7
2021-08-15,14:00,Premier League,Matchweek 1,Sun,Home,L,2,4,West Ham United,1.8,2.7,46,50673.0,Federico Fernández,,4-2-3-1,Martin Atkinson,Match Report,17,3,16.3,0,0,0,Newcastle United,2022,August,1,Early season,False,False,0,0.2
2021-08-21,15:00,Premier League,Matchweek 2,Sat,Away,L,0,2,Aston Villa,0.7,1.2,53,41964.0,Jamaal Lascelles,,,David Coote,Match Report,9,1,16.1,0,0,0,Newcastle United,2022,August,2,Early season,False,False,0,-0.7
2021-08-28,15:00,Premier League,Matchweek 3,Sat,Home,D,2,2,Southampton,1.0,3.6,37,44017.0,Jamaal Lascelles,,,Paul Tierney,Match Report,10,4,16.5,1,0,0,Newcastle United,2022,August,3,Early season,False,False,1,1.0
2021-09-11,15:00,Premier League,Matchweek 4,Sat,Away,L,1,4,Manchester United,0.4,2.5,37,72732.0,Jamaal Lascelles,,4-2-3-1,Anthony Taylor,Match Report,12,3,22.5,0,0,0,Newcastle United,2022,September,4,Early season,False,False,0,0.6
2021-09-17,20:00,Premier League,Matchweek 5,Fri,Home,D,1,1,Leeds United,1.3,1.5,35,50407.0,Jamaal Lascelles,,4-1-4-1,Mike Dean,Match Report,17,7,19.2,0,0,0,Newcastle United,2022,September,5,Early season,False,False,1,-0.3
2021-09-25,15:00,Premier League,Matchweek 6,Sat,Away,D,1,1,Watford,1.9,0.9,47,20650.0,Federico Fernández,4-1-4-1,4-2-3-1,Jarred Gillett,Match Report,20,6,17.9,1,0,0,Newcastle United,2022,September,6,Early season,False,False,1,-0.9
2021-10-02,15:00,Premier League,Matchweek 7,Sat,Away,L,1,2,Wolverhampton Wanderers,0.6,1.0,48,30483.0,Federico Fernández,4-1-4-1,,Graham Scott,Match Report,8,2,16.5,1,0,0,Newcastle United,2022,October,7,Early season,False,False,0,0.4
2021-10-17,16:30,Premier League,Matchweek 8,Sun,Home,L,2,3,Tottenham Hotspur,0.4,1.7,36,52214.0,Jamaal Lascelles,4-1-4-1,4-2-3-1,Andre Marriner,Match Report,7,1,17.4,0,0,0,Newcastle United,2022,October,8,Early season,False,False,0,1.6
2021-10-23,15:00,Premier League,Matchweek 9,Sat,Away,D,1,1,Crystal Palace,0.3,1.9,26,24609.0,Jamaal Lascelles,,,Darren England,Match Report,6,1,14.2,0,0,0,Newcastle United,2022,October,9,Early season,False,False,1,0.7
2021-10-30,15:00,Premier League,Matchweek 10,Sat,Home,L,0,3,Chelsea,0.2,2.2,21,52208.0,Jamaal Lascelles,,,Paul Tierney,Match Report,6,1,19.7,0,0,0,Newcastle United,2022,October,10,Early season,False,False,0,-0.2
2021-11-06,17:30,Premier League,Matchweek 11,Sat,Away,D,1,1,Brighton And Hove Albion,0.3,1.5,35,31267.0,Jamaal Lascelles,,4-2-3-1,David Coote,Match Report,6,1,18.1,0,0,0,Newcastle United,2022,November,11,Early season,False,False,1,0.7
2021-11-20,15:00,Premier League,Matchweek 12,Sat,Home,D,3,3,Brentford,1.5,0.9,53,52131.0,Jamaal Lascelles,,,Robert Jones,Match Report,23,8,16.1,0,0,0,Newcastle United,2022,November,12,Early season,False,False,1,1.5
2021-11-27,12:30,Premier League,Matchweek 13,Sat,Away,L,0,2,Arsenal,0.3,2.5,34,59886.0,Jamaal Lascelles,,4-4-1-1,Stuart Attwell,Match Report,9,5,24.5,0,0,0,Newcastle United,2022,November,13,Early season,False,False,0,-0.3
2021-11-30,19:30,Premier League,Matchweek 14,Tue,Home,D,1,1,Norwich City,1.1,1.2,32,50757.0,Callum Wilson,,4-1-4-1,Andy Madley,Match Report,8,0,22.6,0,1,1,Newcastle United,2022,November,14,Mid season,False,False,1,-0.1
2021-12-04,15:00,Premier League,Matchweek 15,Sat,Home,W,1,0,Burnley,1.0,0.6,48,51948.0,Jamaal Lascelles,,,Paul Tierney,Match Report,19,4,17.9,0,0,0,Newcastle United,2022,December,15,Mid season,False,False,3,0.0
2021-12-12,14:00,Premier League,Matchweek 16,Sun,Away,L,0,4,Leicester City,1.0,2.6,53,31959.0,Jamaal Lascelles,,4-2-3-1,Peter Bankes,Match Report,12,3,18.1,0,0,0,Newcastle United,2022,December,16,Mid season,False,False,0,-1.0
2021-12-16,20:00,Premier League,Matchweek 17,Thu,Away,L,1,3,Liverpool,0.3,2.7,26,52951.0,Jamaal Lascelles,,,Mike Dean,Match Report,5,3,31.4,2,0,0,Newcastle United,2022,December,17,Mid season,False,False,0,0.7
2021-12-19,14:15,Premier League,Matchweek 18,Sun,Home,L,0,4,Manchester City,0.3,2.9,29,52127.0,Jamaal Lascelles,,4-2-3-1,Martin Atkinson,Match Report,5,1,19.9,0,0,0,Newcastle United,2022,December,18,Mid season,False,False,0,-0.3
2021-12-27,20:00,Premier League,Matchweek 19,Mon,Home,D,1,1,Manchester United,1.3,1.6,32,52178.0,Jamaal Lascelles,,4-2-2-2,Craig Pawson,Match Report,13,8,22.6,0,0,0,Newcastle United,2022,December,19,Mid season,False,False,1,-0.3
2022-01-15,15:00,Premier League,Matchweek 22,Sat,Home,D,1,1,Watford,1.2,1.4,52,52223.0,Jamaal Lascelles,,,Paul Tierney,Match Report,12,1,14.6,0,0,0,Newcastle United,2022,January,22,Mid season,False,False,1,-0.2
2022-01-22,15:00,Premier League,Matchweek 23,Sat,Away,W,1,0,Leeds United,0.9,0.7,38,36405.0,Jamaal Lascelles,,4-2-3-1,Chris Kavanagh,Match Report,15,3,19.7,1,0,0,Newcastle United,2022,January,23,Mid season,False,False,3,0.1
2022-02-08,19:45,Premier League,Matchweek 24,Tue,Home,W,3,1,Everton,1.9,0.7,40,52186.0,Jamaal Lascelles,,,Anthony Taylor,Match Report,20,9,14.0,1,0,0,Newcastle United,2022,February,24,Mid season,False,False,3,1.1
2022-02-13,14:00,Premier League,Matchweek 25,Sun,Home,W,1,0,Aston Villa,0.5,0.6,38,52207.0,Kieran Trippier,,,Craig Pawson,Match Report,10,2,21.5,1,0,0,Newcastle United,2022,February,25,Mid season,False,False,3,0.5
2022-02-19,12:30,Premier League,Matchweek 26,Sat,Away,D,1,1,West Ham United,0.8,0.6,53,59949.0,Jonjo Shelvey,,4-2-3-1,Chris Kavanagh,Match Report,14,3,16.0,0,0,0,Newcastle United,2022,February,26,Late season,False,False,1,0.2
2022-02-26,15:00,Premier League,Matchweek 27,Sat,Away,W,2,0,Brentford,2.7,0.4,63,17039.0,Jonjo Shelvey,,,Mike Dean,Match Report,26,11,15.7,2,0,0,Newcastle United,2022,February,27,Late season,False,False,3,-0.7
2022-03-05,15:00,Premier League,Matchweek 28,Sat,Home,W,2,1,Brighton And Hove Albion,1.7,1.5,32,52214.0,Jonjo Shelvey,,4-1-2-1-2,Martin Atkinson,Match Report,10,4,12.2,0,0,0,Newcastle United,2022,March,28,Late season,False,False,3,0.3
2022-03-10,19:30,Premier League,Matchweek 21,Thu,Away,W,2,1,Southampton,0.6,1.1,33,30056.0,Jonjo Shelvey,,,Kevin Friend,Match Report,8,3,16.4,0,0,0,Newcastle United,2022,March,21,Mid season,False,False,3,1.4
2022-03-13,14:00,Premier League,Matchweek 29,Sun,Away,L,0,1,Chelsea,0.3,1.1,29,40026.0,Jamaal Lascelles,,,David Coote,Match Report,7,2,18.2,0,0,0,Newcastle United,2022,March,29,Late season,False,False,0,-0.3
2022-03-17,19:45,Premier League,Matchweek 20,Thu,Away,L,0,1,Everton,0.9,0.7,61,39068.0,Fabian Schär,,4-2-3-1,Craig Pawson,Match Report,17,6,20.7,1,0,0,Newcastle United,2022,March,20,Mid season,False,False,0,-0.9
2022-04-03,16:30,Premier League,Matchweek 31,Sun,Away,L,1,5,Tottenham Hotspur,0.5,3.1,40,57553.0,Jonjo Shelvey,,,Martin Atkinson,Match Report,8,1,18.0,1,0,0,Newcastle United,2022,April,31,Late season,False,False,0,0.5
2022-04-08,20:00,Premier League,Matchweek 32,Fri,Home,W,1,0,Wolverhampton Wanderers,1.5,0.4,42,52164.0,Jonjo Shelvey,,,Peter Bankes,Match Report,11,3,19.7,1,1,1,Newcastle United,2022,April,32,Late season,False,False,3,-0.5
2022-04-17,14:15,Premier League,Matchweek 33,Sun,Home,W,2,1,Leicester City,1.8,0.6,32,52104.0,Jonjo Shelvey,,4-1-4-1,Jarred Gillett,Match Report,16,7,15.4,1,0,0,Newcastle United,2022,April,33,Late season,False,False,3,0.2
2022-04-20,19:45,Premier League,Matchweek 30,Wed,Home,W,1,0,Crystal Palace,0.9,0.5,37,51938.0,Jonjo Shelvey,,4-2-3-1,Tony Harrington,Match Report,13,4,18.1,0,0,0,Newcastle United,2022,April,30,Late season,False,False,3,0.1
2022-04-23,15:00,Premier League,Matchweek 34,Sat,Away,W,3,0,Norwich City,1.9,0.6,54,26910.0,Jamaal Lascelles,,4-2-3-1,Chris Kavanagh,Match Report,13,7,15.6,0,0,0,Newcastle United,2022,April,34,Late season,False,False,3,1.1
2022-04-30,12:30,Premier League,Matchweek 35,Sat,Home,L,0,1,Liverpool,0.2,2.3,36,52281.0,Jonjo Shelvey,,,Andre Marriner,Match Report,4,2,28.3,1,0,0,Newcastle United,2022,April,35,Late season,False,False,0,-0.2
2022-05-08,16:30,Premier League,Matchweek 36,Sun,Away,L,0,5,Manchester City,0.8,3.1,29,53336.0,Jamaal Lascelles,,4-2-3-1,Stuart Attwell,Match Report,7,3,16.5,0,0,0,Newcastle United,2022,May,36,Late season,False,False,0,-0.8
2022-05-16,20:00,Premier League,Matchweek 37,Mon,Home,W,2,0,Arsenal,1.6,0.6,51,52274.0,Callum Wilson,,4-2-3-1,Darren England,Match Report,16,4,19.1,0,0,0,Newcastle United,2022,May,37,Late season,False,False,3,0.4
2022-05-22,16:00,Premier League,Matchweek 38,Sun,Away,W,2,1,Burnley,1.8,1.6,48,21361.0,Jamaal Lascelles,,,Craig Pawson,Match Report,7,5,23.0,0,1,1,Newcastle United,2022,May,38,Late season,False,False,3,0.2
2022-08-06,15:00,Premier League,Matchweek 1,Sat,Home,W,2,0,Nottingham Forest,1.7,0.3,61,52245.0,Kieran Trippier,,3-4-1-2,Simon Hooper,Match Report,23,9,16.0,1,0,0,Newcastle United,2023,August,1,Early season,False,False,3,0.3
2022-08-13,15:00,Premier League,Matchweek 2,Sat,Away,D,0,0,Brighton And Hove Albion,0.2,1.5,46,31552.0,Kieran Trippier,,3-4-1-2,Graham Scott,Match Report,4,1,17.8,0,0,0,Newcastle United,2023,August,2,Early season,False,False,1,-0.2
2022-08-21,16:30,Premier League,Matchweek 3,Sun,Home,D,3,3,Manchester City,1.8,2.1,31,52258.0,Kieran Trippier,,,Jarred Gillett,Match Report,12,5,14.8,1,0,0,Newcastle United,2023,August,3,Early season,False,False,1,1.2
2022-08-28,14:00,Premier League,Matchweek 4,Sun,Away,D,1,1,Wolverhampton Wanderers,1.7,0.7,63,31311.0,Kieran Trippier,,,Peter Bankes,Match Report,21,6,18.1,1,0,0,Newcastle United,2023,August,4,Early season,False,False,1,-0.7
2022-08-31,20:00,Premier League,Matchweek 5,Wed,Away,L,1,2,Liverpool,0.7,1.5,28,53316.0,Jamaal Lascelles,,,Andre Marriner,Match Report,5,2,18.2,1,0,0,Newcastle United,2023,August,5,Early season,False,False,0,0.3
2022-09-03,15:00,Premier League,Matchweek 6,Sat,Home,D,0,0,Crystal Palace,2.8,1.0,52,51863.0,Kieran Trippier,,,Michael Salisbury,Match Report,23,5,12.8,1,0,0,Newcastle United,2023,September,6,Early season,False,False,1,-2.8
2022-09-17,15:00,Premier League,Matchweek 8,Sat,Home,D,1,1,Bournemouth,1.9,0.7,72,52238.0,Kieran Trippier,,4-2-3-1,Craig Pawson,Match Report,19,6,20.0,1,1,1,Newcastle United,2023,September,8,Early season,False,False,1,-0.9
2022-10-01,15:00,Premier League,Matchweek 9,Sat,Away,W,4,1,Fulham,3.3,0.5,67,22913.0,Kieran Trippier,,4-2-3-1,Darren England,Match Report,19,10,12.9,0,0,0,Newcastle United,2023,October,9,Early season,False,False,3,0.7
2022-10-08,15:00,Premier League,Matchweek 10,Sat,Home,W,5,1,Brentford,1.5,1.2,54,52067.0,Kieran Trippier,,,John Brooks,Match Report,16,6,18.6,0,0,0,Newcastle United,2023,October,10,Early season,False,False,3,3.5
2022-10-16,14:00,Premier League,Matchweek 11,Sun,Away,D,0,0,Manchester United,0.8,0.8,37,73726.0,Kieran Trippier,,4-2-3-1,Craig Pawson,Match Report,9,2,14.7,1,0,0,Newcastle United,2023,October,11,Early season,False,False,1,-0.8
2022-10-19,19:30,Premier League,Matchweek 12,Wed,Home,W,1,0,Everton,1.5,0.2,49,52247.0,Kieran Trippier,,,Tony Harrington,Match Report,16,4,14.2,0,0,0,Newcastle United,2023,October,12,Early season,False,False,3,-0.5
2022-10-23,16:30,Premier League,Matchweek 13,Sun,Away,W,2,1,Tottenham Hotspur,1.2,1.6,47,61726.0,Kieran Trippier,,,Jarred Gillett,Match Report,13,5,18.4,0,0,0,Newcastle United,2023,October,13,Early season,False,False,3,0.8
2022-10-29,15:00,Premier League,Matchweek 14,Sat,Home,W,4,0,Aston Villa,3.4,0.4,59,52233.0,Kieran Trippier,,4-2-3-1,Paul Tierney,Match Report,19,6,16.3,0,1,1,Newcastle United,2023,October,14,Mid season,False,False,3,0.6
2022-11-06,14:00,Premier League,Matchweek 15,Sun,Away,W,4,1,Southampton,0.9,1.7,45,30402.0,Kieran Trippier,,4-2-3-1,Stuart Attwell,Match Report,7,4,15.4,0,0,0,Newcastle United,2023,November,15,Mid season,False,False,3,3.1
2022-11-12,17:30,Premier League,Matchweek 16,Sat,Home,W,1,0,Chelsea,1.0,0.3,49,52264.0,Kieran Trippier,,,Robert Jones,Match Report,10,3,15.4,0,0,0,Newcastle United,2023,November,16,Mid season,False,False,3,0.0
2022-12-26,15:00,Premier League,Matchweek 17,Mon,Away,W,3,0,Leicester City,1.9,0.5,40,32185.0,Kieran Trippier,,4-2-3-1,Jarred Gillett,Match Report,11,4,16.8,0,1,1,Newcastle United,2023,December,17,Mid season,False,False,3,1.1
2022-12-31,15:00,Premier League,Matchweek 18,Sat,Home,D,0,0,Leeds United,2.2,0.4,60,52211.0,Kieran Trippier,,4-2-3-1,Simon Hooper,Match Report,16,5,15.4,1,0,0,Newcastle United,2023,December,18,Mid season,False,False,1,-2.2
2023-01-03,19:45,Premier League,Matchweek 19,Tue,Away,D,0,0,Arsenal,1.0,1.1,34,60319.0,Kieran Trippier,,,Andy Madley,Match Report,8,1,13.4,0,0,0,Newcastle United,2023,January,19,Mid season,False,False,1,-1.0
2023-01-15,14:00,Premier League,Matchweek 20,Sun,Home,W,1,0,Fulham,2.2,1.1,62,52247.0,Kieran Trippier,,4-2-3-1,Robert Jones,Match Report,20,5,16.7,2,0,0,Newcastle United,2023,January,20,Mid season,False,False,3,-1.2
2023-01-21,17:30,Premier League,Matchweek 21,Sat,Away,D,0,0,Crystal Palace,1.2,0.3,60,25350.0,Kieran Trippier,,4-2-3-1,Craig Pawson,Match Report,16,7,13.1,0,0,0,Newcastle United,2023,January,21,Mid season,False,False,1,-1.2
2023-02-04,17:30,Premier League,Matchweek 22,Sat,Home,D,1,1,West Ham United,1.0,1.0,62,52256.0,Kieran Trippier,,,Peter Bankes,Match Report,8,2,13.5,0,0,0,Newcastle United,2023,February,22,Mid season,False,False,1,0.0
2023-02-11,17:30,Premier League,Matchweek 23,Sat,Away,D,1,1,Bournemouth,1.3,1.5,66,10419.0,Kieran Trippier,,4-4-1-1,Stuart Attwell,Match Report,15,7,16.9,0,0,0,Newcastle United,2023,February,23,Mid season,False,False,1,-0.3
2023-02-18,17:30,Premier League,Matchweek 24,Sat,Home,L,0,2,Liverpool,2.0,1.9,38,52758.0,Kieran Trippier,,,Anthony Taylor,Match Report,14,4,12.9,0,0,0,Newcastle United,2023,February,24,Mid season,False,False,0,-2.0
2023-03-04,12:30,Premier League,Matchweek 26,Sat,Away,L,0,2,Manchester City,0.4,1.3,44,53419.0,Jamaal Lascelles,,4-2-3-1,Simon Hooper,Match Report,5,2,15.0,1,0,0,Newcastle United,2023,March,26,Late season,False,False,0,-0.4
2023-03-12,16:30,Premier League,Matchweek 27,Sun,Home,W,2,1,Wolverhampton Wanderers,1.8,1.1,43,52240.0,Kieran Trippier,,4-2-3-1,Andy Madley,Match Report,19,8,15.9,2,0,0,Newcastle United,2023,March,27,Late season,False,False,3,0.2
2023-03-17,20:00,Premier League,Matchweek 28,Fri,Away,W,2,1,Nottingham Forest,2.4,0.4,61,29362.0,Kieran Trippier,,4-2-3-1,Paul Tierney,Match Report,14,3,15.2,0,1,1,Newcastle United,2023,March,28,Late season,False,False,3,-0.4
2023-04-02,16:30,Premier League,Matchweek 29,Sun,Home,W,2,0,Manchester United,3.7,0.4,46,52268.0,Kieran Trippier,,4-2-3-1,Stuart Attwell,Match Report,22,6,13.2,0,0,0,Newcastle United,2023,April,29,Late season,False,False,3,-1.7
2023-04-05,20:00,Premier League,Matchweek 7,Wed,Away,W,5,1,West Ham United,3.3,1.0,58,62481.0,Kieran Trippier,,4-2-3-1,Craig Pawson,Match Report,15,7,20.4,0,0,0,Newcastle United,2023,April,7,Early season,False,False,3,1.7
2023-04-08,15:00,Premier League,Matchweek 30,Sat,Away,W,2,1,Brentford,1.3,2.6,58,17107.0,Kieran Trippier,,,Chris Kavanagh,Match Report,10,4,14.8,0,0,0,Newcastle United,2023,April,30,Late season,False,False,3,0.7
2023-04-15,12:30,Premier League,Matchweek 31,Sat,Away,L,0,3,Aston Villa,0.5,1.9,48,42055.0,Kieran Trippier,,4-2-3-1,John Brooks,Match Report,8,2,16.8,0,0,0,Newcastle United,2023,April,31,Late season,False,False,0,-0.5
2023-04-23,14:00,Premier League,Matchweek 32,Sun,Home,W,6,1,Tottenham Hotspur,3.7,1.0,56,52252.0,Kieran Trippier,,,David Coote,Match Report,25,8,14.3,0,0,0,Newcastle United,2023,April,32,Late season,False,False,3,2.3
2023-04-27,19:45,Premier League,Matchweek 33,Thu,Away,W,4,1,Everton,2.4,0.9,60,39248.0,Kieran Trippier,,,Andre Marriner,Match Report,15,7,14.3,0,0,0,Newcastle United,2023,April,33,Late season,False,False,3,1.6
2023-04-30,14:00,Premier League,Matchweek 34,Sun,Home,W,3,1,Southampton,4.3,0.8,63,52234.0,Kieran Trippier,,,Anthony Taylor,Match Report,22,5,13.3,0,0,0,Newcastle United,2023,April,34,Late season,False,False,3,-1.3
2023-05-07,16:30,Premier League,Matchweek 35,Sun,Home,L,0,2,Arsenal,1.3,1.3,55,50267.0,Kieran Trippier,,,Chris Kavanagh,Match Report,12,5,14.8,0,0,0,Newcastle United,2023,May,35,Late season,False,False,0,-1.3
2023-05-13,12:30,Premier League,Matchweek 36,Sat,Away,D,2,2,Leeds United,2.3,2.0,64,36955.0,Kieran Trippier,,,Simon Hooper,Match Report,16,3,19.1,1,2,2,Newcastle United,2023,May,36,Late season,False,False,1,-0.3
2023-05-18,19:30,Premier League,Matchweek 25,Thu,Home,W,4,1,Brighton And Hove Albion,3.6,0.5,35,52122.0,Kieran Trippier,,4-2-3-1,Robert Jones,Match Report,22,8,13.3,1,0,0,Newcastle United,2023,May,25,Mid season,False,False,3,0.4
2023-05-22,20:00,Premier League,Matchweek 37,Mon,Home,D,0,0,Leicester City,2.1,0.1,77,52152.0,Kieran Trippier,,,Andre Marriner,Match Report,23,3,15.9,0,0,0,Newcastle United,2023,May,37,Late season,False,False,1,-2.1
2023-05-28,16:30,Premier League,Matchweek 38,Sun,Away,D,1,1,Chelsea,1.7,2.2,36,40130.0,Kieran Trippier,,4-2-3-1,Jarred Gillett,Match Report,13,4,17.1,0,0,0,Newcastle United,2023,May,38,Late season,False,False,1,-0.7
2023-08-12,17:30,Premier League,Matchweek 1,Sat,Home,W,5,1,Aston Villa,3.3,1.8,52,52207.0,Kieran Trippier,,4-2-3-1,Andy Madley,Match Report,17,12,13.2,0,0,0,Newcastle United,2024,August,1,Early season,False,False,3,1.7
2023-08-19,20:00,Premier League,Matchweek 2,Sat,Away,L,0,1,Manchester City,0.3,1.0,41,53419.0,Kieran Trippier,,4-2-3-1,Robert Jones,Match Report,7,1,20.3,0,0,0,Newcastle United,2024,August,2,Early season,False,False,0,-0.3
2023-08-27,16:30,Premier League,Matchweek 3,Sun,Home,L,1,2,Liverpool,2.0,0.9,59,52214.0,Kieran Trippier,,,John Brooks,Match Report,23,8,18.3,1,0,0,Newcastle United,2024,August,3,Early season,False,False,0,-1.0
2023-09-02,17:30,Premier League,Matchweek 4,Sat,Away,L,1,3,Brighton And Hove Albion,1.2,1.3,44,31620.0,Kieran Trippier,,4-2-3-1,Stuart Attwell,Match Report,9,2,14.6,0,0,0,Newcastle United,2024,September,4,Early season,False,False,0,-0.2
2023-09-16,17:30,Premier League,Matchweek 5,Sat,Home,W,1,0,Brentford,1.4,0.5,56,51670.0,Kieran Trippier,,,Craig Pawson,Match Report,8,1,20.2,0,1,1,Newcastle United,2024,September,5,Early season,False,False,3,-0.4
2023-09-24,16:30,Premier League,Matchweek 6,Sun,Away,W,8,0,Sheffield United,3.9,0.9,58,31127.0,Kieran Trippier,,,Stuart Attwell,Match Report,22,15,14.2,0,0,0,Newcastle United,2024,September,6,Early season,False,False,3,4.1
2023-09-30,15:00,Premier League,Matchweek 7,Sat,Home,W,2,0,Burnley,3.1,0.6,53,51687.0,Jamaal Lascelles,,4-2-3-1,Thomas Bramall,Match Report,19,6,15.8,0,1,1,Newcastle United,2024,September,7,Early season,False,False,3,-1.1
2023-10-08,14:00,Premier League,Matchweek 8,Sun,Away,D,2,2,West Ham United,2.0,1.2,64,62473.0,Jamaal Lascelles,,4-2-3-1,Peter Bankes,Match Report,10,3,12.1,0,0,0,Newcastle United,2024,October,8,Early season,False,False,1,0.0
2023-10-21,15:00,Premier League,Matchweek 9,Sat,Home,W,4,0,Crystal Palace,2.4,1.2,59,52189.0,Jamaal Lascelles,,,Tim Robinson,Match Report,10,7,10.2,0,0,0,Newcastle United,2024,October,9,Early season,False,False,3,1.6
2023-10-28,17:30,Premier League,Matchweek 10,Sat,Away,D,2,2,Wolverhampton Wanderers,2.2,0.9,57,31584.0,Jamaal Lascelles,,,Anthony Taylor,Match Report,12,3,14.2,0,1,1,Newcastle United,2024,October,10,Early season,False,False,1,-0.2
2023-11-04,17:30,Premier League,Matchweek 11,Sat,Home,W,1,0,Arsenal,1.0,0.6,42,52194.0,Jamaal Lascelles,,,Stuart Attwell,Match Report,9,1,18.6,0,0,0,Newcastle United,2024,November,11,Early season,False,False,3,0.0
2023-11-11,17:30,Premier League,Matchweek 12,Sat,Away,L,0,2,Bournemouth,0.5,2.4,52,11201.0,Jamaal Lascelles,,4-2-3-1,Chris Kavanagh,Match Report,8,5,19.5,0,0,0,Newcastle United,2024,November,12,Early season,False,False,0,-0.5
2023-11-25,15:00,Premier League,Matchweek 13,Sat,Home,W,4,1,Chelsea,2.4,0.5,54,52227.0,Jamaal Lascelles,,4-2-3-1,Simon Hooper,Match Report,14,5,17.0,1,0,0,Newcastle United,2024,November,13,Early season,False,False,3,1.6
2023-12-02,20:00,Premier League,Matchweek 14,Sat,Home,W,1,0,Manchester United,2.4,0.5,58,52214.0,Jamaal Lascelles,,4-2-3-1,Robert Jones,Match Report,22,4,16.4,1,0,0,Newcastle United,2024,December,14,Mid season,False,False,3,-1.4
2023-12-07,19:30,Premier League,Matchweek 15,Thu,Away,L,0,3,Everton,1.5,3.3,62,38198.0,Jamaal Lascelles,,4-4-1-1,Tim Robinson,Match Report,13,3,19.3,1,0,0,Newcastle United,2024,December,15,Mid season,False,False,0,-1.5
2023-12-10,16:30,Premier League,Matchweek 16,Sun,Away,L,1,4,Tottenham Hotspur,1.7,3.8,44,61171.0,Jamaal Lascelles,,4-2-3-1,Chris Kavanagh,Match Report,9,3,14.4,0,0,0,Newcastle United,2024,December,16,Mid season,False,False,0,-0.7
2023-12-16,15:00,Premier League,Matchweek 17,Sat,Home,W,3,0,Fulham,3.5,0.3,70,52055.0,Jamaal Lascelles,,4-2-3-1,Samuel Barrott,Match Report,27,10,14.4,0,0,0,Newcastle United,2024,December,17,Mid season,False,False,3,-0.5
2023-12-23,15:00,Premier League,Matchweek 18,Sat,Away,L,0,1,Luton Town,1.4,1.4,65,11042.0,Jamaal Lascelles,,,Darren England,Match Report,15,2,12.2,0,0,0,Newcastle United,2024,December,18,Mid season,False,False,0,-1.4
2023-12-26,12:30,Premier League,Matchweek 19,Tue,Home,L,1,3,Nottingham Forest,2.4,3.5,62,52207.0,Kieran Trippier,,4-2-3-1,Chris Kavanagh,Match Report,18,5,15.1,1,1,1,Newcastle United,2024,December,19,Mid season,False,False,0,-1.4
2024-01-01,20:00,Premier League,Matchweek 20,Mon,Away,L,2,4,Liverpool,0.6,7.0,39,57471.0,Dan Burn,,,Anthony Taylor,Match Report,5,3,16.1,0,0,0,Newcastle United,2024,January,20,Mid season,False,False,0,1.4
2024-01-13,17:30,Premier League,Matchweek 21,Sat,Home,L,2,3,Manchester City,1.3,3.0,28,52190.0,Kieran Trippier,,4-2-3-1,Chris Kavanagh,Match Report,12,5,14.7,0,0,0,Newcastle United,2024,January,21,Mid season,False,False,0,0.7
2024-01-30,20:15,Premier League,Matchweek 22,Tue,Away,W,3,1,Aston Villa,2.6,1.4,39,42191.0,Kieran Trippier,,,John Brooks,Match Report,14,5,11.9,0,0,0,Newcastle United,2024,January,22,Mid season,False,False,3,0.4
2024-02-03,15:00,Premier League,Matchweek 23,Sat,Home,D,4,4,Luton Town,2.3,2.4,55,52211.0,Kieran Trippier,,,Thomas Bramall,Match Report,19,6,16.3,0,0,0,Newcastle United,2024,February,23,Mid season,False,False,1,1.7
2024-02-10,17:30,Premier League,Matchweek 24,Sat,Away,W,3,2,Nottingham Forest,0.5,1.5,61,29451.0,Kieran Trippier,,4-2-3-1,Anthony Taylor,Match Report,7,5,19.2,0,0,0,Newcastle United,2024,February,24,Mid season,False,False,3,2.5
2024-02-17,15:00,Premier League,Matchweek 25,Sat,Home,D,2,2,Bournemouth,2.2,2.2,62,52224.0,Kieran Trippier,,4-2-3-1,Michael Salisbury,Match Report,16,4,19.4,0,1,1,Newcastle United,2024,February,25,Mid season,False,False,1,-0.2
2024-02-24,20:00,Premier League,Matchweek 26,Sat,Away,L,1,4,Arsenal,0.2,2.8,45,60298.0,Kieran Trippier,,,Paul Tierney,Match Report,3,2,14.5,0,0,0,Newcastle United,2024,February,26,Late season,False,False,0,0.8
2024-03-02,15:00,Premier League,Matchweek 27,Sat,Home,W,3,0,Wolverhampton Wanderers,2.1,0.8,44,52206.0,Kieran Trippier,,,Tim Robinson,Match Report,14,6,16.3,1,0,0,Newcastle United,2024,March,27,Late season,False,False,3,0.9
2024-03-11,20:00,Premier League,Matchweek 28,Mon,Away,L,2,3,Chelsea,0.7,1.6,56,37753.0,Dan Burn,,4-2-3-1,John Brooks,Match Report,11,3,16.0,0,0,0,Newcastle United,2024,March,28,Late season,False,False,0,1.3
2024-03-30,12:30,Premier League,Matchweek 30,Sat,Home,W,4,3,West Ham United,4.1,1.4,60,52199.0,Jamaal Lascelles,,4-2-3-1,Robert Jones,Match Report,22,7,17.6,0,2,2,Newcastle United,2024,March,30,Late season,False,False,3,-0.1
2024-04-02,19:30,Premier League,Matchweek 31,Tue,Home,D,1,1,Everton,2.4,1.4,57,52135.0,Dan Burn,,4-4-1-1,Tony Harrington,Match Report,18,5,15.7,0,0,0,Newcastle United,2024,April,31,Late season,False,False,1,-1.4
2024-04-06,15:00,Premier League,Matchweek 32,Sat,Away,W,1,0,Fulham,1.0,1.2,34,24418.0,Dan Burn,,4-2-3-1,Samuel Allison,Match Report,12,5,16.8,0,0,0,Newcastle United,2024,April,32,Late season,False,False,3,0.0
2024-04-13,12:30,Premier League,Matchweek 33,Sat,Home,W,4,0,Tottenham Hotspur,2.8,0.8,28,52147.0,Dan Burn,,4-2-3-1,Tim Robinson,Match Report,18,5,11.1,0,0,0,Newcastle United,2024,April,33,Late season,False,False,3,1.2
2024-04-24,20:00,Premier League,Matchweek 29,Wed,Away,L,0,2,Crystal Palace,0.4,0.9,53,25002.0,Dan Burn,,,Thomas Bramall,Match Report,7,2,14.2,0,0,0,Newcastle United,2024,April,29,Late season,False,False,0,-0.4
2024-04-27,15:00,Premier League,Matchweek 35,Sat,Home,W,5,1,Sheffield United,3.1,1.5,60,52196.0,Dan Burn,,,Tony Harrington,Match Report,19,6,16.0,0,1,1,Newcastle United,2024,April,35,Late season,False,False,3,1.9
2024-05-04,15:00,Premier League,Matchweek 36,Sat,Away,W,4,1,Burnley,3.4,1.0,53,21781.0,Dan Burn,,4-2-3-1,Anthony Taylor,Match Report,22,10,17.6,1,0,1,Newcastle United,2024,May,36,Late season,False,False,3,0.6
2024-05-11,15:00,Premier League,Matchweek 37,Sat,Home,D,1,1,Brighton And Hove Albion,2.2,1.4,57,51997.0,Dan Burn,,4-2-3-1,Darren England,Match Report,18,7,15.8,0,0,0,Newcastle United,2024,May,37,Late season,False,False,1,-1.2
2024-05-15,20:00,Premier League,Matchweek 34,Wed,Away,L,2,3,Manchester United,2.2,1.5,55,73582.0,Kieran Trippier,,4-2-2-2,Robert Jones,Match Report,21,7,14.6,0,0,0,Newcastle United,2024,May,34,Late season,False,False,0,-0.2
2024-05-19,16:00,Premier League,Matchweek 38,Sun,Away,W,4,2,Brentford,3.4,1.1,46,17124.0,Dan Burn,,,Simon Hooper,Match Report,12,7,15.4,2,0,0,Newcastle United,2024,May,38,Late season,False,False,3,0.6
2024-08-17,15:00,Premier League,Matchweek 1,Sat,Home,W,1,0,Southampton,0.3,1.8,23,52196.0,Bruno Guimarães,,,Craig Pawson,Match Report,3,1,13.2,0,0,0,Newcastle United,2025,August,1,Early season,False,False,3,0.7
2024-08-25,14:00,Premier League,Matchweek 2,Sun,Away,D,1,1,Bournemouth,1.6,2.2,61,11161.0,Bruno Guimarães,,4-2-3-1,David Coote,Match Report,14,5,12.6,0,0,0,Newcastle United,2025,August,2,Early season,False,False,1,-0.6
2024-09-01,13:30,Premier League,Matchweek 3,Sun,Home,W,2,1,Tottenham Hotspur,1.8,1.2,35,52211.0,Bruno Guimarães,,4-2-3-1,Robert Jones,Match Report,9,3,14.0,0,0,0,Newcastle United,2025,September,3,Early season,False,False,3,0.2
2024-09-15,16:30,Premier League,Matchweek 4,Sun,Away,W,2,1,Wolverhampton Wanderers,1.5,1.2,51,30255.0,Bruno Guimarães,,4-4-1-1,Chris Kavanagh,Match Report,14,6,17.9,0,0,0,Newcastle United,2025,September,4,Early season,False,False,3,0.5
2024-09-21,15:00,Premier League,Matchweek 5,Sat,Away,L,1,3,Fulham,1.5,2.2,61,25700.0,Bruno Guimarães,,4-2-3-1,Peter Bankes,Match Report,16,5,16.9,1,0,0,Newcastle United,2025,September,5,Early season,False,False,0,-0.5
2024-09-28,12:30,Premier League,Matchweek 6,Sat,Home,D,1,1,Manchester City,1.6,0.9,38,52248.0,Bruno Guimarães,,4-2-3-1,Jarred Gillett,Match Report,10,3,15.1,0,1,1,Newcastle United,2025,September,6,Early season,False,False,1,-0.6
2024-10-05,17:30,Premier League,Matchweek 7,Sat,Away,D,0,0,Everton,2.1,0.7,67,39265.0,Bruno Guimarães,,4-2-3-1,Craig Pawson,Match Report,13,1,13.8,0,0,1,Newcastle United,2025,October,7,Early season,False,False,1,-2.1
2024-10-19,15:00,Premier League,Matchweek 8,Sat,Home,L,0,1,Brighton And Hove Albion,2.0,1.1,60,52220.0,Bruno Guimarães,,,Peter Bankes,Match Report,21,6,17.3,2,0,0,Newcastle United,2025,October,8,Early season,False,False,0,-2.0
2024-10-27,14:00,Premier League,Matchweek 9,Sun,Away,L,1,2,Chelsea,1.8,1.6,50,39526.0,Bruno Guimarães,,4-2-3-1,Simon Hooper,Match Report,11,2,14.0,1,0,0,Newcastle United,2025,October,9,Early season,False,False,0,-0.8
2024-11-02,12:30,Premier League,Matchweek 10,Sat,Home,W,1,0,Arsenal,0.5,1.1,37,52249.0,Bruno Guimarães,,,John Brooks,Match Report,9,4,14.6,0,0,0,Newcastle United,2025,November,10,Early season,False,False,3,0.5
2024-11-10,14:00,Premier League,Matchweek 11,Sun,Away,W,3,1,Nottingham Forest,1.6,0.6,56,30145.0,Bruno Guimarães,,4-2-3-1,Anthony Taylor,Match Report,17,6,16.1,0,0,0,Newcastle United,2025,November,11,Early season,False,False,3,1.4
2024-11-25,20:00,Premier League,Matchweek 12,Mon,Home,L,0,2,West Ham United,1.6,0.9,53,52094.0,Bruno Guimarães,,4-2-3-1,Craig Pawson,Match Report,18,2,16.1,0,0,0,Newcastle United,2025,November,12,Early season,False,False,0,-1.6
2024-11-30,15:00,Premier League,Matchweek 13,Sat,Away,D,1,1,Crystal Palace,0.0,1.7,51,25101.0,Bruno Guimarães,,,Darren England,Match Report,1,0,6.9,0,0,0,Newcastle United,2025,November,13,Early season,False,False,1,1.0
2024-12-04,19:30,Premier League,Matchweek 14,Wed,Home,D,3,3,Liverpool,2.1,1.9,42,52237.0,Bruno Guimarães,,4-2-3-1,Andy Madley,Match Report,17,6,19.1,1,0,0,Newcastle United,2025,December,14,Mid season,False,False,1,0.9
2024-12-07,15:00,Premier League,Matchweek 15,Sat,Away,L,2,4,Brentford,1.5,1.2,57,17078.0,Bruno Guimarães,,,Simon Hooper,Match Report,16,3,16.2,0,0,0,Newcastle United,2025,December,15,Mid season,False,False,0,0.5
2024-12-14,15:00,Premier League,Matchweek 16,Sat,Home,W,4,0,Leicester City,3.8,0.2,59,52235.0,Bruno Guimarães,,4-2-3-1,Thomas Bramall,Match Report,27,11,15.1,1,0,0,Newcastle United,2025,December,16,Mid season,False,False,3,0.2
2024-12-21,15:00,Premier League,Matchweek 17,Sat,Away,W,4,0,Ipswich Town,2.3,0.7,58,29774.0,Bruno Guimarães,,4-2-3-1,Stuart Attwell,Match Report,15,7,14.1,0,0,0,Newcastle United,2025,December,17,Mid season,False,False,3,1.7
2024-12-26,15:00,Premier League,Matchweek 18,Thu,Home,W,3,0,Aston Villa,2.7,0.3,62,52168.0,Bruno Guimarães,,4-2-3-1,Anthony Taylor,Match Report,22,7,15.8,1,0,0,Newcastle United,2025,December,18,Mid season,False,False,3,0.3
2024-12-30,20:00,Premier League,Matchweek 19,Mon,Away,W,2,0,Manchester United,1.9,0.8,48,73809.0,Bruno Guimarães,,,Simon Hooper,Match Report,12,4,15.2,0,0,0,Newcastle United,2025,December,19,Mid season,False,False,3,0.1
2025-01-04,12:30,Premier League,Matchweek 20,Sat,Away,W,2,1,Tottenham Hotspur,2.5,0.9,44,61293.0,Bruno Guimarães,,4-2-3-1,Andy Madley,Match Report,14,4,14.2,0,0,0,Newcastle United,2025,January,20,Mid season,False,False,3,-0.5
2025-01-15,19:30,Premier League,Matchweek 21,Wed,Home,W,3,0,Wolverhampton Wanderers,2.1,1.6,60,51975.0,Bruno Guimarães,,,Darren England,Match Report,17,5,17.0,0,0,0,Newcastle United,2025,January,21,Mid season,False,False,3,0.9
2025-01-18,12:30,Premier League,Matchweek 22,Sat,Home,L,1,4,Bournemouth,0.8,2.0,56,52227.0,Bruno Guimarães,,4-2-3-1,Stuart Attwell,Match Report,13,4,19.0,1,0,0,Newcastle United,2025,January,22,Mid season,False,False,0,0.2
2025-01-25,15:00,Premier League,Matchweek 23,Sat,Away,W,3,1,Southampton,2.9,0.8,47,31141.0,Bruno Guimarães,,3-4-1-2,Samuel Barrott,Match Report,16,7,19.3,0,1,1,Newcastle United,2025,January,23,Mid season,False,False,3,0.1
2025-02-01,15:00,Premier League,Matchweek 24,Sat,Home,L,1,2,Fulham,0.8,1.6,49,52173.0,Bruno Guimarães,,4-2-3-1,Chris Kavanagh,Match Report,11,4,15.3,0,0,0,Newcastle United,2025,February,24,Mid season,False,False,0,0.2
2025-02-15,15:00,Premier League,Matchweek 25,Sat,Away,L,0,4,Manchester City,0.5,1.9,39,52479.0,Bruno Guimarães,,4-2-3-1,Andy Madley,Match Report,3,1,10.7,0,0,0,Newcastle United,2025,February,25,Mid season,False,False,0,-0.5
2025-02-23,14:00,Premier League,Matchweek 26,Sun,Home,W,4,3,Nottingham Forest,2.9,1.7,57,52223.0,Bruno Guimarães,,4-2-3-1,Jarred Gillett,Match Report,12,4,11.6,0,1,1,Newcastle United,2025,February,26,Late season,False,False,3,1.1
2025-02-26,20:15,Premier League,Matchweek 27,Wed,Away,L,0,2,Liverpool,0.2,1.7,39,60374.0,Bruno Guimarães,4-2-3-1,4-2-3-1,Stuart Attwell,Match Report,3,0,19.3,1,0,0,Newcastle United,2025,February,27,Late season,False,False,0,-0.2
2025-03-10,20:00,Premier League,Matchweek 28,Mon,Away,W,1,0,West Ham United,1.4,0.7,49,62463.0,Bruno Guimarães,,,Michael Salisbury,Match Report,9,3,13.3,0,0,0,Newcastle United,2025,March,28,Late season,False,False,3,-0.4
2025-04-02,19:45,Premier League,Matchweek 30,Wed,Home,W,2,1,Brentford,1.3,1.5,49,52021.0,Bruno Guimarães,,4-2-3-1,Peter Bankes,Match Report,21,4,17.5,0,0,0,Newcastle United,2025,April,30,Late season,False,False,3,0.7
2025-04-07,20:00,Premier League,Matchweek 31,Mon,Away,W,3,0,Leicester City,3.2,0.5,42,30403.0,Bruno Guimarães,,,Robert Jones,Match Report,16,5,18.7,1,0,0,Newcastle United,2025,April,31,Late season,False,False,3,-0.2
2025-04-13,16:30,Premier League,Matchweek 32,Sun,Home,W,4,1,Manchester United,2.2,0.7,48,52252.0,Bruno Guimarães,,,Chris Kavanagh,Match Report,13,6,13.4,0,0,0,Newcastle United,2025,April,32,Late season,False,False,3,1.8
2025-04-16,19:30,Premier League,Matchweek 29,Wed,Home,W,5,0,Crystal Palace,1.5,2.0,59,52197.0,Bruno Guimarães,,,Darren England,Match Report,14,7,18.4,0,0,0,Newcastle United,2025,April,29,Late season,False,False,3,3.5
2025-04-19,17:30,Premier League,Matchweek 33,Sat,Away,L,1,4,Aston Villa,1.0,2.2,52,42618.0,Bruno Guimarães,,4-2-3-1,Jarred Gillett,Match Report,10,3,14.3,0,0,0,Newcastle United,2025,April,33,Late season,False,False,0,0.0
2025-04-26,15:00,Premier League,Matchweek 34,Sat,Home,W,3,0,Ipswich Town,2.4,0.1,77,52171.0,Bruno Guimarães,,4-4-1-1,Michael Salisbury,Match Report,24,3,17.3,0,1,1,Newcastle United,2025,April,34,Late season,False,False,3,0.6
2025-05-04,14:00,Premier League,Matchweek 35,Sun,Away,D,1,1,Brighton And Hove Albion,1.7,0.7,55,31580.0,Bruno Guimarães,,4-2-3-1,Craig Pawson,Match Report,12,4,19.2,2,1,1,Newcastle United,2025,May,35,Late season,False,False,1,-0.7
2025-05-11,12:00,Premier League,Matchweek 36,Sun,Home,W,2,0,Chelsea,1.6,0.7,45,52231.0,Bruno Guimarães,,4-2-3-1,John Brooks,Match Report,15,6,12.3,0,0,0,Newcastle United,2025,May,36,Late season,False,False,3,0.4
2025-05-18,16:30,Premier League,Matchweek 37,Sun,Away,L,0,1,Arsenal,1.5,0.6,49,60160.0,Bruno Guimarães,,,Simon Hooper,Match Report,14,5,14.3,1,0,0,Newcastle United,2025,May,37,Late season,False,False,0,-1.5
2025-05-25,16:00,Premier League,Matchweek 38,Sun,Home,L,0,1,Everton,1.2,1.2,65,52221.0,Bruno Guimarães,,4-2-3-1,Tony Harrington,Match Report,17,6,17.3,1,0,0,Newcastle United,2025,May,38,Late season,False,False,0,-1.2
2021-08-14,17:30,Premier League,Matchweek 1,Sat,Home,L,0,3,Liverpool,1.4,1.6,50,27023.0,Grant Hanley,,,Andre Marriner,Match Report,14,3,17.1,0,0,0,Norwich City,2022,August,1,Early season,False,False,0,-1.4
2021-08-21,15:00,Premier League,Matchweek 2,Sat,Away,L,0,5,Manchester City,0.1,2.6,33,51437.0,Grant Hanley,,,Graham Scott,Match Report,1,0,16.8,0,0,0,Norwich City,2022,August,2,Early season,False,False,0,-0.1
2021-08-28,15:00,Premier League,Matchweek 3,Sat,Home,L,1,2,Leicester City,1.5,1.5,45,26765.0,Grant Hanley,,,Robert Jones,Match Report,13,3,22.6,1,1,1,Norwich City,2022,August,3,Early season,False,False,0,-0.5
2021-09-11,15:00,Premier League,Matchweek 4,Sat,Away,L,0,1,Arsenal,0.7,2.7,49,58000.0,Grant Hanley,,4-2-3-1,Michael Oliver,Match Report,10,1,19.9,1,0,0,Norwich City,2022,September,4,Early season,False,False,0,-0.7
2021-09-18,15:00,Premier League,Matchweek 5,Sat,Home,L,1,3,Watford,1.0,2.4,49,26649.0,Grant Hanley,,4-2-3-1,Robert Jones,Match Report,12,5,20.7,1,0,0,Norwich City,2022,September,5,Early season,False,False,0,0.0
2021-09-25,15:00,Premier League,Matchweek 6,Sat,Away,L,0,2,Everton,0.5,1.9,53,38821.0,Grant Hanley,,4-4-1-1,David Coote,Match Report,10,2,22.3,1,0,0,Norwich City,2022,September,6,Early season,False,False,0,-0.5
2021-10-02,15:00,Premier League,Matchweek 7,Sat,Away,D,0,0,Burnley,0.6,1.2,44,17427.0,Grant Hanley,,,Kevin Friend,Match Report,10,2,20.7,2,0,0,Norwich City,2022,October,7,Early season,False,False,1,-0.6
2021-10-16,15:00,Premier League,Matchweek 8,Sat,Home,D,0,0,Brighton And Hove Albion,1.2,0.8,36,26777.0,Grant Hanley,,,Peter Bankes,Match Report,15,2,21.7,1,0,0,Norwich City,2022,October,8,Early season,False,False,1,-1.2
2021-10-23,12:30,Premier League,Matchweek 9,Sat,Away,L,0,7,Chelsea,0.1,3.1,38,40113.0,Grant Hanley,,,Andy Madley,Match Report,3,1,20.8,0,0,0,Norwich City,2022,October,9,Early season,False,False,0,-0.1
2021-10-31,14:00,Premier League,Matchweek 10,Sun,Home,L,1,2,Leeds United,0.8,0.7,48,26913.0,Grant Hanley,,3-3-3-1,Anthony Taylor,Match Report,14,3,21.8,3,0,0,Norwich City,2022,October,10,Early season,False,False,0,0.2
2021-11-06,15:00,Premier League,Matchweek 11,Sat,Away,W,2,1,Brentford,1.2,2.5,36,16837.0,Ben Gibson,4-2-3-1,,Jarred Gillett,Match Report,8,4,25.6,1,1,1,Norwich City,2022,November,11,Early season,False,False,3,0.8
2021-11-20,15:00,Premier League,Matchweek 12,Sat,Home,W,2,1,Southampton,0.5,1.0,38,26885.0,Grant Hanley,,,Martin Atkinson,Match Report,8,4,16.3,0,0,0,Norwich City,2022,November,12,Early season,False,False,3,1.5
2021-11-27,15:00,Premier League,Matchweek 13,Sat,Home,D,0,0,Wolverhampton Wanderers,1.6,0.3,43,26911.0,Grant Hanley,4-1-4-1,,Simon Hooper,Match Report,14,4,18.2,1,0,0,Norwich City,2022,November,13,Early season,False,False,1,-1.6
2021-11-30,19:30,Premier League,Matchweek 14,Tue,Away,D,1,1,Newcastle United,1.2,1.1,68,50757.0,Grant Hanley,4-1-4-1,,Andy Madley,Match Report,16,6,16.9,1,0,0,Norwich City,2022,November,14,Mid season,False,False,1,-0.2
2021-12-05,14:00,Premier League,Matchweek 15,Sun,Away,L,0,3,Tottenham Hotspur,1.2,1.6,59,57088.0,Grant Hanley,,,Jarred Gillett,Match Report,10,1,16.2,0,0,0,Norwich City,2022,December,15,Mid season,False,False,0,-1.2
2021-12-11,17:30,Premier League,Matchweek 16,Sat,Home,L,0,1,Manchester United,1.2,2.0,48,27606.0,Grant Hanley,,4-2-2-2,Darren England,Match Report,11,5,14.2,0,0,0,Norwich City,2022,December,16,Mid season,False,False,0,-1.2
2021-12-14,19:45,Premier League,Matchweek 17,Tue,Home,L,0,2,Aston Villa,0.5,2.0,50,26836.0,Ben Gibson,,,David Coote,Match Report,7,3,14.3,0,0,0,Norwich City,2022,December,17,Mid season,False,False,0,-0.5
2021-12-26,15:00,Premier League,Matchweek 19,Sun,Home,L,0,5,Arsenal,0.1,2.5,36,26940.0,Ben Gibson,4-2-3-1,4-2-3-1,Graham Scott,Match Report,4,2,17.9,0,0,0,Norwich City,2022,December,19,Mid season,False,False,0,-0.1
2021-12-28,15:00,Premier League,Matchweek 20,Tue,Away,L,0,3,Crystal Palace,0.9,1.9,49,24433.0,Ben Gibson,4-2-3-1,,Paul Tierney,Match Report,12,2,17.7,0,0,0,Norwich City,2022,December,20,Mid season,False,False,0,-0.9
2022-01-12,19:45,Premier League,Matchweek 18,Wed,Away,L,0,2,West Ham United,0.3,2.5,38,59775.0,Grant Hanley,4-2-3-1,4-2-3-1,Simon Hooper,Match Report,7,3,21.4,0,0,0,Norwich City,2022,January,18,Mid season,False,False,0,-0.3
2022-01-15,15:00,Premier League,Matchweek 22,Sat,Home,W,2,1,Everton,1.0,0.6,41,26629.0,Grant Hanley,,,Andy Madley,Match Report,14,3,21.5,0,0,0,Norwich City,2022,January,22,Mid season,False,False,3,1.0
2022-01-21,20:00,Premier League,Matchweek 23,Fri,Away,W,3,0,Watford,1.1,1.2,33,20782.0,Grant Hanley,,,Mike Dean,Match Report,7,2,15.7,1,0,0,Norwich City,2022,January,23,Mid season,False,False,3,1.9
2022-02-09,19:45,Premier League,Matchweek 24,Wed,Home,D,1,1,Crystal Palace,0.4,1.3,30,26652.0,Grant Hanley,,,Paul Tierney,Match Report,5,1,15.7,0,0,0,Norwich City,2022,February,24,Mid season,False,False,1,0.6
2022-02-12,17:30,Premier League,Matchweek 25,Sat,Home,L,0,4,Manchester City,0.4,4.6,29,27010.0,Grant Hanley,,,Andre Marriner,Match Report,8,3,14.4,0,0,0,Norwich City,2022,February,25,Mid season,False,False,0,-0.4
2022-02-19,15:00,Premier League,Matchweek 26,Sat,Away,L,1,3,Liverpool,0.6,3.6,31,53135.0,Grant Hanley,,,Mike Dean,Match Report,6,1,17.8,0,0,0,Norwich City,2022,February,26,Late season,False,False,0,0.4
2022-02-25,20:00,Premier League,Matchweek 27,Fri,Away,L,0,2,Southampton,0.6,2.6,42,31182.0,Grant Hanley,4-1-4-1,,Simon Hooper,Match Report,8,1,18.1,0,0,0,Norwich City,2022,February,27,Late season,False,False,0,-0.6
2022-03-05,15:00,Premier League,Matchweek 28,Sat,Home,L,1,3,Brentford,1.0,2.0,60,26887.0,Grant Hanley,4-2-3-1,,Anthony Taylor,Match Report,15,7,18.6,0,0,0,Norwich City,2022,March,28,Late season,False,False,0,0.0
2022-03-10,19:30,Premier League,Matchweek 30,Thu,Home,L,1,3,Chelsea,1.0,1.8,34,26684.0,Grant Hanley,,,Martin Atkinson,Match Report,7,2,25.7,0,1,1,Norwich City,2022,March,30,Late season,False,False,0,0.0
2022-03-13,14:00,Premier League,Matchweek 29,Sun,Away,L,1,2,Leeds United,1.5,2.5,48,36321.0,Ben Gibson,,4-2-3-1,Stuart Attwell,Match Report,12,4,18.8,1,0,0,Norwich City,2022,March,29,Late season,False,False,0,-0.5
2022-04-02,15:00,Premier League,Matchweek 31,Sat,Away,D,0,0,Brighton And Hove Albion,0.4,2.8,37,31245.0,Grant Hanley,4-1-2-1-2◆,3-4-1-2,Simon Hooper,Match Report,6,0,17.8,0,0,0,Norwich City,2022,April,31,Late season,False,False,1,-0.4
2022-04-10,14:00,Premier League,Matchweek 32,Sun,Home,W,2,0,Burnley,1.7,1.7,45,26361.0,Grant Hanley,4-2-3-1,,Michael Oliver,Match Report,17,6,19.4,0,0,0,Norwich City,2022,April,32,Late season,False,False,3,0.3
2022-04-16,15:00,Premier League,Matchweek 33,Sat,Away,L,2,3,Manchester United,1.5,1.9,39,73381.0,Grant Hanley,4-2-3-1,,Andy Madley,Match Report,15,4,19.9,1,0,0,Norwich City,2022,April,33,Late season,False,False,0,0.5
2022-04-23,15:00,Premier League,Matchweek 34,Sat,Home,L,0,3,Newcastle United,0.6,1.9,46,26910.0,Grant Hanley,4-2-3-1,,Chris Kavanagh,Match Report,5,2,15.2,1,0,0,Norwich City,2022,April,34,Late season,False,False,0,-0.6
2022-04-30,15:00,Premier League,Matchweek 35,Sat,Away,L,0,2,Aston Villa,0.5,1.8,55,40290.0,Grant Hanley,4-2-3-1,4-1-4-1,John Brooks,Match Report,9,3,21.6,0,0,0,Norwich City,2022,April,35,Late season,False,False,0,-0.5
2022-05-08,14:00,Premier League,Matchweek 36,Sun,Home,L,0,4,West Ham United,0.8,3.0,37,26428.0,Grant Hanley,4-2-3-1,4-2-3-1,Robert Jones,Match Report,8,2,22.2,1,0,0,Norwich City,2022,May,36,Late season,False,False,0,-0.8
2022-05-11,19:45,Premier League,Matchweek 21,Wed,Away,L,0,3,Leicester City,1.1,2.0,35,38092.0,Grant Hanley,4-1-4-1,4-2-3-1,Simon Hooper,Match Report,9,5,17.0,0,0,0,Norwich City,2022,May,21,Mid season,False,False,0,-1.1
2022-05-15,14:00,Premier League,Matchweek 37,Sun,Away,D,1,1,Wolverhampton Wanderers,1.1,0.9,36,31219.0,Grant Hanley,,,Tony Harrington,Match Report,11,2,14.4,0,0,0,Norwich City,2022,May,37,Late season,False,False,1,-0.1
2022-05-22,16:00,Premier League,Matchweek 38,Sun,Home,L,0,5,Tottenham Hotspur,0.5,3.4,41,27022.0,Grant Hanley,,,Chris Kavanagh,Match Report,9,0,18.6,0,0,0,Norwich City,2022,May,38,Late season,False,False,0,-0.5
2022-08-06,15:00,Premier League,Matchweek 1,Sat,Away,L,0,2,Newcastle United,0.3,1.7,39,52245.0,Joe Worrall,3-4-1-2,,Simon Hooper,Match Report,5,0,16.0,0,0,0,Nottingham Forest,2023,August,1,Early season,False,False,0,-0.3
2022-08-14,14:00,Premier League,Matchweek 2,Sun,Home,W,1,0,West Ham United,1.3,2.1,43,29281.0,Joe Worrall,3-4-1-2,,Robert Jones,Match Report,13,6,14.1,1,0,0,Nottingham Forest,2023,August,2,Early season,False,False,3,-0.3
2022-08-20,15:00,Premier League,Matchweek 3,Sat,Away,D,1,1,Everton,1.0,1.5,51,39271.0,Joe Worrall,3-4-1-2,,Andre Marriner,Match Report,14,5,19.3,1,0,0,Nottingham Forest,2023,August,3,Early season,False,False,1,0.0
2022-08-28,16:30,Premier League,Matchweek 4,Sun,Home,L,0,2,Tottenham Hotspur,0.9,2.4,55,29296.0,Joe Worrall,,,Craig Pawson,Match Report,17,1,20.0,1,0,0,Nottingham Forest,2023,August,4,Early season,False,False,0,-0.9
2022-08-31,19:30,Premier League,Matchweek 5,Wed,Away,L,0,6,Manchester City,0.7,3.3,26,53409.0,Joe Worrall,,4-2-3-1,Paul Tierney,Match Report,8,1,18.4,1,0,0,Nottingham Forest,2023,August,5,Early season,False,False,0,-0.7
2022-09-03,15:00,Premier League,Matchweek 6,Sat,Home,L,2,3,Bournemouth,1.9,0.8,52,28720.0,Joe Worrall,,4-2-3-1,Michael Oliver,Match Report,10,2,17.5,0,1,1,Nottingham Forest,2023,September,6,Early season,False,False,0,0.1
2022-09-16,20:00,Premier League,Matchweek 8,Fri,Home,L,2,3,Fulham,1.4,0.9,41,28654.0,Ryan Yates,3-4-1-2,4-2-3-1,Jarred Gillett,Match Report,11,3,16.4,1,0,0,Nottingham Forest,2023,September,8,Early season,False,False,0,0.6
2022-10-03,20:00,Premier League,Matchweek 9,Mon,Away,L,0,4,Leicester City,1.1,1.3,49,32202.0,Steve Cook,4-2-3-1,4-1-4-1,Robert Jones,Match Report,10,3,15.7,0,0,0,Nottingham Forest,2023,October,9,Early season,False,False,0,-1.1
2022-10-10,20:00,Premier League,Matchweek 10,Mon,Home,D,1,1,Aston Villa,0.3,0.7,40,29208.0,Ryan Yates,,,Anthony Taylor,Match Report,6,3,18.7,0,0,0,Nottingham Forest,2023,October,10,Early season,False,False,1,0.7
2022-10-15,15:00,Premier League,Matchweek 11,Sat,Away,L,0,1,Wolverhampton Wanderers,1.5,1.3,42,31554.0,Ryan Yates,,4-2-3-1,Thomas Bramall,Match Report,9,1,19.9,1,0,1,Nottingham Forest,2023,October,11,Early season,False,False,0,-1.5
2022-10-18,19:30,Premier League,Matchweek 12,Tue,Away,D,0,0,Brighton And Hove Albion,0.1,1.7,30,31463.0,Ryan Yates,,,Darren England,Match Report,3,0,11.5,0,0,0,Nottingham Forest,2023,October,12,Early season,False,False,1,-0.1
2022-10-22,12:30,Premier League,Matchweek 13,Sat,Home,W,1,0,Liverpool,1.9,1.6,25,29245.0,Ryan Yates,,,Paul Tierney,Match Report,10,7,15.9,0,0,0,Nottingham Forest,2023,October,13,Early season,False,False,3,-0.9
2022-10-30,14:00,Premier League,Matchweek 14,Sun,Away,L,0,5,Arsenal,0.4,2.3,31,60263.0,Ryan Yates,,,Simon Hooper,Match Report,5,2,20.4,0,0,0,Nottingham Forest,2023,October,14,Mid season,False,False,0,-0.4
2022-11-05,15:00,Premier League,Matchweek 15,Sat,Home,D,2,2,Brentford,1.5,1.5,48,28869.0,Ryan Yates,4-3-1-2,,Andre Marriner,Match Report,15,6,17.8,0,0,0,Nottingham Forest,2023,November,15,Mid season,False,False,1,0.5
2022-11-12,15:00,Premier League,Matchweek 16,Sat,Home,W,1,0,Crystal Palace,1.1,1.2,32,29045.0,Joe Worrall,,,John Brooks,Match Report,9,2,15.2,1,0,0,Nottingham Forest,2023,November,16,Mid season,False,False,3,-0.1
2022-12-27,20:00,Premier League,Matchweek 17,Tue,Away,L,0,3,Manchester United,0.7,2.4,35,73608.0,Joe Worrall,,4-2-3-1,Anthony Taylor,Match Report,8,3,15.2,0,0,0,Nottingham Forest,2023,December,17,Mid season,False,False,0,-0.7
2023-01-01,16:30,Premier League,Matchweek 18,Sun,Home,D,1,1,Chelsea,1.4,0.9,29,29229.0,Joe Worrall,,,Peter Bankes,Match Report,12,5,15.5,0,0,0,Nottingham Forest,2023,January,18,Mid season,False,False,1,-0.4
2023-01-04,19:30,Premier League,Matchweek 19,Wed,Away,W,1,0,Southampton,1.4,0.5,37,30150.0,Joe Worrall,4-3-1-2,3-1-4-2,Thomas Bramall,Match Report,11,1,22.3,0,0,0,Nottingham Forest,2023,January,19,Mid season,False,False,3,-0.4
2023-01-14,15:00,Premier League,Matchweek 20,Sat,Home,W,2,0,Leicester City,2.4,1.0,39,29301.0,Joe Worrall,4-3-1-2,4-2-3-1,Paul Tierney,Match Report,15,5,19.3,2,0,0,Nottingham Forest,2023,January,20,Mid season,False,False,3,-0.4
2023-01-21,15:00,Premier League,Matchweek 21,Sat,Away,D,1,1,Bournemouth,1.9,1.4,57,10248.0,Joe Worrall,4-3-1-2,,Andy Madley,Match Report,20,5,17.9,0,0,0,Nottingham Forest,2023,January,21,Mid season,False,False,1,-0.9
2023-02-05,14:00,Premier League,Matchweek 22,Sun,Home,W,1,0,Leeds United,0.4,0.9,30,29363.0,Remo Freuler,4-3-1-2,4-2-3-1,Robert Jones,Match Report,6,2,18.9,0,0,0,Nottingham Forest,2023,February,22,Mid season,False,False,3,0.6
2023-02-11,15:00,Premier League,Matchweek 23,Sat,Away,L,0,2,Fulham,0.7,1.5,50,24244.0,Remo Freuler,4-2-3-1,4-2-3-1,Andy Madley,Match Report,10,1,15.0,0,0,0,Nottingham Forest,2023,February,23,Mid season,False,False,0,-0.7
2023-02-18,15:00,Premier League,Matchweek 24,Sat,Home,D,1,1,Manchester City,0.9,2.4,27,29365.0,Joe Worrall,4-3-2-1,3-2-4-1,Graham Scott,Match Report,4,1,14.7,0,0,0,Nottingham Forest,2023,February,24,Mid season,False,False,1,0.1
2023-02-25,15:00,Premier League,Matchweek 25,Sat,Away,L,0,4,West Ham United,0.4,2.7,51,62469.0,Joe Worrall,4-3-2-1,,Jarred Gillett,Match Report,8,3,18.9,0,0,0,Nottingham Forest,2023,February,25,Mid season,False,False,0,-0.4
2023-03-05,14:00,Premier League,Matchweek 26,Sun,Home,D,2,2,Everton,0.8,1.7,57,29353.0,Joe Worrall,4-3-2-1,,John Brooks,Match Report,10,4,18.4,0,0,0,Nottingham Forest,2023,March,26,Late season,False,False,1,1.2
2023-03-11,15:00,Premier League,Matchweek 27,Sat,Away,L,1,3,Tottenham Hotspur,1.5,2.0,45,61460.0,Joe Worrall,4-3-2-1,,Craig Pawson,Match Report,8,4,15.2,0,0,1,Nottingham Forest,2023,March,27,Late season,False,False,0,-0.5
2023-03-17,20:00,Premier League,Matchweek 28,Fri,Home,L,1,2,Newcastle United,0.4,2.4,39,29362.0,Ryan Yates,4-2-3-1,,Paul Tierney,Match Report,5,3,18.4,0,0,0,Nottingham Forest,2023,March,28,Late season,False,False,0,0.6
2023-04-01,15:00,Premier League,Matchweek 29,Sat,Home,D,1,1,Wolverhampton Wanderers,1.3,0.5,29,29368.0,Remo Freuler,4-3-2-1,4-2-3-1,Chris Kavanagh,Match Report,17,7,16.7,0,0,0,Nottingham Forest,2023,April,29,Late season,False,False,1,-0.3
2023-04-04,19:45,Premier League,Matchweek 7,Tue,Away,L,1,2,Leeds United,0.8,1.8,39,36740.0,Remo Freuler,4-3-2-1,4-2-3-1,Robert Jones,Match Report,13,1,16.5,0,0,0,Nottingham Forest,2023,April,7,Early season,False,False,0,0.2
2023-04-08,15:00,Premier League,Matchweek 30,Sat,Away,L,0,2,Aston Villa,0.2,1.3,37,42076.0,Joe Worrall,,,Anthony Taylor,Match Report,6,2,22.0,0,0,0,Nottingham Forest,2023,April,30,Late season,False,False,0,-0.2
2023-04-16,16:30,Premier League,Matchweek 31,Sun,Home,L,0,2,Manchester United,0.7,3.5,32,29435.0,Remo Freuler,3-4-1-2,4-2-3-1,Simon Hooper,Match Report,6,0,16.0,0,0,0,Nottingham Forest,2023,April,31,Late season,False,False,0,-0.7
2023-04-22,15:00,Premier League,Matchweek 32,Sat,Away,L,2,3,Liverpool,0.9,2.8,20,53254.0,Remo Freuler,,,Michael Oliver,Match Report,11,5,17.4,0,0,0,Nottingham Forest,2023,April,32,Late season,False,False,0,1.1
2023-04-26,19:30,Premier League,Matchweek 33,Wed,Home,W,3,1,Brighton And Hove Albion,2.4,2.3,26,28808.0,Serge Aurier,,4-2-3-1,Jarred Gillett,Match Report,10,3,18.4,0,1,2,Nottingham Forest,2023,April,33,Late season,False,False,3,0.6
2023-04-29,15:00,Premier League,Matchweek 34,Sat,Away,L,1,2,Brentford,0.7,1.6,32,17080.0,Joe Worrall,,,Peter Bankes,Match Report,5,3,16.6,0,0,0,Nottingham Forest,2023,April,34,Late season,False,False,0,0.3
2023-05-08,20:00,Premier League,Matchweek 35,Mon,Home,W,4,3,Southampton,1.8,3.1,36,29154.0,Ryan Yates,,4-2-3-1,Michael Oliver,Match Report,8,3,16.0,0,1,1,Nottingham Forest,2023,May,35,Late season,False,False,3,2.2
2023-05-13,15:00,Premier League,Matchweek 36,Sat,Away,D,2,2,Chelsea,1.3,1.2,25,40030.0,Joe Worrall,,,Paul Tierney,Match Report,11,2,11.2,0,0,0,Nottingham Forest,2023,May,36,Late season,False,False,1,0.7
2023-05-20,17:30,Premier League,Matchweek 37,Sat,Home,W,1,0,Arsenal,0.6,0.6,19,29514.0,Joe Worrall,,,Anthony Taylor,Match Report,6,2,13.5,0,0,0,Nottingham Forest,2023,May,37,Late season,False,False,3,0.4
2023-05-28,16:30,Premier League,Matchweek 38,Sun,Away,D,1,1,Crystal Palace,0.5,1.4,34,25198.0,Joe Worrall,,4-2-3-1,Thomas Bramall,Match Report,7,4,17.0,0,0,0,Nottingham Forest,2023,May,38,Late season,False,False,1,0.5
2023-08-12,12:30,Premier League,Matchweek 1,Sat,Away,L,1,2,Arsenal,1.2,0.8,22,59984.0,Joe Worrall,,,Michael Oliver,Match Report,6,2,17.3,0,0,0,Nottingham Forest,2024,August,1,Early season,False,False,0,-0.2
2023-08-18,19:45,Premier League,Matchweek 2,Fri,Home,W,2,1,Sheffield United,1.4,0.5,50,29432.0,Joe Worrall,,,Peter Bankes,Match Report,16,4,15.6,0,0,0,Nottingham Forest,2024,August,2,Early season,False,False,3,0.6
2023-08-26,15:00,Premier League,Matchweek 3,Sat,Away,L,2,3,Manchester United,1.2,2.8,34,73595.0,Joe Worrall,,4-2-3-1,Stuart Attwell,Match Report,9,4,14.7,0,0,0,Nottingham Forest,2024,August,3,Early season,False,False,0,0.8
2023-09-02,15:00,Premier League,Matchweek 4,Sat,Away,W,1,0,Chelsea,0.8,2.3,25,39820.0,Joe Worrall,,,Tim Robinson,Match Report,7,3,19.0,0,0,0,Nottingham Forest,2024,September,4,Early season,False,False,3,0.2
2023-09-18,19:45,Premier League,Matchweek 5,Mon,Home,D,1,1,Burnley,0.7,0.5,46,28958.0,Joe Worrall,4-2-3-1,4-2-3-1,Robert Jones,Match Report,14,4,18.8,0,0,0,Nottingham Forest,2024,September,5,Early season,False,False,1,0.3
2023-09-23,15:00,Premier League,Matchweek 6,Sat,Away,L,0,2,Manchester City,1.0,1.3,43,53413.0,Serge Aurier,,4-2-3-1,Anthony Taylor,Match Report,10,3,17.8,1,0,0,Nottingham Forest,2024,September,6,Early season,False,False,0,-1.0
2023-10-01,14:00,Premier League,Matchweek 7,Sun,Home,D,1,1,Brentford,0.5,1.6,41,29004.0,Serge Aurier,,,Paul Tierney,Match Report,6,1,15.4,0,0,0,Nottingham Forest,2024,October,7,Early season,False,False,1,0.5
2023-10-07,17:30,Premier League,Matchweek 8,Sat,Away,D,0,0,Crystal Palace,1.0,0.8,48,25017.0,Serge Aurier,,,Craig Pawson,Match Report,16,5,18.4,0,0,0,Nottingham Forest,2024,October,8,Early season,False,False,1,-1.0
2023-10-21,15:00,Premier League,Matchweek 9,Sat,Home,D,2,2,Luton Town,2.9,1.7,57,29361.0,Serge Aurier,,,Samuel Barrott,Match Report,19,8,11.1,0,0,0,Nottingham Forest,2024,October,9,Early season,False,False,1,-0.9
2023-10-29,14:00,Premier League,Matchweek 10,Sun,Away,L,0,3,Liverpool,0.4,3.2,28,50143.0,Serge Aurier,,,Chris Kavanagh,Match Report,9,1,15.6,0,0,0,Nottingham Forest,2024,October,10,Early season,False,False,0,-0.4
2023-11-05,14:00,Premier League,Matchweek 11,Sun,Home,W,2,0,Aston Villa,0.4,1.2,27,29313.0,Morgan Gibbs-White,,,Jarred Gillett,Match Report,5,3,21.1,0,0,0,Nottingham Forest,2024,November,11,Early season,False,False,3,1.6
2023-11-12,14:00,Premier League,Matchweek 12,Sun,Away,L,2,3,West Ham United,1.7,1.8,46,62470.0,Morgan Gibbs-White,,4-2-3-1,Michael Salisbury,Match Report,10,5,15.6,0,0,0,Nottingham Forest,2024,November,12,Early season,False,False,0,0.3
2023-11-25,15:00,Premier League,Matchweek 13,Sat,Home,L,2,3,Brighton And Hove Albion,1.9,1.3,47,29404.0,Morgan Gibbs-White,4-1-4-1,4-2-3-1,Anthony Taylor,Match Report,17,4,14.7,0,1,1,Nottingham Forest,2024,November,13,Early season,False,False,0,0.1
2023-12-02,17:30,Premier League,Matchweek 14,Sat,Home,L,0,1,Everton,0.7,0.7,61,29404.0,Ryan Yates,,4-4-1-1,Paul Tierney,Match Report,13,2,16.1,0,0,0,Nottingham Forest,2024,December,14,Mid season,False,False,0,-0.7
2023-12-06,19:30,Premier League,Matchweek 15,Wed,Away,L,0,5,Fulham,0.3,2.5,37,24105.0,Felipe,4-2-3-1,4-2-3-1,Joshua Smith,Match Report,4,1,15.3,0,0,0,Nottingham Forest,2024,December,15,Mid season,False,False,0,-0.3
2023-12-09,15:00,Premier League,Matchweek 16,Sat,Away,D,1,1,Wolverhampton Wanderers,1.3,1.2,32,31543.0,Ryan Yates,,,Samuel Barrott,Match Report,8,2,12.7,0,0,0,Nottingham Forest,2024,December,16,Mid season,False,False,1,-0.3
2023-12-15,20:00,Premier League,Matchweek 17,Fri,Home,L,0,2,Tottenham Hotspur,1.3,1.5,34,29296.0,Ryan Yates,,4-2-3-1,Jarred Gillett,Match Report,15,1,16.1,0,0,0,Nottingham Forest,2024,December,17,Mid season,False,False,0,-1.3
2023-12-23,15:00,Premier League,Matchweek 18,Sat,Home,L,2,3,Bournemouth,1.0,1.6,34,29188.0,Ryan Yates,4-2-3-1,4-2-3-1,Robert Jones,Match Report,11,4,14.5,0,0,0,Nottingham Forest,2024,December,18,Mid season,False,False,0,1.0
2023-12-26,12:30,Premier League,Matchweek 19,Tue,Away,W,3,1,Newcastle United,3.5,2.4,38,52207.0,Morgan Gibbs-White,4-2-3-1,,Chris Kavanagh,Match Report,15,6,15.8,0,0,0,Nottingham Forest,2024,December,19,Mid season,False,False,3,-0.5
2023-12-30,17:30,Premier League,Matchweek 20,Sat,Home,W,2,1,Manchester United,0.7,0.8,44,29529.0,Ryan Yates,4-2-3-1,4-2-3-1,Tim Robinson,Match Report,8,2,18.3,0,0,0,Nottingham Forest,2024,December,20,Mid season,False,False,3,1.3
2024-01-20,17:30,Premier League,Matchweek 21,Sat,Away,L,2,3,Brentford,1.2,1.2,52,17077.0,Ryan Yates,4-2-3-1,,Darren England,Match Report,12,3,20.5,0,0,0,Nottingham Forest,2024,January,21,Mid season,False,False,0,0.8
2024-01-30,19:30,Premier League,Matchweek 22,Tue,Home,L,1,2,Arsenal,0.5,1.2,27,29387.0,Morgan Gibbs-White,4-2-3-1,,Simon Hooper,Match Report,9,3,18.7,0,0,0,Nottingham Forest,2024,January,22,Mid season,False,False,0,0.5
2024-02-04,14:00,Premier League,Matchweek 23,Sun,Away,D,1,1,Bournemouth,0.5,1.3,55,11200.0,Ryan Yates,4-2-3-1,4-2-3-1,Rebecca Welch,Match Report,8,6,19.9,0,0,0,Nottingham Forest,2024,February,23,Mid season,False,False,1,0.5
2024-02-10,17:30,Premier League,Matchweek 24,Sat,Home,L,2,3,Newcastle United,1.5,0.5,39,29451.0,Ryan Yates,4-2-3-1,,Anthony Taylor,Match Report,13,3,21.8,0,0,0,Nottingham Forest,2024,February,24,Mid season,False,False,0,0.5
2024-02-17,15:00,Premier League,Matchweek 25,Sat,Home,W,2,0,West Ham United,2.8,0.5,49,29490.0,Morgan Gibbs-White,4-2-3-1,4-2-3-1,Thomas Bramall,Match Report,19,8,16.5,0,0,0,Nottingham Forest,2024,February,25,Mid season,False,False,3,-0.8
2024-02-24,15:00,Premier League,Matchweek 26,Sat,Away,L,2,4,Aston Villa,2.6,3.6,42,42131.0,Morgan Gibbs-White,4-2-3-1,4-2-3-1,Samuel Barrott,Match Report,10,3,16.4,0,0,0,Nottingham Forest,2024,February,26,Late season,False,False,0,-0.6
2024-03-02,15:00,Premier League,Matchweek 27,Sat,Home,L,0,1,Liverpool,1.0,2.0,31,29603.0,Ryan Yates,4-2-3-1,,Paul Tierney,Match Report,8,2,19.3,0,0,0,Nottingham Forest,2024,March,27,Late season,False,False,0,-1.0
2024-03-10,14:00,Premier League,Matchweek 28,Sun,Away,L,0,1,Brighton And Hove Albion,0.7,0.4,37,31505.0,Ryan Yates,,4-2-3-1,Michael Salisbury,Match Report,9,4,19.3,2,0,0,Nottingham Forest,2024,March,28,Late season,False,False,0,-0.7
2024-03-16,15:00,Premier League,Matchweek 29,Sat,Away,D,1,1,Luton Town,2.0,0.6,40,11630.0,Ryan Yates,4-2-3-1,,Darren England,Match Report,16,3,22.0,2,0,0,Nottingham Forest,2024,March,29,Late season,False,False,1,-1.0
2024-03-30,15:00,Premier League,Matchweek 30,Sat,Home,D,1,1,Crystal Palace,0.9,1.2,59,29520.0,Ryan Yates,4-2-3-1,,Chris Kavanagh,Match Report,12,5,20.5,0,0,0,Nottingham Forest,2024,March,30,Late season,False,False,1,0.1
2024-04-02,19:30,Premier League,Matchweek 31,Tue,Home,W,3,1,Fulham,1.5,1.5,34,28997.0,Ryan Yates,4-2-3-1,4-2-3-1,Michael Oliver,Match Report,16,4,18.5,0,0,0,Nottingham Forest,2024,April,31,Late season,False,False,3,1.5
2024-04-07,18:00,Premier League,Matchweek 32,Sun,Away,L,1,3,Tottenham Hotspur,1.5,1.5,37,61098.0,Ryan Yates,4-2-3-1,4-2-3-1,Simon Hooper,Match Report,13,6,22.9,1,0,0,Nottingham Forest,2024,April,32,Late season,False,False,0,-0.5
2024-04-13,15:00,Premier League,Matchweek 33,Sat,Home,D,2,2,Wolverhampton Wanderers,1.9,1.0,46,29604.0,Ryan Yates,4-2-3-1,3-4-1-2,Craig Pawson,Match Report,18,9,17.0,0,0,0,Nottingham Forest,2024,April,33,Late season,False,False,1,0.1
2024-04-21,13:30,Premier League,Matchweek 34,Sun,Away,L,0,2,Everton,0.9,0.3,59,39239.0,Morgan Gibbs-White,4-2-3-1,4-1-4-1,Anthony Taylor,Match Report,8,3,13.7,0,0,0,Nottingham Forest,2024,April,34,Late season,False,False,0,-0.9
2024-04-28,16:30,Premier League,Matchweek 35,Sun,Home,L,0,2,Manchester City,1.9,0.9,34,29677.0,Morgan Gibbs-White,,4-1-4-1,Simon Hooper,Match Report,14,2,15.0,1,0,0,Nottingham Forest,2024,April,35,Late season,False,False,0,-1.9
2024-05-04,15:00,Premier League,Matchweek 36,Sat,Away,W,3,1,Sheffield United,1.4,2.2,46,28516.0,Ryan Yates,4-2-3-1,,Chris Kavanagh,Match Report,15,4,17.2,0,0,0,Nottingham Forest,2024,May,36,Late season,False,False,3,1.6
2024-05-11,17:30,Premier League,Matchweek 37,Sat,Home,L,2,3,Chelsea,1.5,1.6,33,29708.0,Ryan Yates,,4-2-3-1,Tony Harrington,Match Report,20,4,17.2,0,0,0,Nottingham Forest,2024,May,37,Late season,False,False,0,0.5
2024-05-19,16:00,Premier League,Matchweek 38,Sun,Away,W,2,1,Burnley,1.7,1.2,28,21109.0,Ryan Yates,4-2-3-1,,Graham Scott,Match Report,12,6,17.2,0,0,0,Nottingham Forest,2024,May,38,Late season,False,False,3,0.3
2024-08-17,15:00,Premier League,Matchweek 1,Sat,Home,D,1,1,Bournemouth,1.3,1.2,53,29763.0,Morgan Gibbs-White,4-2-3-1,4-2-3-1,Michael Oliver,Match Report,14,8,19.2,0,0,0,Nottingham Forest,2025,August,1,Early season,False,False,1,-0.3
2024-08-24,15:00,Premier League,Matchweek 2,Sat,Away,W,1,0,Southampton,2.2,0.1,36,31150.0,Morgan Gibbs-White,4-2-3-1,,Samuel Barrott,Match Report,23,8,17.2,0,0,0,Nottingham Forest,2025,August,2,Early season,False,False,3,-1.2
2024-08-31,15:00,Premier League,Matchweek 3,Sat,Home,D,1,1,Wolverhampton Wanderers,1.0,0.7,52,29918.0,Morgan Gibbs-White,4-2-3-1,4-4-1-1,Simon Hooper,Match Report,16,5,14.6,1,0,0,Nottingham Forest,2025,August,3,Early season,False,False,1,0.0
2024-09-14,15:00,Premier League,Matchweek 4,Sat,Away,W,1,0,Liverpool,0.4,0.9,32,60344.0,Ryan Yates,4-2-3-1,4-2-3-1,Michael Oliver,Match Report,5,3,18.6,0,0,0,Nottingham Forest,2025,September,4,Early season,False,False,3,0.6
2024-09-22,14:00,Premier League,Matchweek 5,Sun,Away,D,2,2,Brighton And Hove Albion,1.4,1.0,30,31444.0,Morgan Gibbs-White,4-2-3-1,4-2-3-1,Robert Jones,Match Report,3,2,17.4,0,1,1,Nottingham Forest,2025,September,5,Early season,False,False,1,0.6
2024-09-28,15:00,Premier League,Matchweek 6,Sat,Home,L,0,1,Fulham,0.8,1.3,41,30139.0,Ryan Yates,,4-2-3-1,Joshua Smith,Match Report,11,1,19.3,0,0,0,Nottingham Forest,2025,September,6,Early season,False,False,0,-0.8
2024-10-06,14:00,Premier League,Matchweek 7,Sun,Away,D,1,1,Chelsea,0.9,2.3,35,39501.0,Ryan Yates,4-2-3-1,4-2-3-1,Chris Kavanagh,Match Report,16,9,20.2,2,0,0,Nottingham Forest,2025,October,7,Early season,False,False,1,0.1
2024-10-21,20:00,Premier League,Matchweek 8,Mon,Home,W,1,0,Crystal Palace,1.7,1.0,51,29443.0,Ryan Yates,4-2-3-1,3-1-4-2,Tim Robinson,Match Report,20,6,18.0,0,0,0,Nottingham Forest,2025,October,8,Early season,False,False,3,-0.7
2024-10-25,20:00,Premier League,Matchweek 9,Fri,Away,W,3,1,Leicester City,1.7,0.8,35,31879.0,Ryan Yates,4-2-3-1,4-2-3-1,Craig Pawson,Match Report,20,5,21.6,1,0,0,Nottingham Forest,2025,October,9,Early season,False,False,3,1.3
2024-11-02,15:00,Premier League,Matchweek 10,Sat,Home,W,3,0,West Ham United,2.2,0.1,54,30112.0,Ryan Yates,4-2-3-1,,Peter Bankes,Match Report,19,6,18.7,1,0,0,Nottingham Forest,2025,November,10,Early season,False,False,3,0.8
2024-11-10,14:00,Premier League,Matchweek 11,Sun,Home,L,1,3,Newcastle United,0.6,1.6,44,30145.0,Ryan Yates,4-2-3-1,,Anthony Taylor,Match Report,9,3,16.4,0,0,0,Nottingham Forest,2025,November,11,Early season,False,False,0,0.4
2024-11-23,15:00,Premier League,Matchweek 12,Sat,Away,L,0,3,Arsenal,0.3,1.2,34,60298.0,Ryan Yates,4-2-3-1,,Simon Hooper,Match Report,7,0,16.3,1,0,0,Nottingham Forest,2025,November,12,Early season,False,False,0,-0.3
2024-11-30,15:00,Premier League,Matchweek 13,Sat,Home,W,1,0,Ipswich Town,1.6,0.6,45,30237.0,Ryan Yates,4-2-3-1,4-2-3-1,Tony Harrington,Match Report,11,4,16.9,1,1,1,Nottingham Forest,2025,November,13,Early season,False,False,3,-0.6
2024-12-04,19:30,Premier League,Matchweek 14,Wed,Away,L,0,3,Manchester City,1.0,2.4,34,51764.0,Ryan Yates,4-2-3-1,4-2-3-1,Michael Oliver,Match Report,12,3,16.6,0,0,0,Nottingham Forest,2025,December,14,Mid season,False,False,0,-1.0
2024-12-07,17:30,Premier League,Matchweek 15,Sat,Away,W,3,2,Manchester United,0.8,1.6,29,73778.0,Ryan Yates,4-2-3-1,,Darren England,Match Report,11,3,16.3,0,0,0,Nottingham Forest,2025,December,15,Mid season,False,False,3,2.2
2024-12-14,17:30,Premier League,Matchweek 16,Sat,Home,W,2,1,Aston Villa,1.7,0.4,50,30117.0,Ryan Yates,4-2-3-1,4-2-3-1,Samuel Barrott,Match Report,17,6,15.2,0,0,0,Nottingham Forest,2025,December,16,Mid season,False,False,3,0.3
2024-12-21,15:00,Premier League,Matchweek 17,Sat,Away,W,2,0,Brentford,0.9,0.7,36,17115.0,Morgan Gibbs-White,,,Michael Oliver,Match Report,10,6,17.4,0,0,0,Nottingham Forest,2025,December,17,Mid season,False,False,3,1.1
2024-12-26,15:00,Premier League,Matchweek 18,Thu,Home,W,1,0,Tottenham Hotspur,1.1,0.9,30,30200.0,Ryan Yates,4-2-3-1,4-2-3-1,Craig Pawson,Match Report,10,3,15.5,0,0,0,Nottingham Forest,2025,December,18,Mid season,False,False,3,-0.1
2024-12-29,15:00,Premier League,Matchweek 19,Sun,Away,W,2,0,Everton,1.5,0.9,36,25414.0,Morgan Gibbs-White,4-2-3-1,,Tony Harrington,Match Report,11,7,17.4,0,0,0,Nottingham Forest,2025,December,19,Mid season,False,False,3,0.5
2025-01-06,20:00,Premier League,Matchweek 20,Mon,Away,W,3,0,Wolverhampton Wanderers,2.1,1.5,40,29940.0,Morgan Gibbs-White,4-2-3-1,,Peter Bankes,Match Report,11,3,16.2,1,0,0,Nottingham Forest,2025,January,20,Mid season,False,False,3,0.9
2025-01-14,20:00,Premier League,Matchweek 21,Tue,Home,D,1,1,Liverpool,0.3,2.0,30,30249.0,Ryan Yates,4-2-3-1,4-2-3-1,Chris Kavanagh,Match Report,6,3,26.8,1,0,0,Nottingham Forest,2025,January,21,Mid season,False,False,1,0.7
2025-01-19,14:00,Premier League,Matchweek 22,Sun,Home,W,3,2,Southampton,1.8,0.9,45,30180.0,Morgan Gibbs-White,4-2-3-1,3-4-1-2,Anthony Taylor,Match Report,14,4,16.0,1,0,0,Nottingham Forest,2025,January,22,Mid season,False,False,3,1.2
2025-01-25,15:00,Premier League,Matchweek 23,Sat,Away,L,0,5,Bournemouth,1.0,1.7,50,11228.0,Ryan Yates,4-2-3-1,4-2-3-1,Craig Pawson,Match Report,18,4,18.0,2,0,0,Nottingham Forest,2025,January,23,Mid season,False,False,0,-1.0
2025-02-01,12:30,Premier League,Matchweek 24,Sat,Home,W,7,0,Brighton And Hove Albion,3.3,0.9,38,30164.0,Morgan Gibbs-White,,4-1-4-1,Simon Hooper,Match Report,13,8,13.4,0,1,1,Nottingham Forest,2025,February,24,Mid season,False,False,3,3.7
2025-02-15,15:00,Premier League,Matchweek 25,Sat,Away,L,1,2,Fulham,0.4,2.1,45,27164.0,Morgan Gibbs-White,,4-2-3-1,Thomas Bramall,Match Report,8,2,17.8,0,0,0,Nottingham Forest,2025,February,25,Mid season,False,False,0,0.6
2025-02-23,14:00,Premier League,Matchweek 26,Sun,Away,L,3,4,Newcastle United,1.7,2.9,43,52223.0,Morgan Gibbs-White,4-2-3-1,,Jarred Gillett,Match Report,17,5,17.0,0,0,0,Nottingham Forest,2025,February,26,Late season,False,False,0,1.3
2025-02-26,19:30,Premier League,Matchweek 27,Wed,Home,D,0,0,Arsenal,0.4,1.0,36,30200.0,Morgan Gibbs-White,4-2-3-1,,Andy Madley,Match Report,6,2,16.9,0,0,0,Nottingham Forest,2025,February,27,Late season,False,False,1,-0.4
2025-03-08,12:30,Premier League,Matchweek 28,Sat,Home,W,1,0,Manchester City,0.7,0.9,31,30252.0,Morgan Gibbs-White,4-2-3-1,4-1-4-1,Chris Kavanagh,Match Report,9,4,14.8,0,0,0,Nottingham Forest,2025,March,28,Late season,False,False,3,0.3
2025-03-15,15:00,Premier League,Matchweek 29,Sat,Away,W,4,2,Ipswich Town,1.5,0.4,45,29878.0,Morgan Gibbs-White,4-2-3-1,4-2-3-1,Michael Salisbury,Match Report,11,6,18.2,0,0,0,Nottingham Forest,2025,March,29,Late season,False,False,3,2.5
2025-04-01,20:00,Premier League,Matchweek 30,Tue,Home,W,1,0,Manchester United,0.5,1.6,32,30249.0,Ryan Yates,4-2-3-1,,Jarred Gillett,Match Report,8,2,17.9,0,0,0,Nottingham Forest,2025,April,30,Late season,False,False,3,0.5
2025-04-05,17:30,Premier League,Matchweek 31,Sat,Away,L,1,2,Aston Villa,1.5,3.0,48,42743.0,Ryan Yates,3-4-1-2,4-2-3-1,Simon Hooper,Match Report,19,3,19.0,0,0,0,Nottingham Forest,2025,April,31,Late season,False,False,0,-0.5
2025-04-12,15:00,Premier League,Matchweek 32,Sat,Home,L,0,1,Everton,0.5,1.4,43,30199.0,Morgan Gibbs-White,4-2-3-1,4-2-3-1,Craig Pawson,Match Report,10,5,21.4,0,0,0,Nottingham Forest,2025,April,32,Late season,False,False,0,-0.5
2025-04-21,20:00,Premier League,Matchweek 33,Mon,Away,W,2,1,Tottenham Hotspur,0.5,2.1,31,59314.0,Morgan Gibbs-White,4-2-2-2,,Peter Bankes,Match Report,4,3,21.4,0,0,0,Nottingham Forest,2025,April,33,Late season,False,False,3,1.5
2025-05-01,19:30,Premier League,Matchweek 34,Thu,Home,L,0,2,Brentford,0.9,1.3,55,29040.0,Ryan Yates,4-2-3-1,4-2-3-1,Darren England,Match Report,14,5,15.4,0,0,0,Nottingham Forest,2025,May,34,Late season,False,False,0,-0.9
2025-05-05,20:00,Premier League,Matchweek 35,Mon,Away,D,1,1,Crystal Palace,0.7,2.3,50,25096.0,Morgan Gibbs-White,4-2-3-1,,Andy Madley,Match Report,12,4,19.2,1,0,0,Nottingham Forest,2025,May,35,Late season,False,False,1,0.3
2025-05-11,14:15,Premier League,Matchweek 36,Sun,Home,D,2,2,Leicester City,1.3,1.1,55,30245.0,Morgan Gibbs-White,4-2-3-1,4-2-3-1,Tony Harrington,Match Report,15,4,17.1,1,0,0,Nottingham Forest,2025,May,36,Late season,False,False,1,0.7
2025-05-18,14:15,Premier League,Matchweek 37,Sun,Away,W,2,1,West Ham United,1.9,1.1,40,62466.0,Morgan Gibbs-White,4-3-1-2,3-4-1-2,Samuel Barrott,Match Report,10,5,14.9,0,0,0,Nottingham Forest,2025,May,37,Late season,False,False,3,0.1
2025-05-25,16:00,Premier League,Matchweek 38,Sun,Home,L,0,1,Chelsea,1.2,1.1,52,30263.0,Morgan Gibbs-White,4-3-1-2,4-2-3-1,Anthony Taylor,Match Report,10,2,14.0,1,0,0,Nottingham Forest,2025,May,38,Late season,False,False,0,-1.2
2020-09-14,18:00,Premier League,Matchweek 1,Mon,Home,L,0,2,Wolverhampton Wanderers,1.0,1.4,55,,Billy Sharp,,,Mike Dean,Match Report,9,1,12.9,0,0,0,Sheffield United,2021,September,1,Early season,False,,0,-1.0
2020-09-21,18:00,Premier League,Matchweek 2,Mon,Away,L,0,1,Aston Villa,0.9,1.0,29,,John Egan,,,Graham Scott,Match Report,3,0,20.2,0,0,1,Sheffield United,2021,September,2,Early season,False,,0,-0.9
2020-09-27,12:00,Premier League,Matchweek 3,Sun,Home,L,0,1,Leeds United,1.4,1.2,36,,David McGoldrick,,3-1-4-2,Paul Tierney,Match Report,14,4,16.7,0,0,0,Sheffield United,2021,September,3,Early season,False,,0,-1.4
2020-10-04,14:00,Premier League,Matchweek 4,Sun,Away,L,1,2,Arsenal,0.2,0.6,36,,John Egan,,,Lee Mason,Match Report,6,2,24.7,0,0,0,Sheffield United,2021,October,4,Early season,False,,0,0.8
2020-10-18,12:00,Premier League,Matchweek 5,Sun,Home,D,1,1,Fulham,1.7,1.5,42,,John Egan,,,Andre Marriner,Match Report,9,5,20.1,0,1,1,Sheffield United,2021,October,5,Early season,False,,1,-0.7
2020-10-24,20:00,Premier League,Matchweek 6,Sat,Away,L,1,2,Liverpool,1.6,2.3,38,,John Egan,,4-2-3-1,Mike Dean,Match Report,12,1,18.5,0,1,1,Sheffield United,2021,October,6,Early season,False,,0,-0.6
2020-10-31,12:30,Premier League,Matchweek 7,Sat,Home,L,0,1,Manchester City,0.5,1.6,35,,John Egan,,,Michael Oliver,Match Report,3,1,18.3,0,0,0,Sheffield United,2021,October,7,Early season,False,,0,-0.5
2020-11-07,17:30,Premier League,Matchweek 8,Sat,Away,L,1,4,Chelsea,0.4,2.2,31,,John Egan,,,Jonathan Moss,Match Report,6,3,18.0,0,0,0,Sheffield United,2021,November,8,Early season,False,,0,0.6
2020-11-22,14:00,Premier League,Matchweek 9,Sun,Home,L,0,1,West Ham United,0.9,2.1,51,,John Egan,,,Martin Atkinson,Match Report,9,5,17.6,0,0,0,Sheffield United,2021,November,9,Early season,False,,0,-0.9
2020-11-28,20:00,Premier League,Matchweek 10,Sat,Away,L,0,1,West Bromwich Albion,2.9,1.2,51,,John Egan,,3-4-1-2,Mike Dean,Match Report,21,5,15.0,0,0,0,Sheffield United,2021,November,10,Early season,False,,0,-2.9
2020-12-06,14:15,Premier League,Matchweek 11,Sun,Home,L,1,2,Leicester City,0.2,1.4,31,,John Egan,,,Stuart Attwell,Match Report,4,1,14.9,0,0,0,Sheffield United,2021,December,11,Early season,False,,0,0.8
2020-12-13,12:00,Premier League,Matchweek 12,Sun,Away,L,0,3,Southampton,0.3,2.0,33,2000.0,Billy Sharp,,,Andy Madley,Match Report,3,0,11.2,0,0,0,Sheffield United,2021,December,12,Early season,False,True,0,-0.3
2020-12-17,20:00,Premier League,Matchweek 13,Thu,Home,L,2,3,Manchester United,1.5,1.9,40,,John Egan,,4-2-3-1,Michael Oliver,Match Report,12,6,15.8,1,0,0,Sheffield United,2021,December,13,Early season,False,,0,0.5
2020-12-20,12:00,Premier League,Matchweek 14,Sun,Away,D,1,1,Brighton And Hove Albion,0.5,2.8,27,,John Egan,,,Peter Bankes,Match Report,5,3,26.0,1,0,0,Sheffield United,2021,December,14,Mid season,False,,1,0.5
2020-12-26,20:00,Premier League,Matchweek 15,Sat,Home,L,0,1,Everton,1.4,0.7,44,,John Egan,,4-2-3-1,David Coote,Match Report,10,1,12.6,0,0,0,Sheffield United,2021,December,15,Mid season,False,,0,-1.4
2020-12-29,18:00,Premier League,Matchweek 16,Tue,Away,L,0,1,Burnley,0.7,1.0,63,,John Egan,,,Chris Kavanagh,Match Report,7,2,16.6,0,0,0,Sheffield United,2021,December,16,Mid season,False,,0,-0.7
2021-01-02,15:00,Premier League,Matchweek 17,Sat,Away,L,0,2,Crystal Palace,0.4,0.6,56,,John Egan,,,Stuart Attwell,Match Report,7,2,19.4,0,0,0,Sheffield United,2021,January,17,Mid season,False,,0,-0.4
2021-01-12,18:00,Premier League,Matchweek 18,Tue,Home,W,1,0,Newcastle United,2.1,0.6,65,,John Egan,,,Andy Madley,Match Report,16,3,17.0,0,1,1,Sheffield United,2021,January,18,Mid season,False,,3,-1.1
2021-01-17,14:00,Premier League,Matchweek 19,Sun,Home,L,1,3,Tottenham Hotspur,0.9,1.0,43,,John Egan,,,Andre Marriner,Match Report,15,5,21.1,0,0,0,Sheffield United,2021,January,19,Mid season,False,,0,0.1
2021-01-27,20:15,Premier League,Matchweek 20,Wed,Away,W,2,1,Manchester United,1.0,1.1,25,,Billy Sharp,,4-2-3-1,Peter Bankes,Match Report,5,3,13.4,0,0,0,Sheffield United,2021,January,20,Mid season,False,,3,1.0
2021-01-30,15:00,Premier League,Matchweek 21,Sat,Away,L,0,1,Manchester City,0.2,1.5,25,,John Egan,,,David Coote,Match Report,4,1,23.2,0,0,0,Sheffield United,2021,January,21,Mid season,False,,0,-0.2
2021-02-02,18:00,Premier League,Matchweek 22,Tue,Home,W,2,1,West Bromwich Albion,1.3,1.6,68,,Billy Sharp,,4-4-1-1,Paul Tierney,Match Report,14,6,16.8,1,0,0,Sheffield United,2021,February,22,Mid season,False,,3,0.7
2021-02-07,19:15,Premier League,Matchweek 23,Sun,Home,L,1,2,Chelsea,0.6,1.6,32,,John Egan,,,Kevin Friend,Match Report,8,3,20.8,0,0,0,Sheffield United,2021,February,23,Mid season,False,,0,0.4
2021-02-15,18:00,Premier League,Matchweek 24,Mon,Away,L,0,3,West Ham United,0.7,1.9,54,,Billy Sharp,,,Simon Hooper,Match Report,8,5,15.4,0,0,0,Sheffield United,2021,February,24,Mid season,False,,0,-0.7
2021-02-20,20:00,Premier League,Matchweek 25,Sat,Away,L,0,1,Fulham,0.9,1.2,36,,Billy Sharp,,4-2-3-1,Martin Atkinson,Match Report,4,2,9.8,0,0,0,Sheffield United,2021,February,25,Mid season,False,,0,-0.9
2021-02-28,19:15,Premier League,Matchweek 26,Sun,Home,L,0,2,Liverpool,0.7,2.7,40,,David McGoldrick,,,Jonathan Moss,Match Report,8,2,17.4,0,0,0,Sheffield United,2021,February,26,Late season,False,,0,-0.7
2021-03-03,18:00,Premier League,Matchweek 29,Wed,Home,W,1,0,Aston Villa,0.9,2.3,28,,David McGoldrick,,,Robert Jones,Match Report,9,2,23.6,0,0,0,Sheffield United,2021,March,29,Late season,False,,3,0.1
2021-03-06,15:00,Premier League,Matchweek 27,Sat,Home,L,0,2,Southampton,0.7,1.9,51,,David McGoldrick,,,Paul Tierney,Match Report,8,2,16.7,0,0,0,Sheffield United,2021,March,27,Late season,False,,0,-0.7
2021-03-14,14:00,Premier League,Matchweek 28,Sun,Away,L,0,5,Leicester City,0.1,4.0,29,,Billy Sharp,,3-4-1-2,Peter Bankes,Match Report,1,0,10.2,0,0,0,Sheffield United,2021,March,28,Late season,False,,0,-0.1
2021-04-03,15:00,Premier League,Matchweek 30,Sat,Away,L,1,2,Leeds United,1.1,2.4,46,,David McGoldrick,,4-1-4-1,Graham Scott,Match Report,9,1,21.8,0,0,0,Sheffield United,2021,April,30,Late season,False,,0,-0.1
2021-04-11,19:00,Premier League,Matchweek 31,Sun,Home,L,0,3,Arsenal,0.3,1.7,45,,John Egan,,4-2-3-1,Peter Bankes,Match Report,7,2,20.0,0,0,0,Sheffield United,2021,April,31,Late season,False,,0,-0.3
2021-04-17,20:15,Premier League,Matchweek 32,Sat,Away,L,0,1,Wolverhampton Wanderers,0.5,1.1,52,,John Egan,,,Robert Jones,Match Report,8,2,20.9,0,0,0,Sheffield United,2021,April,32,Late season,False,,0,-0.5
2021-04-24,20:00,Premier League,Matchweek 33,Sat,Home,W,1,0,Brighton And Hove Albion,0.7,2.0,32,,John Egan,3-4-1-2,3-4-1-2,Kevin Friend,Match Report,7,3,17.8,0,0,0,Sheffield United,2021,April,33,Late season,False,,3,0.3
2021-05-02,19:15,Premier League,Matchweek 34,Sun,Away,L,0,4,Tottenham Hotspur,0.5,2.2,34,,John Egan,3-4-1-2,4-2-3-1,Andre Marriner,Match Report,8,1,18.2,0,0,0,Sheffield United,2021,May,34,Late season,False,,0,-0.5
2021-05-08,15:00,Premier League,Matchweek 35,Sat,Home,L,0,2,Crystal Palace,0.7,2.0,50,,John Egan,,,Simon Hooper,Match Report,7,0,13.4,1,0,0,Sheffield United,2021,May,35,Late season,False,,0,-0.7
2021-05-16,19:00,Premier League,Matchweek 36,Sun,Away,W,1,0,Everton,1.2,1.4,38,,John Egan,,4-2-3-1,Jonathan Moss,Match Report,10,3,18.5,0,0,0,Sheffield United,2021,May,36,Late season,False,,3,-0.2
2021-05-19,18:00,Premier League,Matchweek 37,Wed,Away,L,0,1,Newcastle United,0.9,1.6,49,10000.0,John Egan,,,Robert Jones,Match Report,11,1,18.3,1,0,0,Sheffield United,2021,May,37,Late season,False,False,0,-0.9
2021-05-23,16:00,Premier League,Matchweek 38,Sun,Home,W,1,0,Burnley,0.5,1.1,43,5000.0,John Egan,,4-4-1-1,Kevin Friend,Match Report,12,3,17.4,0,0,0,Sheffield United,2021,May,38,Late season,False,False,3,0.5
2023-08-12,15:00,Premier League,Matchweek 1,Sat,Home,L,0,1,Crystal Palace,0.5,1.9,32,31194.0,John Egan,,4-2-3-1,John Brooks,Match Report,8,1,19.4,0,0,0,Sheffield United,2024,August,1,Early season,False,False,0,-0.5
2023-08-18,19:45,Premier League,Matchweek 2,Fri,Away,L,1,2,Nottingham Forest,0.5,1.4,50,29432.0,John Egan,,,Peter Bankes,Match Report,7,3,18.8,0,0,0,Sheffield United,2024,August,2,Early season,False,False,0,0.5
2023-08-27,14:00,Premier League,Matchweek 3,Sun,Home,L,1,2,Manchester City,0.7,3.5,21,31336.0,John Egan,,4-2-3-1,Jarred Gillett,Match Report,6,1,16.1,0,0,0,Sheffield United,2024,August,3,Early season,False,False,0,0.3
2023-09-02,12:30,Premier League,Matchweek 4,Sat,Home,D,2,2,Everton,1.2,2.5,46,31124.0,John Egan,,4-4-1-1,Andy Madley,Match Report,13,7,14.1,0,0,0,Sheffield United,2024,September,4,Early season,False,False,1,0.8
2023-09-16,15:00,Premier League,Matchweek 5,Sat,Away,L,1,2,Tottenham Hotspur,0.7,2.1,30,61706.0,Chris Basham,,4-2-3-1,Peter Bankes,Match Report,7,5,17.6,0,0,0,Sheffield United,2024,September,5,Early season,False,False,0,0.3
2023-09-24,16:30,Premier League,Matchweek 6,Sun,Home,L,0,8,Newcastle United,0.9,3.9,42,31127.0,John Egan,,,Stuart Attwell,Match Report,9,1,13.7,0,0,0,Sheffield United,2024,September,6,Early season,False,False,0,-0.9
2023-09-30,15:00,Premier League,Matchweek 7,Sat,Away,L,0,2,West Ham United,1.1,2.1,48,62459.0,John Egan,,4-2-3-1,Graham Scott,Match Report,16,2,15.7,0,0,0,Sheffield United,2024,September,7,Early season,False,False,0,-1.1
2023-10-07,15:00,Premier League,Matchweek 8,Sat,Away,L,1,3,Fulham,0.6,2.2,40,24361.0,Chris Basham,,,Samuel Barrott,Match Report,5,2,16.6,0,0,0,Sheffield United,2024,October,8,Early season,False,False,0,0.4
2023-10-21,20:00,Premier League,Matchweek 9,Sat,Home,L,1,2,Manchester United,1.4,1.1,38,31543.0,Oliver Norwood,,4-2-3-1,Michael Oliver,Match Report,11,5,25.8,0,1,1,Sheffield United,2024,October,9,Early season,False,False,0,-0.4
2023-10-28,15:00,Premier League,Matchweek 10,Sat,Away,L,0,5,Arsenal,0.0,2.8,33,60153.0,Oliver Norwood,,,Tim Robinson,Match Report,2,0,39.9,0,0,0,Sheffield United,2024,October,10,Early season,False,False,0,0.0
2023-11-04,15:00,Premier League,Matchweek 11,Sat,Home,W,2,1,Wolverhampton Wanderers,1.0,1.2,39,29454.0,Oliver Norwood,3-4-1-2,4-4-1-1,Robert Jones,Match Report,10,1,27.6,1,1,1,Sheffield United,2024,November,11,Early season,False,False,3,1.0
2023-11-12,14:00,Premier League,Matchweek 12,Sun,Away,D,1,1,Brighton And Hove Albion,1.1,1.5,39,31367.0,Oliver Norwood,,4-2-3-1,John Brooks,Match Report,9,1,19.3,0,0,0,Sheffield United,2024,November,12,Early season,False,False,1,-0.1
2023-11-25,15:00,Premier League,Matchweek 13,Sat,Home,L,1,3,Bournemouth,0.8,2.9,46,30208.0,Oliver Norwood,,4-2-3-1,Andy Madley,Match Report,10,2,14.9,0,0,0,Sheffield United,2024,November,13,Early season,False,False,0,0.2
2023-12-02,15:00,Premier League,Matchweek 14,Sat,Away,L,0,5,Burnley,0.4,1.8,37,21478.0,Oliver Norwood,,,Chris Kavanagh,Match Report,6,3,18.9,0,0,0,Sheffield United,2024,December,14,Mid season,False,False,0,-0.4
2023-12-06,19:30,Premier League,Matchweek 15,Wed,Home,L,0,2,Liverpool,1.0,1.7,25,31406.0,Anel Ahmedhodžić,,,Simon Hooper,Match Report,6,1,14.6,1,0,0,Sheffield United,2024,December,15,Mid season,False,False,0,-1.0
2023-12-09,15:00,Premier League,Matchweek 16,Sat,Home,W,1,0,Brentford,0.8,0.6,41,28509.0,Anel Ahmedhodžić,4-1-4-1,,Stuart Attwell,Match Report,9,4,21.7,0,0,0,Sheffield United,2024,December,16,Mid season,False,False,3,0.2
2023-12-16,15:00,Premier League,Matchweek 17,Sat,Away,L,0,2,Chelsea,0.4,3.1,22,39599.0,Anel Ahmedhodžić,4-1-4-1,4-2-3-1,Andy Madley,Match Report,6,1,19.7,1,0,0,Sheffield United,2024,December,17,Mid season,False,False,0,-0.4
2023-12-22,20:00,Premier League,Matchweek 18,Fri,Away,D,1,1,Aston Villa,0.6,0.9,23,41651.0,Jack Robinson,,4-4-1-1,Anthony Taylor,Match Report,5,2,19.7,0,0,0,Sheffield United,2024,December,18,Mid season,False,False,1,0.4
2023-12-26,15:00,Premier League,Matchweek 19,Tue,Home,L,2,3,Luton Town,2.4,0.6,51,31041.0,Anel Ahmedhodžić,,,Samuel Allison,Match Report,21,4,16.3,1,0,0,Sheffield United,2024,December,19,Mid season,False,False,0,-0.4
2023-12-30,15:00,Premier League,Matchweek 20,Sat,Away,L,0,2,Manchester City,0.3,2.2,20,53108.0,Jack Robinson,,4-2-3-1,David Coote,Match Report,4,2,14.9,0,0,0,Sheffield United,2024,December,20,Mid season,False,False,0,-0.3
2024-01-21,14:00,Premier League,Matchweek 21,Sun,Home,D,2,2,West Ham United,2.5,2.3,57,29164.0,Anel Ahmedhodžić,4-1-4-1,4-4-1-1,Michael Salisbury,Match Report,20,5,18.5,1,1,1,Sheffield United,2024,January,21,Mid season,False,False,1,-0.5
2024-01-30,20:00,Premier League,Matchweek 22,Tue,Away,L,2,3,Crystal Palace,0.8,1.1,47,24781.0,Anel Ahmedhodžić,4-1-4-1,,Tony Harrington,Match Report,9,5,16.5,0,0,0,Sheffield United,2024,January,22,Mid season,False,False,0,1.2
2024-02-03,17:30,Premier League,Matchweek 23,Sat,Home,L,0,5,Aston Villa,1.4,2.2,37,30187.0,Anel Ahmedhodžić,,4-2-3-1,Paul Tierney,Match Report,10,4,10.0,0,0,0,Sheffield United,2024,February,23,Mid season,False,False,0,-1.4
2024-02-10,15:00,Premier League,Matchweek 24,Sat,Away,W,3,1,Luton Town,1.7,1.8,26,11138.0,Anel Ahmedhodžić,,,Chris Kavanagh,Match Report,6,2,22.4,0,1,1,Sheffield United,2024,February,24,Mid season,False,False,3,1.3
2024-02-18,14:00,Premier League,Matchweek 25,Sun,Home,L,0,5,Brighton And Hove Albion,0.6,2.9,21,29522.0,Anel Ahmedhodžić,3-5-1-1,4-2-3-1,Stuart Attwell,Match Report,6,1,18.7,0,0,0,Sheffield United,2024,February,25,Mid season,False,False,0,-0.6
2024-02-25,13:30,Premier League,Matchweek 26,Sun,Away,L,0,1,Wolverhampton Wanderers,0.6,1.3,37,30789.0,Anel Ahmedhodžić,,,Darren Bond,Match Report,12,4,16.3,0,0,0,Sheffield United,2024,February,26,Late season,False,False,0,-0.6
2024-03-04,20:00,Premier League,Matchweek 27,Mon,Home,L,0,6,Arsenal,0.2,2.3,20,29157.0,Anel Ahmedhodžić,,,Samuel Barrott,Match Report,4,0,21.8,0,0,0,Sheffield United,2024,March,27,Late season,False,False,0,-0.2
2024-03-09,15:00,Premier League,Matchweek 28,Sat,Away,D,2,2,Bournemouth,1.2,3.3,31,11074.0,Jack Robinson,,4-2-3-1,Anthony Taylor,Match Report,13,9,14.3,0,0,0,Sheffield United,2024,March,28,Late season,False,False,1,0.8
2024-03-30,15:00,Premier League,Matchweek 30,Sat,Home,D,3,3,Fulham,1.9,1.3,27,30010.0,Jack Robinson,,4-2-3-1,Tim Robinson,Match Report,8,4,15.7,0,0,0,Sheffield United,2024,March,30,Late season,False,False,1,1.1
2024-04-04,19:30,Premier League,Matchweek 31,Thu,Away,L,1,3,Liverpool,0.6,1.8,18,60055.0,Jack Robinson,,,Stuart Attwell,Match Report,5,3,13.6,1,0,0,Sheffield United,2024,April,31,Late season,False,False,0,0.4
2024-04-07,17:30,Premier League,Matchweek 32,Sun,Home,D,2,2,Chelsea,1.4,0.3,32,28638.0,Jack Robinson,,4-2-3-1,Robert Jones,Match Report,11,5,15.2,0,0,0,Sheffield United,2024,April,32,Late season,False,False,1,0.6
2024-04-13,15:00,Premier League,Matchweek 33,Sat,Away,L,0,2,Brentford,0.8,1.0,47,17115.0,Oliver McBurnie,,,Samuel Barrott,Match Report,8,2,15.1,0,0,0,Sheffield United,2024,April,33,Late season,False,False,0,-0.8
2024-04-20,15:00,Premier League,Matchweek 34,Sat,Home,L,1,4,Burnley,2.4,2.2,49,28964.0,Oliver McBurnie,4-2-3-1,,Andy Madley,Match Report,18,11,14.9,0,0,0,Sheffield United,2024,April,34,Late season,False,False,0,-1.4
2024-04-24,20:00,Premier League,Matchweek 29,Wed,Away,L,2,4,Manchester United,0.8,2.9,29,73549.0,Oliver Arblaster,,4-2-3-1,Michael Salisbury,Match Report,10,4,17.8,1,0,0,Sheffield United,2024,April,29,Late season,False,False,0,1.2
2024-04-27,15:00,Premier League,Matchweek 35,Sat,Away,L,1,5,Newcastle United,1.5,3.1,40,52196.0,Oliver Arblaster,,,Tony Harrington,Match Report,15,4,13.5,0,0,0,Sheffield United,2024,April,35,Late season,False,False,0,-0.5
2024-05-04,15:00,Premier League,Matchweek 36,Sat,Home,L,1,3,Nottingham Forest,2.2,1.4,54,28516.0,Jack Robinson,,4-2-3-1,Chris Kavanagh,Match Report,16,4,18.1,0,1,1,Sheffield United,2024,May,36,Late season,False,False,0,-1.2
2024-05-11,15:00,Premier League,Matchweek 37,Sat,Away,L,0,1,Everton,0.6,2.3,42,39221.0,Jack Robinson,,4-4-1-1,Stuart Attwell,Match Report,13,1,21.0,0,0,0,Sheffield United,2024,May,37,Late season,False,False,0,-0.6
2024-05-19,16:00,Premier League,Matchweek 38,Sun,Home,L,0,3,Tottenham Hotspur,1.0,3.1,25,29116.0,Jack Robinson,,4-2-3-1,Andy Madley,Match Report,6,1,18.0,1,0,0,Sheffield United,2024,May,38,Late season,False,False,0,-1.0
2020-09-12,15:00,Premier League,Matchweek 1,Sat,Away,L,0,1,Crystal Palace,0.9,1.1,69,,James Ward-Prowse,,,Jonathan Moss,Match Report,9,5,15.3,2,0,0,Southampton,2021,September,1,Early season,False,,0,-0.9
2020-09-20,12:00,Premier League,Matchweek 2,Sun,Home,L,2,5,Tottenham Hotspur,2.0,2.1,51,,James Ward-Prowse,,,David Coote,Match Report,13,6,20.0,1,1,1,Southampton,2021,September,2,Early season,False,,0,0.0
2020-09-26,20:00,Premier League,Matchweek 3,Sat,Away,W,1,0,Burnley,0.6,0.5,47,,James Ward-Prowse,,,Andre Marriner,Match Report,5,1,15.9,0,0,0,Southampton,2021,September,3,Early season,False,,3,0.4
2020-10-04,12:00,Premier League,Matchweek 4,Sun,Home,W,2,0,West Bromwich Albion,1.2,0.2,62,,James Ward-Prowse,,4-2-3-1,Chris Kavanagh,Match Report,13,7,17.9,0,0,0,Southampton,2021,October,4,Early season,False,,3,0.8
2020-10-17,15:00,Premier League,Matchweek 5,Sat,Away,D,3,3,Chelsea,1.9,1.8,47,,James Ward-Prowse,,4-2-3-1,Peter Bankes,Match Report,13,6,17.1,0,0,0,Southampton,2021,October,5,Early season,False,,1,1.1
2020-10-25,14:00,Premier League,Matchweek 6,Sun,Home,W,2,0,Everton,0.7,0.4,54,,James Ward-Prowse,,,Kevin Friend,Match Report,13,6,17.4,0,0,0,Southampton,2021,October,6,Early season,False,,3,1.3
2020-11-01,12:00,Premier League,Matchweek 7,Sun,Away,W,4,3,Aston Villa,0.7,1.9,44,,James Ward-Prowse,,4-2-3-1,Darren England,Match Report,9,4,18.4,2,0,0,Southampton,2021,November,7,Early season,False,,3,3.3
2020-11-06,20:00,Premier League,Matchweek 8,Fri,Home,W,2,0,Newcastle United,0.7,0.3,61,,James Ward-Prowse,,,Peter Bankes,Match Report,15,7,18.9,0,0,0,Southampton,2021,November,8,Early season,False,,3,1.3
2020-11-23,20:00,Premier League,Matchweek 9,Mon,Away,D,1,1,Wolverhampton Wanderers,1.0,1.5,54,,James Ward-Prowse,,,Andre Marriner,Match Report,7,2,15.9,0,0,0,Southampton,2021,November,9,Early season,False,,1,0.0
2020-11-29,14:00,Premier League,Matchweek 10,Sun,Home,L,2,3,Manchester United,0.5,2.1,50,,James Ward-Prowse,,4-3-1-2,Jonathan Moss,Match Report,10,5,19.4,1,0,0,Southampton,2021,November,10,Early season,False,,0,1.5
2020-12-07,20:00,Premier League,Matchweek 11,Mon,Away,W,2,1,Brighton And Hove Albion,1.4,1.9,52,2000.0,James Ward-Prowse,,3-4-1-2,David Coote,Match Report,9,2,19.2,0,1,1,Southampton,2021,December,11,Early season,False,True,3,0.6
2020-12-13,12:00,Premier League,Matchweek 12,Sun,Home,W,3,0,Sheffield United,2.0,0.3,67,2000.0,James Ward-Prowse,,,Andy Madley,Match Report,16,6,17.0,1,0,0,Southampton,2021,December,12,Early season,False,True,3,1.0
2020-12-16,18:00,Premier League,Matchweek 13,Wed,Away,D,1,1,Arsenal,1.2,0.6,64,,James Ward-Prowse,,,Paul Tierney,Match Report,13,3,23.5,0,0,0,Southampton,2021,December,13,Early season,False,,1,-0.2
2020-12-19,15:00,Premier League,Matchweek 14,Sat,Home,L,0,1,Manchester City,0.7,0.9,48,,James Ward-Prowse,,4-2-3-1,Mike Dean,Match Report,9,3,15.1,0,0,0,Southampton,2021,December,14,Mid season,False,,0,-0.7
2020-12-26,15:00,Premier League,Matchweek 15,Sat,Away,D,0,0,Fulham,0.2,0.7,53,,James Ward-Prowse,,,Darren England,Match Report,3,2,22.4,1,0,0,Southampton,2021,December,15,Mid season,False,,1,-0.2
2020-12-29,18:00,Premier League,Matchweek 16,Tue,Home,D,0,0,West Ham United,0.6,1.2,62,,James Ward-Prowse,,4-1-4-1,Andy Madley,Match Report,8,3,20.7,1,0,0,Southampton,2021,December,16,Mid season,False,,1,-0.6
2021-01-04,20:00,Premier League,Matchweek 17,Mon,Home,W,1,0,Liverpool,0.4,1.5,34,,James Ward-Prowse,,,Andre Marriner,Match Report,7,2,25.1,0,0,0,Southampton,2021,January,17,Mid season,False,,3,0.6
2021-01-16,20:00,Premier League,Matchweek 19,Sat,Away,L,0,2,Leicester City,0.6,2.2,53,,James Ward-Prowse,,4-2-3-1,Stuart Attwell,Match Report,8,3,17.3,0,0,0,Southampton,2021,January,19,Mid season,False,,0,-0.6
2021-01-26,20:15,Premier League,Matchweek 20,Tue,Home,L,1,3,Arsenal,0.8,2.2,58,,James Ward-Prowse,,4-2-3-1,Kevin Friend,Match Report,13,5,17.5,1,0,0,Southampton,2021,January,20,Mid season,False,,0,0.2
2021-01-30,20:00,Premier League,Matchweek 21,Sat,Home,L,0,1,Aston Villa,1.9,0.6,59,,James Ward-Prowse,,4-2-3-1,Lee Mason,Match Report,20,4,18.0,1,0,0,Southampton,2021,January,21,Mid season,False,,0,-1.9
2021-02-02,20:15,Premier League,Matchweek 22,Tue,Away,L,0,9,Manchester United,0.5,4.7,26,,James Ward-Prowse,,4-2-3-1,Mike Dean,Match Report,3,1,21.6,1,0,0,Southampton,2021,February,22,Mid season,True,,0,-0.5
2021-02-06,15:00,Premier League,Matchweek 23,Sat,Away,L,2,3,Newcastle United,1.3,0.7,73,,James Ward-Prowse,,4-3-1-2,Craig Pawson,Match Report,14,5,16.1,1,0,0,Southampton,2021,February,23,Mid season,False,,0,0.7
2021-02-14,12:00,Premier League,Matchweek 24,Sun,Home,L,1,2,Wolverhampton Wanderers,0.8,1.1,51,,James Ward-Prowse,,,Graham Scott,Match Report,7,3,17.8,0,0,0,Southampton,2021,February,24,Mid season,False,,0,0.2
2021-02-20,12:30,Premier League,Matchweek 25,Sat,Home,D,1,1,Chelsea,0.6,1.2,30,,James Ward-Prowse,,,Anthony Taylor,Match Report,4,1,9.6,0,0,0,Southampton,2021,February,25,Mid season,False,,1,0.4
2021-02-23,18:00,Premier League,Matchweek 18,Tue,Away,L,0,3,Leeds United,0.9,1.3,54,,James Ward-Prowse,,3-3-3-1,Andre Marriner,Match Report,13,5,18.6,0,0,0,Southampton,2021,February,18,Mid season,False,,0,-0.9
2021-03-01,20:00,Premier League,Matchweek 26,Mon,Away,L,0,1,Everton,0.6,1.2,53,,James Ward-Prowse,,4-3-1-2,Martin Atkinson,Match Report,9,1,16.7,0,0,0,Southampton,2021,March,26,Late season,False,,0,-0.6
2021-03-06,15:00,Premier League,Matchweek 27,Sat,Away,W,2,0,Sheffield United,1.9,0.7,49,,James Ward-Prowse,,,Paul Tierney,Match Report,14,6,22.2,0,1,1,Southampton,2021,March,27,Late season,False,,3,0.1
2021-03-10,18:00,Premier League,Matchweek 33,Wed,Away,L,2,5,Manchester City,1.6,2.6,42,,James Ward-Prowse,,,Jonathan Moss,Match Report,10,5,21.5,2,1,1,Southampton,2021,March,33,Late season,False,,0,0.4
2021-03-14,12:00,Premier League,Matchweek 28,Sun,Home,L,1,2,Brighton And Hove Albion,0.6,0.8,59,,James Ward-Prowse,,,Stuart Attwell,Match Report,9,4,19.2,1,0,0,Southampton,2021,March,28,Late season,False,,0,0.4
2021-04-04,12:00,Premier League,Matchweek 30,Sun,Home,W,3,2,Burnley,2.2,1.5,53,,James Ward-Prowse,,,Andre Marriner,Match Report,24,8,19.0,0,0,0,Southampton,2021,April,30,Late season,False,,3,0.8
2021-04-12,18:00,Premier League,Matchweek 31,Mon,Away,L,0,3,West Bromwich Albion,1.5,3.0,60,,James Ward-Prowse,,4-4-1-1,Simon Hooper,Match Report,13,3,19.4,1,0,1,Southampton,2021,April,31,Late season,False,,0,-1.5
2021-04-21,18:00,Premier League,Matchweek 29,Wed,Away,L,1,2,Tottenham Hotspur,0.8,1.4,38,,James Ward-Prowse,,4-2-3-1,David Coote,Match Report,10,5,19.3,0,0,0,Southampton,2021,April,29,Late season,False,,0,0.2
2021-04-30,20:00,Premier League,Matchweek 34,Fri,Home,D,1,1,Leicester City,0.9,1.9,30,,James Ward-Prowse,,3-4-1-2,Robert Jones,Match Report,4,2,24.4,0,1,1,Southampton,2021,April,34,Late season,False,,1,0.1
2021-05-08,20:15,Premier League,Matchweek 35,Sat,Away,L,0,2,Liverpool,1.1,1.7,46,,James Ward-Prowse,,,Kevin Friend,Match Report,12,6,20.3,0,0,0,Southampton,2021,May,35,Late season,False,,0,-1.1
2021-05-11,20:15,Premier League,Matchweek 32,Tue,Home,W,3,1,Crystal Palace,1.2,1.5,62,,James Ward-Prowse,,,Andy Madley,Match Report,13,6,15.8,1,0,0,Southampton,2021,May,32,Late season,False,,3,1.8
2021-05-15,15:00,Premier League,Matchweek 36,Sat,Home,W,3,1,Fulham,1.6,0.8,47,,James Ward-Prowse,,,Craig Pawson,Match Report,11,6,14.2,1,0,0,Southampton,2021,May,36,Late season,False,,3,1.4
2021-05-18,18:00,Premier League,Matchweek 37,Tue,Home,L,0,2,Leeds United,1.6,1.7,51,8000.0,James Ward-Prowse,,3-3-3-1,Peter Bankes,Match Report,18,3,21.4,1,0,0,Southampton,2021,May,37,Late season,False,False,0,-1.6
2021-05-23,16:00,Premier League,Matchweek 38,Sun,Away,L,0,3,West Ham United,1.5,1.3,62,10000.0,James Ward-Prowse,,4-2-3-1,Martin Atkinson,Match Report,17,5,17.0,0,0,0,Southampton,2021,May,38,Late season,False,False,0,-1.5
2021-08-14,15:00,Premier League,Matchweek 1,Sat,Away,L,1,3,Everton,0.8,2.4,52,38487.0,James Ward-Prowse,,4-2-3-1,Andy Madley,Match Report,6,3,15.5,0,0,0,Southampton,2022,August,1,Early season,False,False,0,0.2
2021-08-22,14:00,Premier League,Matchweek 2,Sun,Home,D,1,1,Manchester United,0.7,1.8,37,32000.0,James Ward-Prowse,,4-2-3-1,Craig Pawson,Match Report,8,3,21.5,2,0,0,Southampton,2022,August,2,Early season,False,False,1,0.3
2021-08-28,15:00,Premier League,Matchweek 3,Sat,Away,D,2,2,Newcastle United,3.6,1.0,63,44017.0,James Ward-Prowse,,,Paul Tierney,Match Report,21,5,19.2,1,1,1,Southampton,2022,August,3,Early season,False,False,1,-1.6
2021-09-11,15:00,Premier League,Matchweek 4,Sat,Home,D,0,0,West Ham United,0.7,0.7,42,30000.0,James Ward-Prowse,4-1-4-1,4-2-3-1,David Coote,Match Report,11,2,14.2,0,0,0,Southampton,2022,September,4,Early season,False,False,1,-0.7
2021-09-18,15:00,Premier League,Matchweek 5,Sat,Away,D,0,0,Manchester City,0.4,1.0,36,52698.0,James Ward-Prowse,,,Jonathan Moss,Match Report,10,2,19.8,0,0,0,Southampton,2022,September,5,Early season,False,False,1,-0.4
2021-09-26,14:00,Premier League,Matchweek 6,Sun,Home,L,0,1,Wolverhampton Wanderers,1.0,1.0,57,28002.0,James Ward-Prowse,,,Andy Madley,Match Report,18,6,20.7,1,0,0,Southampton,2022,September,6,Early season,False,False,0,-1.0
2021-10-02,15:00,Premier League,Matchweek 7,Sat,Away,L,1,3,Chelsea,1.3,3.3,38,40109.0,James Ward-Prowse,,,Martin Atkinson,Match Report,5,1,24.0,0,1,1,Southampton,2022,October,7,Early season,False,False,0,-0.3
2021-10-16,15:00,Premier League,Matchweek 8,Sat,Home,W,1,0,Leeds United,1.9,0.2,46,30506.0,Oriol Romeu,,3-3-3-1,David Coote,Match Report,19,4,18.7,1,0,0,Southampton,2022,October,8,Early season,False,False,3,-0.9
2021-10-23,15:00,Premier League,Matchweek 9,Sat,Home,D,2,2,Burnley,1.6,0.7,61,29145.0,Oriol Romeu,,,Chris Kavanagh,Match Report,16,4,16.9,0,0,0,Southampton,2022,October,9,Early season,False,False,1,0.4
2021-10-30,15:00,Premier League,Matchweek 10,Sat,Away,W,1,0,Watford,1.8,1.0,60,20869.0,James Ward-Prowse,,4-4-1-1,Peter Bankes,Match Report,12,1,15.0,0,0,0,Southampton,2022,October,10,Early season,False,False,3,-0.8
2021-11-05,20:00,Premier League,Matchweek 11,Fri,Home,W,1,0,Aston Villa,0.6,0.6,56,30178.0,James Ward-Prowse,,4-2-3-1,Andy Madley,Match Report,9,3,15.6,0,0,0,Southampton,2022,November,11,Early season,False,False,3,0.4
2021-11-20,15:00,Premier League,Matchweek 12,Sat,Away,L,1,2,Norwich City,1.0,0.5,62,26885.0,James Ward-Prowse,,,Martin Atkinson,Match Report,17,5,18.8,0,0,0,Southampton,2022,November,12,Early season,False,False,0,0.0
2021-11-27,15:00,Premier League,Matchweek 13,Sat,Away,L,0,4,Liverpool,1.0,2.9,36,53040.0,James Ward-Prowse,,,Andre Marriner,Match Report,7,3,10.5,0,0,0,Southampton,2022,November,13,Early season,False,False,0,-1.0
2021-12-01,19:30,Premier League,Matchweek 14,Wed,Home,D,2,2,Leicester City,1.5,1.5,45,26951.0,James Ward-Prowse,,4-2-3-1,Robert Jones,Match Report,15,7,14.9,0,0,0,Southampton,2022,December,14,Mid season,False,False,1,0.5
2021-12-04,15:00,Premier League,Matchweek 15,Sat,Home,D,1,1,Brighton And Hove Albion,1.6,1.6,44,28706.0,James Ward-Prowse,,,Anthony Taylor,Match Report,14,4,17.6,1,0,0,Southampton,2022,December,15,Mid season,False,False,1,-0.6
2021-12-11,15:00,Premier League,Matchweek 16,Sat,Away,L,0,3,Arsenal,0.6,1.8,39,59653.0,James Ward-Prowse,,4-4-1-1,Jarred Gillett,Match Report,11,6,22.1,3,0,0,Southampton,2022,December,16,Mid season,False,False,0,-0.6
2021-12-15,19:30,Premier League,Matchweek 17,Wed,Away,D,2,2,Crystal Palace,0.6,1.2,41,22861.0,James Ward-Prowse,,,Simon Hooper,Match Report,15,4,21.3,1,0,0,Southampton,2022,December,17,Mid season,False,False,1,1.4
2021-12-26,15:00,Premier League,Matchweek 19,Sun,Away,W,3,2,West Ham United,1.2,1.6,44,41027.0,James Ward-Prowse,4-1-4-1,4-2-3-1,Kevin Friend,Match Report,10,5,22.8,0,1,1,Southampton,2022,December,19,Mid season,False,False,3,1.8
2021-12-28,15:00,Premier League,Matchweek 20,Tue,Home,D,1,1,Tottenham Hotspur,0.4,2.3,35,31304.0,James Ward-Prowse,,,Anthony Taylor,Match Report,9,2,20.7,0,0,0,Southampton,2022,December,20,Mid season,False,False,1,0.6
2022-01-11,19:45,Premier League,Matchweek 18,Tue,Home,W,4,1,Brentford,1.4,0.5,48,27383.0,James Ward-Prowse,,,Stuart Attwell,Match Report,12,6,17.9,0,0,0,Southampton,2022,January,18,Mid season,False,False,3,2.6
2022-01-15,15:00,Premier League,Matchweek 22,Sat,Away,L,1,3,Wolverhampton Wanderers,0.8,2.5,57,30057.0,James Ward-Prowse,,,Michael Salisbury,Match Report,13,10,20.4,2,0,0,Southampton,2022,January,22,Mid season,False,False,0,0.2
2022-01-22,17:30,Premier League,Matchweek 23,Sat,Home,D,1,1,Manchester City,0.8,1.8,26,31178.0,James Ward-Prowse,,,Simon Hooper,Match Report,7,3,11.0,0,0,0,Southampton,2022,January,23,Mid season,False,False,1,0.2
2022-02-09,19:45,Premier League,Matchweek 24,Wed,Away,W,3,2,Tottenham Hotspur,2.2,1.4,52,54012.0,James Ward-Prowse,,,David Coote,Match Report,23,9,16.8,0,0,0,Southampton,2022,February,24,Mid season,False,False,3,0.8
2022-02-12,12:30,Premier League,Matchweek 25,Sat,Away,D,1,1,Manchester United,0.8,2.1,47,73084.0,James Ward-Prowse,,4-2-3-1,Stuart Attwell,Match Report,13,4,21.1,0,0,0,Southampton,2022,February,25,Mid season,False,False,1,0.2
2022-02-19,15:00,Premier League,Matchweek 26,Sat,Home,W,2,0,Everton,2.5,0.3,55,31312.0,James Ward-Prowse,,,Andy Madley,Match Report,19,11,15.4,1,0,0,Southampton,2022,February,26,Late season,False,False,3,-0.5
2022-02-25,20:00,Premier League,Matchweek 27,Fri,Home,W,2,0,Norwich City,2.6,0.6,58,31182.0,James Ward-Prowse,,4-1-4-1,Simon Hooper,Match Report,27,9,15.9,1,0,0,Southampton,2022,February,27,Late season,False,False,3,-0.6
2022-03-05,15:00,Premier League,Matchweek 28,Sat,Away,L,0,4,Aston Villa,1.1,2.5,62,41855.0,James Ward-Prowse,,4-3-1-2,Peter Bankes,Match Report,11,1,19.1,1,0,0,Southampton,2022,March,28,Late season,False,False,0,-1.1
2022-03-10,19:30,Premier League,Matchweek 21,Thu,Home,L,1,2,Newcastle United,1.1,0.6,67,30056.0,James Ward-Prowse,,,Kevin Friend,Match Report,14,5,13.9,0,0,0,Southampton,2022,March,21,Mid season,False,False,0,-0.1
2022-03-13,14:00,Premier League,Matchweek 29,Sun,Home,L,1,2,Watford,1.4,1.7,63,28863.0,James Ward-Prowse,,,Graham Scott,Match Report,13,6,12.8,1,0,0,Southampton,2022,March,29,Late season,False,False,0,-0.4
2022-04-02,15:00,Premier League,Matchweek 31,Sat,Away,D,1,1,Leeds United,1.4,1.2,44,36580.0,James Ward-Prowse,4-3-1-2,4-2-3-1,Anthony Taylor,Match Report,14,5,16.4,1,0,0,Southampton,2022,April,31,Late season,False,False,1,-0.4
2022-04-09,15:00,Premier League,Matchweek 32,Sat,Home,L,0,6,Chelsea,0.5,4.2,30,31359.0,James Ward-Prowse,,3-4-1-2,Kevin Friend,Match Report,4,1,17.0,0,0,0,Southampton,2022,April,32,Late season,False,False,0,-0.5
2022-04-16,15:00,Premier League,Matchweek 33,Sat,Home,W,1,0,Arsenal,0.8,1.7,25,31465.0,James Ward-Prowse,,4-2-3-1,Peter Bankes,Match Report,9,3,15.9,1,0,0,Southampton,2022,April,33,Late season,False,False,3,0.2
2022-04-21,19:45,Premier League,Matchweek 30,Thu,Away,L,0,2,Burnley,0.9,1.5,56,17384.0,James Ward-Prowse,3-1-4-2,,Stuart Attwell,Match Report,11,3,15.1,1,0,0,Southampton,2022,April,30,Late season,False,False,0,-0.9
2022-04-24,14:00,Premier League,Matchweek 34,Sun,Away,D,2,2,Brighton And Hove Albion,0.9,1.7,52,31335.0,James Ward-Prowse,,4-3-1-2,Robert Jones,Match Report,18,5,20.4,1,0,0,Southampton,2022,April,34,Late season,False,False,1,1.1
2022-04-30,15:00,Premier League,Matchweek 35,Sat,Home,L,1,2,Crystal Palace,0.6,1.1,38,31359.0,James Ward-Prowse,,,Jarred Gillett,Match Report,8,3,16.4,0,0,0,Southampton,2022,April,35,Late season,False,False,0,0.4
2022-05-07,15:00,Premier League,Matchweek 36,Sat,Away,L,0,3,Brentford,1.4,2.6,59,17051.0,James Ward-Prowse,,,Michael Salisbury,Match Report,19,4,18.8,2,0,0,Southampton,2022,May,36,Late season,False,False,0,-1.4
2022-05-17,19:45,Premier League,Matchweek 37,Tue,Home,L,1,2,Liverpool,0.1,1.3,30,31588.0,James Ward-Prowse,,,Martin Atkinson,Match Report,4,2,25.2,1,0,0,Southampton,2022,May,37,Late season,False,False,0,0.9
2022-05-22,16:00,Premier League,Matchweek 38,Sun,Away,L,1,4,Leicester City,1.1,3.4,49,32003.0,James Ward-Prowse,,4-2-3-1,Jonathan Moss,Match Report,6,1,18.9,1,1,1,Southampton,2022,May,38,Late season,False,False,0,-0.1
2022-08-06,15:00,Premier League,Matchweek 1,Sat,Away,L,1,4,Tottenham Hotspur,0.5,1.5,42,61732.0,James Ward-Prowse,,,Andre Marriner,Match Report,10,2,17.1,0,0,0,Southampton,2023,August,1,Early season,False,False,0,0.5
2022-08-13,15:00,Premier League,Matchweek 2,Sat,Home,D,2,2,Leeds United,1.2,1.8,43,30815.0,James Ward-Prowse,,4-2-3-1,Tony Harrington,Match Report,14,4,18.1,1,0,0,Southampton,2023,August,2,Early season,False,False,1,0.8
2022-08-20,15:00,Premier League,Matchweek 3,Sat,Away,W,2,1,Leicester City,0.9,0.3,38,30850.0,James Ward-Prowse,4-2-3-1,4-1-4-1,Michael Salisbury,Match Report,9,3,15.0,0,0,0,Southampton,2023,August,3,Early season,False,False,3,1.1
2022-08-27,12:30,Premier League,Matchweek 4,Sat,Home,L,0,1,Manchester United,1.4,1.1,49,31196.0,James Ward-Prowse,4-2-3-1,4-2-3-1,Andy Madley,Match Report,17,4,13.8,0,0,0,Southampton,2023,August,4,Early season,False,False,0,-1.4
2022-08-30,19:45,Premier League,Matchweek 5,Tue,Home,W,2,1,Chelsea,1.1,1.1,33,31542.0,James Ward-Prowse,4-2-3-1,4-2-2-2,Michael Oliver,Match Report,9,5,17.8,0,0,0,Southampton,2023,August,5,Early season,False,False,3,0.9
2022-09-03,15:00,Premier League,Matchweek 6,Sat,Away,L,0,1,Wolverhampton Wanderers,1.2,0.8,49,30546.0,James Ward-Prowse,4-2-3-1,,John Brooks,Match Report,12,1,16.4,1,0,0,Southampton,2023,September,6,Early season,False,False,0,-1.2
2022-09-16,20:00,Premier League,Matchweek 8,Fri,Away,L,0,1,Aston Villa,0.3,1.5,47,40758.0,James Ward-Prowse,4-2-3-1,4-3-2-1,Tony Harrington,Match Report,7,1,20.2,0,0,0,Southampton,2023,September,8,Early season,False,False,0,-0.3
2022-10-01,15:00,Premier League,Matchweek 9,Sat,Home,L,1,2,Everton,1.7,2.0,55,30510.0,James Ward-Prowse,,,Andre Marriner,Match Report,22,6,16.4,1,0,0,Southampton,2023,October,9,Early season,False,False,0,-0.7
2022-10-08,15:00,Premier League,Matchweek 10,Sat,Away,L,0,4,Manchester City,0.2,2.4,35,53365.0,James Ward-Prowse,,4-2-3-1,Andy Madley,Match Report,5,0,28.1,0,0,0,Southampton,2023,October,10,Early season,False,False,0,-0.2
2022-10-16,14:00,Premier League,Matchweek 11,Sun,Home,D,1,1,West Ham United,0.5,1.7,39,29159.0,James Ward-Prowse,,,Peter Bankes,Match Report,10,8,19.6,0,0,0,Southampton,2023,October,11,Early season,False,False,1,0.5
2022-10-19,19:30,Premier League,Matchweek 12,Wed,Away,W,1,0,Bournemouth,1.0,1.0,46,10405.0,James Ward-Prowse,,,John Brooks,Match Report,9,3,13.0,0,0,0,Southampton,2023,October,12,Early season,False,False,3,0.0
2022-10-23,14:00,Premier League,Matchweek 13,Sun,Home,D,1,1,Arsenal,0.7,1.0,41,31145.0,James Ward-Prowse,,,Robert Jones,Match Report,10,3,19.4,0,0,0,Southampton,2023,October,13,Early season,False,False,1,0.3
2022-10-29,15:00,Premier League,Matchweek 14,Sat,Away,L,0,1,Crystal Palace,1.3,0.9,56,25130.0,James Ward-Prowse,,,Michael Salisbury,Match Report,14,4,18.1,0,0,0,Southampton,2023,October,14,Mid season,False,False,0,-1.3
2022-11-06,14:00,Premier League,Matchweek 15,Sun,Home,L,1,4,Newcastle United,1.7,0.9,55,30402.0,James Ward-Prowse,4-2-3-1,,Stuart Attwell,Match Report,16,5,17.6,1,0,0,Southampton,2023,November,15,Mid season,False,False,0,-0.7
2022-11-12,15:00,Premier League,Matchweek 16,Sat,Away,L,1,3,Liverpool,1.1,1.9,40,53331.0,James Ward-Prowse,,,Simon Hooper,Match Report,9,5,11.9,0,0,0,Southampton,2023,November,16,Mid season,False,False,0,-0.1
2022-12-26,15:00,Premier League,Matchweek 17,Mon,Home,L,1,3,Brighton And Hove Albion,1.9,0.6,34,31010.0,James Ward-Prowse,4-2-3-1,4-2-3-1,Robert Jones,Match Report,13,3,16.1,1,0,1,Southampton,2023,December,17,Mid season,False,False,0,-0.9
2022-12-31,15:00,Premier League,Matchweek 18,Sat,Away,L,1,2,Fulham,0.8,1.5,38,24344.0,James Ward-Prowse,,4-2-3-1,Graham Scott,Match Report,9,3,24.5,1,0,0,Southampton,2023,December,18,Mid season,False,False,0,0.2
2023-01-04,19:30,Premier League,Matchweek 19,Wed,Home,L,0,1,Nottingham Forest,0.5,1.4,63,30150.0,James Ward-Prowse,3-1-4-2,4-3-1-2,Thomas Bramall,Match Report,8,0,14.5,1,0,0,Southampton,2023,January,19,Mid season,False,False,0,-0.5
2023-01-14,15:00,Premier League,Matchweek 20,Sat,Away,W,2,1,Everton,1.2,1.4,48,39305.0,James Ward-Prowse,4-2-3-1,,John Brooks,Match Report,13,5,20.7,2,0,0,Southampton,2023,January,20,Mid season,False,False,3,0.8
2023-01-21,15:00,Premier League,Matchweek 21,Sat,Home,L,0,1,Aston Villa,0.6,1.4,37,30158.0,James Ward-Prowse,4-2-3-1,,Michael Salisbury,Match Report,8,5,15.8,0,0,0,Southampton,2023,January,21,Mid season,False,False,0,-0.6
2023-02-04,15:00,Premier League,Matchweek 22,Sat,Away,L,0,3,Brentford,0.7,2.0,51,17051.0,James Ward-Prowse,4-2-3-1,,Darren Bond,Match Report,14,5,23.5,0,0,0,Southampton,2023,February,22,Mid season,False,False,0,-0.7
2023-02-11,15:00,Premier League,Matchweek 23,Sat,Home,L,1,2,Wolverhampton Wanderers,1.1,0.8,41,29751.0,James Ward-Prowse,,4-2-3-1,Jarred Gillett,Match Report,17,2,17.7,0,0,0,Southampton,2023,February,23,Mid season,False,False,0,-0.1
2023-02-18,15:00,Premier League,Matchweek 24,Sat,Away,W,1,0,Chelsea,0.6,1.6,38,40152.0,James Ward-Prowse,,4-2-3-1,David Coote,Match Report,8,4,19.7,1,0,0,Southampton,2023,February,24,Mid season,False,False,3,0.4
2023-02-25,15:00,Premier League,Matchweek 25,Sat,Away,L,0,1,Leeds United,0.4,0.9,39,36641.0,James Ward-Prowse,,4-2-3-1,Peter Bankes,Match Report,8,2,18.8,0,0,0,Southampton,2023,February,25,Mid season,False,False,0,-0.4
2023-03-04,17:30,Premier League,Matchweek 26,Sat,Home,W,1,0,Leicester City,1.4,1.9,35,30139.0,James Ward-Prowse,4-2-3-1,4-2-3-1,Robert Jones,Match Report,10,4,23.6,1,0,1,Southampton,2023,March,26,Late season,False,False,3,-0.4
2023-03-12,14:00,Premier League,Matchweek 27,Sun,Away,D,0,0,Manchester United,1.0,0.8,53,73439.0,James Ward-Prowse,4-2-3-1,4-1-4-1,Anthony Taylor,Match Report,17,4,21.2,2,0,0,Southampton,2023,March,27,Late season,False,False,1,-1.0
2023-03-15,19:30,Premier League,Matchweek 7,Wed,Home,L,0,2,Brentford,0.5,1.9,66,30438.0,James Ward-Prowse,4-2-3-1,,Michael Salisbury,Match Report,7,0,19.2,1,0,0,Southampton,2023,March,7,Early season,False,False,0,-0.5
2023-03-18,15:00,Premier League,Matchweek 28,Sat,Home,D,3,3,Tottenham Hotspur,2.4,2.3,51,30157.0,James Ward-Prowse,,,Simon Hooper,Match Report,18,6,19.6,1,1,1,Southampton,2023,March,28,Late season,False,False,1,0.6
2023-04-02,14:00,Premier League,Matchweek 29,Sun,Away,L,0,1,West Ham United,0.3,1.4,57,62498.0,James Ward-Prowse,,,Paul Tierney,Match Report,9,3,21.1,0,0,0,Southampton,2023,April,29,Late season,False,False,0,-0.3
2023-04-08,17:30,Premier League,Matchweek 30,Sat,Home,L,1,4,Manchester City,0.4,2.9,27,30963.0,James Ward-Prowse,,3-2-4-1,Robert Jones,Match Report,4,1,17.0,0,0,0,Southampton,2023,April,30,Late season,False,False,0,0.6
2023-04-15,15:00,Premier League,Matchweek 31,Sat,Home,L,0,2,Crystal Palace,0.8,0.9,58,30309.0,James Ward-Prowse,,,Michael Oliver,Match Report,11,4,18.0,0,0,0,Southampton,2023,April,31,Late season,False,False,0,-0.8
2023-04-21,20:00,Premier League,Matchweek 32,Fri,Away,D,3,3,Arsenal,1.3,2.4,26,60175.0,James Ward-Prowse,,,Simon Hooper,Match Report,8,6,12.4,0,0,0,Southampton,2023,April,32,Late season,False,False,1,1.7
2023-04-27,19:45,Premier League,Matchweek 33,Thu,Home,L,0,1,Bournemouth,0.5,0.9,57,30414.0,James Ward-Prowse,,,Darren England,Match Report,11,2,19.9,0,0,0,Southampton,2023,April,33,Late season,False,False,0,-0.5
2023-04-30,14:00,Premier League,Matchweek 34,Sun,Away,L,1,3,Newcastle United,0.8,4.3,37,52234.0,James Ward-Prowse,,,Anthony Taylor,Match Report,4,3,17.3,0,0,0,Southampton,2023,April,34,Late season,False,False,0,0.2
2023-05-08,20:00,Premier League,Matchweek 35,Mon,Away,L,3,4,Nottingham Forest,3.1,1.8,64,29154.0,James Ward-Prowse,4-2-3-1,,Michael Oliver,Match Report,18,4,14.0,0,1,1,Southampton,2023,May,35,Late season,False,False,0,-0.1
2023-05-13,15:00,Premier League,Matchweek 36,Sat,Home,L,0,2,Fulham,0.4,1.4,36,28978.0,James Ward-Prowse,4-2-3-1,4-2-3-1,Thomas Bramall,Match Report,5,1,24.2,0,0,0,Southampton,2023,May,36,Late season,False,False,0,-0.4
2023-05-21,14:00,Premier League,Matchweek 37,Sun,Away,L,1,3,Brighton And Hove Albion,0.6,2.5,37,31507.0,James Ward-Prowse,4-1-4-1,4-2-3-1,Paul Tierney,Match Report,5,1,13.8,1,0,0,Southampton,2023,May,37,Late season,False,False,0,0.4
2023-05-28,16:30,Premier League,Matchweek 38,Sun,Home,D,4,4,Liverpool,1.8,4.0,31,31129.0,James Ward-Prowse,4-2-3-1,,Darren England,Match Report,15,10,17.5,1,0,0,Southampton,2023,May,38,Late season,False,False,1,2.2
2024-08-17,15:00,Premier League,Matchweek 1,Sat,Away,L,0,1,Newcastle United,1.8,0.3,77,52196.0,Jack Stephens,,,Craig Pawson,Match Report,19,3,17.0,1,0,0,Southampton,2025,August,1,Early season,False,False,0,-1.8
2024-08-24,15:00,Premier League,Matchweek 2,Sat,Home,L,0,1,Nottingham Forest,0.1,2.2,64,31150.0,Jack Stephens,,4-2-3-1,Samuel Barrott,Match Report,5,1,19.7,0,0,0,Southampton,2025,August,2,Early season,False,False,0,-0.1
2024-08-31,15:00,Premier League,Matchweek 3,Sat,Away,L,1,3,Brentford,1.5,2.8,63,16955.0,Jack Stephens,,,Joshua Smith,Match Report,18,6,18.1,1,0,0,Southampton,2025,August,3,Early season,False,False,0,-0.5
2024-09-14,12:30,Premier League,Matchweek 4,Sat,Home,L,0,3,Manchester United,1.1,2.6,44,31144.0,Jack Stephens,4-2-3-1,4-2-3-1,Stuart Attwell,Match Report,5,2,17.4,0,0,1,Southampton,2025,September,4,Early season,False,False,0,-1.1
2024-09-21,15:00,Premier League,Matchweek 5,Sat,Home,D,1,1,Ipswich Town,2.4,1.6,53,31117.0,Flynn Downes,4-2-3-1,4-2-3-1,Samuel Allison,Match Report,11,3,13.7,0,0,0,Southampton,2025,September,5,Early season,False,False,1,-1.4
2024-09-30,20:00,Premier League,Matchweek 6,Mon,Away,L,1,3,Bournemouth,0.6,1.3,60,11243.0,Flynn Downes,4-2-3-1,4-2-3-1,Michael Oliver,Match Report,9,3,18.4,0,0,0,Southampton,2025,September,6,Early season,False,False,0,0.4
2024-10-05,15:00,Premier League,Matchweek 7,Sat,Away,L,1,3,Arsenal,0.6,2.8,41,60307.0,Flynn Downes,,,Tony Harrington,Match Report,8,2,16.4,0,0,0,Southampton,2025,October,7,Early season,False,False,0,0.4
2024-10-19,15:00,Premier League,Matchweek 8,Sat,Home,L,2,3,Leicester City,2.1,3.1,42,31145.0,Flynn Downes,,4-2-3-1,Anthony Taylor,Match Report,14,7,9.6,0,0,0,Southampton,2025,October,8,Early season,False,False,0,-0.1
2024-10-26,15:00,Premier League,Matchweek 9,Sat,Away,L,0,1,Manchester City,0.2,2.9,43,52844.0,Jack Stephens,,4-1-4-1,Tony Harrington,Match Report,5,2,13.8,0,0,0,Southampton,2025,October,9,Early season,False,False,0,-0.2
2024-11-02,15:00,Premier League,Matchweek 10,Sat,Home,W,1,0,Everton,0.7,1.6,65,31143.0,Jack Stephens,,4-2-3-1,Andy Madley,Match Report,9,2,13.4,0,0,0,Southampton,2025,November,10,Early season,False,False,3,0.3
2024-11-09,15:00,Premier League,Matchweek 11,Sat,Away,L,0,2,Wolverhampton Wanderers,0.6,1.3,71,31403.0,Jack Stephens,,4-2-3-1,Thomas Bramall,Match Report,9,0,20.6,1,0,0,Southampton,2025,November,11,Early season,False,False,0,-0.6
2024-11-24,14:00,Premier League,Matchweek 12,Sun,Home,L,2,3,Liverpool,1.3,3.1,38,31278.0,Jack Stephens,,4-2-3-1,Samuel Barrott,Match Report,6,4,19.0,0,0,1,Southampton,2025,November,12,Early season,False,False,0,0.7
2024-11-29,20:00,Premier League,Matchweek 13,Fri,Away,D,1,1,Brighton And Hove Albion,1.0,1.7,47,31542.0,Jack Stephens,,,Robert Jones,Match Report,10,2,16.8,0,0,0,Southampton,2025,November,13,Early season,False,False,1,0.0
2024-12-04,19:30,Premier League,Matchweek 14,Wed,Home,L,1,5,Chelsea,1.6,5.2,45,31193.0,Jack Stephens,,4-2-3-1,Tony Harrington,Match Report,6,4,9.7,0,0,0,Southampton,2025,December,14,Mid season,False,False,0,-0.6
2024-12-07,15:00,Premier League,Matchweek 15,Sat,Away,L,0,1,Aston Villa,0.3,2.3,53,42453.0,Adam Armstrong,,4-2-3-1,Darren Bond,Match Report,4,0,14.5,0,0,0,Southampton,2025,December,15,Mid season,False,False,0,-0.3
2024-12-15,19:00,Premier League,Matchweek 16,Sun,Home,L,0,5,Tottenham Hotspur,0.8,2.3,42,31090.0,Adam Armstrong,4-3-1-2,4-2-3-1,Darren England,Match Report,9,3,18.1,0,0,0,Southampton,2025,December,16,Mid season,False,False,0,-0.8
2024-12-22,14:00,Premier League,Matchweek 17,Sun,Away,D,0,0,Fulham,0.3,0.9,43,26819.0,Jan Bednarek,3-4-1-2,4-2-3-1,Tim Robinson,Match Report,5,1,20.1,1,0,0,Southampton,2025,December,17,Mid season,False,False,1,-0.3
2024-12-26,15:00,Premier League,Matchweek 18,Thu,Home,L,0,1,West Ham United,1.4,1.7,54,31059.0,Jan Bednarek,3-4-1-2,4-1-4-1,Lewis Smith,Match Report,18,5,12.8,0,0,0,Southampton,2025,December,18,Mid season,False,False,0,-1.4
2024-12-29,15:00,Premier League,Matchweek 19,Sun,Away,L,1,2,Crystal Palace,0.9,2.0,53,25130.0,Jan Bednarek,,,Michael Salisbury,Match Report,7,3,10.7,0,0,0,Southampton,2025,December,19,Mid season,False,False,0,0.1
2025-01-04,15:00,Premier League,Matchweek 20,Sat,Home,L,0,5,Brentford,0.3,4.4,50,31001.0,Jan Bednarek,,,Stuart Attwell,Match Report,8,1,22.1,0,0,0,Southampton,2025,January,20,Mid season,False,False,0,-0.3
2025-01-16,20:00,Premier League,Matchweek 21,Thu,Away,L,1,3,Manchester United,1.4,3.4,40,73722.0,Jan Bednarek,3-4-1-2,,John Brooks,Match Report,13,5,17.0,1,0,0,Southampton,2025,January,21,Mid season,False,False,0,-0.4
2025-01-19,14:00,Premier League,Matchweek 22,Sun,Away,L,2,3,Nottingham Forest,0.9,1.8,55,30180.0,Jan Bednarek,3-4-1-2,4-2-3-1,Anthony Taylor,Match Report,10,3,13.6,0,0,0,Southampton,2025,January,22,Mid season,False,False,0,1.1
2025-01-25,15:00,Premier League,Matchweek 23,Sat,Home,L,1,3,Newcastle United,0.8,2.9,53,31141.0,Jan Bednarek,3-4-1-2,,Samuel Barrott,Match Report,12,5,18.1,0,0,0,Southampton,2025,January,23,Mid season,False,False,0,0.2
2025-02-01,15:00,Premier League,Matchweek 24,Sat,Away,W,2,1,Ipswich Town,0.9,1.8,43,29902.0,Jan Bednarek,,4-2-3-1,Michael Oliver,Match Report,9,4,14.8,0,0,0,Southampton,2025,February,24,Mid season,False,False,3,1.1
2025-02-15,15:00,Premier League,Matchweek 25,Sat,Home,L,1,3,Bournemouth,0.8,1.2,44,31037.0,Jan Bednarek,3-4-1-2,4-2-3-1,Jarred Gillett,Match Report,11,4,19.3,0,0,0,Southampton,2025,February,25,Mid season,False,False,0,0.2
2025-02-22,15:00,Premier League,Matchweek 26,Sat,Home,L,0,4,Brighton And Hove Albion,0.1,3.9,50,30775.0,Jan Bednarek,,4-2-3-1,Darren Bond,Match Report,6,1,24.5,0,0,0,Southampton,2025,February,26,Late season,False,False,0,-0.1
2025-02-25,20:15,Premier League,Matchweek 27,Tue,Away,L,0,4,Chelsea,0.7,2.4,40,39485.0,Aaron Ramsdale,,4-2-3-1,Thomas Bramall,Match Report,7,2,17.0,0,0,0,Southampton,2025,February,27,Late season,False,False,0,-0.7
2025-03-08,15:00,Premier League,Matchweek 28,Sat,Away,L,1,3,Liverpool,0.4,3.9,29,60399.0,Jan Bednarek,4-2-3-1,,Lewis Smith,Match Report,6,4,17.5,0,0,0,Southampton,2025,March,28,Late season,False,False,0,0.6
2025-03-15,15:00,Premier League,Matchweek 29,Sat,Home,L,1,2,Wolverhampton Wanderers,1.3,0.4,60,30950.0,Aaron Ramsdale,,,Robert Jones,Match Report,10,3,13.2,0,0,0,Southampton,2025,March,29,Late season,False,False,0,-0.3
2025-04-02,19:45,Premier League,Matchweek 30,Wed,Home,D,1,1,Crystal Palace,0.7,0.7,43,30158.0,Jack Stephens,,,Andy Madley,Match Report,8,2,13.6,0,0,0,Southampton,2025,April,30,Late season,False,False,1,0.3
2025-04-06,14:00,Premier League,Matchweek 31,Sun,Away,L,1,3,Tottenham Hotspur,1.0,2.1,49,60984.0,Jan Bednarek,4-2-3-1,,Michael Salisbury,Match Report,12,4,17.5,0,0,0,Southampton,2025,April,31,Late season,False,False,0,0.0
2025-04-12,15:00,Premier League,Matchweek 32,Sat,Home,L,0,3,Aston Villa,0.3,3.0,40,30199.0,Jack Stephens,,4-2-3-1,Thomas Bramall,Match Report,7,2,17.7,0,0,0,Southampton,2025,April,32,Late season,False,False,0,-0.3
2025-04-19,15:00,Premier League,Matchweek 33,Sat,Away,D,1,1,West Ham United,0.6,0.9,48,62461.0,Jack Stephens,,4-2-3-1,Andrew Kitchen,Match Report,15,4,20.1,1,0,0,Southampton,2025,April,33,Late season,False,False,1,0.4
2025-04-26,15:00,Premier League,Matchweek 34,Sat,Home,L,1,2,Fulham,0.6,2.4,35,28946.0,Jack Stephens,,,Tony Harrington,Match Report,7,3,16.6,0,0,0,Southampton,2025,April,34,Late season,False,False,0,0.4
2025-05-03,15:00,Premier League,Matchweek 35,Sat,Away,L,0,2,Leicester City,0.5,1.4,51,31240.0,Jack Stephens,,4-2-3-1,David Webb,Match Report,8,2,14.4,0,0,0,Southampton,2025,May,35,Late season,False,False,0,-0.5
2025-05-10,15:00,Premier League,Matchweek 36,Sat,Home,D,0,0,Manchester City,0.1,1.7,28,30937.0,Jack Stephens,,4-2-3-1,Tim Robinson,Match Report,2,0,17.2,0,0,0,Southampton,2025,May,36,Late season,False,False,1,-0.1
2025-05-18,12:00,Premier League,Matchweek 37,Sun,Away,L,0,2,Everton,1.2,2.7,50,39201.0,Jack Stephens,,4-2-3-1,Michael Oliver,Match Report,6,2,12.5,0,0,0,Southampton,2025,May,37,Late season,False,False,0,-1.2
2025-05-25,16:00,Premier League,Matchweek 38,Sun,Home,L,1,2,Arsenal,0.6,2.3,38,31289.0,Aaron Ramsdale,,4-2-3-1,Darren Bond,Match Report,7,2,16.3,1,0,0,Southampton,2025,May,38,Late season,False,False,0,0.4
2020-09-13,16:30,Premier League,Matchweek 1,Sun,Home,L,0,1,Everton,1.1,1.2,52,,Hugo Lloris,4-2-3-1,,Martin Atkinson,Match Report,9,5,12.6,0,0,0,Tottenham Hotspur,2021,September,1,Early season,False,,0,-1.1
2020-09-20,12:00,Premier League,Matchweek 2,Sun,Away,W,5,2,Southampton,2.1,2.0,49,,Hugo Lloris,,,David Coote,Match Report,9,6,17.4,0,0,0,Tottenham Hotspur,2021,September,2,Early season,False,,3,2.9
2020-09-27,14:00,Premier League,Matchweek 3,Sun,Home,D,1,1,Newcastle United,2.9,1.0,66,,Hugo Lloris,4-2-3-1,,Peter Bankes,Match Report,23,12,14.7,2,0,0,Tottenham Hotspur,2021,September,3,Early season,False,,1,-1.9
2020-10-04,16:30,Premier League,Matchweek 4,Sun,Away,W,6,1,Manchester United,3.4,0.9,61,,Hugo Lloris,,4-2-3-1,Anthony Taylor,Match Report,21,7,16.4,1,1,1,Tottenham Hotspur,2021,October,4,Early season,False,,3,2.6
2020-10-18,16:30,Premier League,Matchweek 5,Sun,Home,D,3,3,West Ham United,1.7,1.9,50,,Hugo Lloris,4-2-3-1,,Paul Tierney,Match Report,11,6,19.8,1,0,0,Tottenham Hotspur,2021,October,5,Early season,False,,1,1.3
2020-10-26,20:00,Premier League,Matchweek 6,Mon,Away,W,1,0,Burnley,0.6,1.0,61,,Hugo Lloris,4-2-3-1,,Michael Oliver,Match Report,9,3,14.5,0,0,0,Tottenham Hotspur,2021,October,6,Early season,False,,3,0.4
2020-11-01,19:15,Premier League,Matchweek 7,Sun,Home,W,2,1,Brighton And Hove Albion,1.7,0.3,44,,Hugo Lloris,4-2-3-1,3-5-1-1,Graham Scott,Match Report,8,2,18.7,1,1,1,Tottenham Hotspur,2021,November,7,Early season,False,,3,0.3
2020-11-08,12:00,Premier League,Matchweek 8,Sun,Away,W,1,0,West Bromwich Albion,1.9,0.8,58,,Harry Kane,4-2-3-1,,Andy Madley,Match Report,19,5,17.5,1,0,0,Tottenham Hotspur,2021,November,8,Early season,False,,3,-0.9
2020-11-21,17:30,Premier League,Matchweek 9,Sat,Home,W,2,0,Manchester City,0.7,1.4,34,,Hugo Lloris,4-2-3-1,,Mike Dean,Match Report,4,2,21.3,1,0,0,Tottenham Hotspur,2021,November,9,Early season,False,,3,1.3
2020-11-29,16:30,Premier League,Matchweek 10,Sun,Away,D,0,0,Chelsea,0.2,0.8,40,,Hugo Lloris,4-2-3-1,,Paul Tierney,Match Report,5,1,23.8,1,0,0,Tottenham Hotspur,2021,November,10,Early season,False,,1,-0.2
2020-12-06,16:30,Premier League,Matchweek 11,Sun,Home,W,2,0,Arsenal,0.3,0.6,31,2000.0,Hugo Lloris,4-2-3-1,4-2-3-1,Martin Atkinson,Match Report,5,3,23.3,1,0,0,Tottenham Hotspur,2021,December,11,Early season,False,True,3,1.7
2020-12-13,14:15,Premier League,Matchweek 12,Sun,Away,D,1,1,Crystal Palace,0.9,1.6,56,2000.0,Hugo Lloris,4-2-3-1,,Kevin Friend,Match Report,14,6,20.4,3,0,0,Tottenham Hotspur,2021,December,12,Early season,False,True,1,0.1
2020-12-16,20:00,Premier League,Matchweek 13,Wed,Away,L,1,2,Liverpool,1.1,1.0,25,2000.0,Hugo Lloris,,,Anthony Taylor,Match Report,8,2,19.2,1,0,0,Tottenham Hotspur,2021,December,13,Early season,False,True,0,-0.1
2020-12-20,14:15,Premier League,Matchweek 14,Sun,Home,L,0,2,Leicester City,0.7,1.7,56,,Hugo Lloris,4-2-3-1,4-2-3-1,Craig Pawson,Match Report,8,3,16.5,2,0,0,Tottenham Hotspur,2021,December,14,Mid season,False,,0,-0.7
2020-12-27,19:15,Premier League,Matchweek 15,Sun,Away,D,1,1,Wolverhampton Wanderers,0.4,0.9,45,,Hugo Lloris,3-4-1-2,4-2-3-1,Paul Tierney,Match Report,6,3,17.2,1,0,0,Tottenham Hotspur,2021,December,15,Mid season,False,,1,0.6
2021-01-02,12:30,Premier League,Matchweek 17,Sat,Home,W,3,0,Leeds United,2.6,1.1,37,,Hugo Lloris,4-2-3-1,4-1-4-1,David Coote,Match Report,19,6,19.0,0,1,1,Tottenham Hotspur,2021,January,17,Mid season,False,,3,0.4
2021-01-13,20:15,Premier League,Matchweek 16,Wed,Home,D,1,1,Fulham,2.4,1.1,53,,Hugo Lloris,4-2-3-1,,Paul Tierney,Match Report,15,6,15.7,1,0,0,Tottenham Hotspur,2021,January,16,Mid season,False,,1,-1.4
2021-01-17,14:00,Premier League,Matchweek 19,Sun,Away,W,3,1,Sheffield United,1.0,0.9,57,,Hugo Lloris,,,Andre Marriner,Match Report,14,5,22.1,0,0,0,Tottenham Hotspur,2021,January,19,Mid season,False,,3,2.0
2021-01-28,20:00,Premier League,Matchweek 20,Thu,Home,L,1,3,Liverpool,0.1,2.5,50,,Hugo Lloris,,,Martin Atkinson,Match Report,3,2,35.0,0,0,0,Tottenham Hotspur,2021,January,20,Mid season,False,,0,0.9
2021-01-31,19:15,Premier League,Matchweek 21,Sun,Away,L,0,1,Brighton And Hove Albion,0.4,1.6,57,,Hugo Lloris,,,Peter Bankes,Match Report,8,4,21.2,1,0,0,Tottenham Hotspur,2021,January,21,Mid season,False,,0,-0.4
2021-02-04,20:00,Premier League,Matchweek 22,Thu,Home,L,0,1,Chelsea,0.6,1.6,43,,Hugo Lloris,4-2-2-2,3-4-1-2,Andre Marriner,Match Report,7,2,20.9,1,0,0,Tottenham Hotspur,2021,February,22,Mid season,False,,0,-0.6
2021-02-07,12:00,Premier League,Matchweek 23,Sun,Home,W,2,0,West Bromwich Albion,1.5,0.6,65,,Hugo Lloris,4-2-3-1,4-1-4-1,Stuart Attwell,Match Report,13,6,16.7,0,0,0,Tottenham Hotspur,2021,February,23,Mid season,False,,3,0.5
2021-02-13,17:30,Premier League,Matchweek 24,Sat,Away,L,0,3,Manchester City,0.3,2.2,40,,Hugo Lloris,4-2-3-1,,Paul Tierney,Match Report,7,3,20.9,1,0,0,Tottenham Hotspur,2021,February,24,Mid season,False,,0,-0.3
2021-02-21,12:00,Premier League,Matchweek 25,Sun,Away,L,1,2,West Ham United,1.1,1.1,68,,Hugo Lloris,4-2-3-1,4-2-3-1,Craig Pawson,Match Report,20,4,19.4,2,0,0,Tottenham Hotspur,2021,February,25,Mid season,False,,0,-0.1
2021-02-28,14:00,Premier League,Matchweek 26,Sun,Home,W,4,0,Burnley,2.1,0.7,58,,Hugo Lloris,4-2-3-1,,Kevin Friend,Match Report,16,7,18.9,0,0,0,Tottenham Hotspur,2021,February,26,Late season,False,,3,1.9
2021-03-04,18:00,Premier League,Matchweek 33,Thu,Away,W,1,0,Fulham,1.6,0.7,40,,Hugo Lloris,4-2-3-1,,David Coote,Match Report,9,2,18.9,2,0,0,Tottenham Hotspur,2021,March,33,Late season,False,,3,-0.6
2021-03-07,19:15,Premier League,Matchweek 27,Sun,Home,W,4,1,Crystal Palace,2.7,0.5,63,,Hugo Lloris,4-2-3-1,,Stuart Attwell,Match Report,12,5,12.5,1,0,0,Tottenham Hotspur,2021,March,27,Late season,False,,3,1.3
2021-03-14,16:30,Premier League,Matchweek 28,Sun,Away,L,1,2,Arsenal,0.4,1.7,48,,Hugo Lloris,4-2-3-1,4-2-3-1,Michael Oliver,Match Report,6,3,18.9,2,0,0,Tottenham Hotspur,2021,March,28,Late season,False,,0,0.6
2021-03-21,19:30,Premier League,Matchweek 18,Sun,Away,W,2,0,Aston Villa,1.8,0.4,50,,Hugo Lloris,,4-2-3-1,Mike Dean,Match Report,8,2,18.8,0,1,1,Tottenham Hotspur,2021,March,18,Mid season,False,,3,0.2
2021-04-04,14:05,Premier League,Matchweek 30,Sun,Away,D,2,2,Newcastle United,2.7,3.4,58,,Hugo Lloris,,,Craig Pawson,Match Report,11,4,16.0,3,0,0,Tottenham Hotspur,2021,April,30,Late season,False,,1,-0.7
2021-04-11,16:30,Premier League,Matchweek 31,Sun,Home,L,1,3,Manchester United,0.9,2.1,47,,Hugo Lloris,,4-2-3-1,Chris Kavanagh,Match Report,12,3,16.5,0,0,0,Tottenham Hotspur,2021,April,31,Late season,False,,0,0.1
2021-04-16,20:00,Premier League,Matchweek 32,Fri,Away,D,2,2,Everton,1.4,1.8,47,,Hugo Lloris,3-4-1-2,,Michael Oliver,Match Report,12,3,19.3,0,0,0,Tottenham Hotspur,2021,April,32,Late season,False,,1,0.6
2021-04-21,18:00,Premier League,Matchweek 29,Wed,Home,W,2,1,Southampton,1.4,0.8,62,,Hugo Lloris,4-2-3-1,,David Coote,Match Report,11,2,19.0,1,1,1,Tottenham Hotspur,2021,April,29,Late season,False,,3,0.6
2021-05-02,19:15,Premier League,Matchweek 34,Sun,Home,W,4,0,Sheffield United,2.2,0.5,66,,Hugo Lloris,4-2-3-1,3-4-1-2,Andre Marriner,Match Report,20,10,19.6,2,0,0,Tottenham Hotspur,2021,May,34,Late season,False,,3,1.8
2021-05-08,12:30,Premier League,Matchweek 35,Sat,Away,L,1,3,Leeds United,0.9,2.5,47,,Hugo Lloris,4-2-3-1,4-1-4-1,Michael Oliver,Match Report,11,3,16.8,1,0,0,Tottenham Hotspur,2021,May,35,Late season,False,,0,0.1
2021-05-16,14:05,Premier League,Matchweek 36,Sun,Home,W,2,0,Wolverhampton Wanderers,3.2,0.9,62,,Hugo Lloris,4-2-3-1,4-2-3-1,Martin Atkinson,Match Report,24,11,17.3,1,0,0,Tottenham Hotspur,2021,May,36,Late season,False,,3,-1.2
2021-05-19,18:00,Premier League,Matchweek 37,Wed,Home,L,1,2,Aston Villa,0.8,1.4,60,10000.0,Hugo Lloris,4-2-3-1,4-2-3-1,Craig Pawson,Match Report,10,4,17.6,0,0,0,Tottenham Hotspur,2021,May,37,Late season,False,False,0,0.2
2021-05-23,16:00,Premier League,Matchweek 38,Sun,Away,W,4,2,Leicester City,1.5,1.9,53,8000.0,Hugo Lloris,4-2-3-1,,Anthony Taylor,Match Report,11,4,13.9,0,0,0,Tottenham Hotspur,2021,May,38,Late season,False,False,3,2.5
2021-08-15,16:30,Premier League,Matchweek 1,Sun,Home,W,1,0,Manchester City,1.0,1.8,35,58262.0,Hugo Lloris,,,Anthony Taylor,Match Report,13,2,20.3,0,0,0,Tottenham Hotspur,2022,August,1,Early season,False,False,3,0.0
2021-08-22,14:00,Premier League,Matchweek 2,Sun,Away,W,1,0,Wolverhampton Wanderers,1.7,1.7,42,30368.0,Hugo Lloris,,,Stuart Attwell,Match Report,7,5,14.6,0,1,1,Tottenham Hotspur,2022,August,2,Early season,False,False,3,-0.7
2021-08-29,14:00,Premier League,Matchweek 3,Sun,Home,W,1,0,Watford,1.0,0.8,57,57672.0,Hugo Lloris,,4-1-4-1,Andre Marriner,Match Report,15,8,18.8,3,0,0,Tottenham Hotspur,2022,August,3,Early season,False,False,3,0.0
2021-09-11,12:30,Premier League,Matchweek 4,Sat,Away,L,0,3,Crystal Palace,0.1,2.1,38,26000.0,Hugo Lloris,4-1-2-1-2◆,,Jonathan Moss,Match Report,2,1,19.1,0,0,0,Tottenham Hotspur,2022,September,4,Early season,False,False,0,-0.1
2021-09-19,16:30,Premier League,Matchweek 5,Sun,Home,L,0,3,Chelsea,0.5,2.1,47,60059.0,Hugo Lloris,4-3-2-1,,Paul Tierney,Match Report,8,2,20.0,1,0,0,Tottenham Hotspur,2022,September,5,Early season,False,False,0,-0.5
2021-09-26,16:30,Premier League,Matchweek 6,Sun,Away,L,1,3,Arsenal,1.0,1.1,54,59919.0,Hugo Lloris,,4-2-3-1,Craig Pawson,Match Report,10,4,16.3,0,0,0,Tottenham Hotspur,2022,September,6,Early season,False,False,0,0.0
2021-10-03,14:00,Premier League,Matchweek 7,Sun,Home,W,2,1,Aston Villa,1.3,1.2,56,53076.0,Hugo Lloris,4-2-3-1,,Chris Kavanagh,Match Report,17,7,20.5,2,0,0,Tottenham Hotspur,2022,October,7,Early season,False,False,3,0.7
2021-10-17,16:30,Premier League,Matchweek 8,Sun,Away,W,3,2,Newcastle United,1.7,0.4,64,52214.0,Hugo Lloris,4-2-3-1,4-1-4-1,Andre Marriner,Match Report,14,4,17.9,1,0,0,Tottenham Hotspur,2022,October,8,Early season,False,False,3,1.3
2021-10-24,14:00,Premier League,Matchweek 9,Sun,Away,L,0,1,West Ham United,0.7,1.3,62,59924.0,Hugo Lloris,4-2-3-1,4-2-3-1,Paul Tierney,Match Report,7,4,17.8,0,0,0,Tottenham Hotspur,2022,October,9,Early season,False,False,0,-0.7
2021-10-30,17:30,Premier League,Matchweek 10,Sat,Home,L,0,3,Manchester United,1.0,1.5,58,60356.0,Hugo Lloris,4-2-3-1,,Stuart Attwell,Match Report,9,0,16.6,1,0,0,Tottenham Hotspur,2022,October,10,Early season,False,False,0,-1.0
2021-11-07,14:00,Premier League,Matchweek 11,Sun,Away,D,0,0,Everton,0.7,0.6,55,39059.0,Hugo Lloris,,4-4-1-1,Chris Kavanagh,Match Report,8,0,19.5,0,0,0,Tottenham Hotspur,2022,November,11,Early season,False,False,1,-0.7
2021-11-21,16:30,Premier League,Matchweek 12,Sun,Home,W,2,1,Leeds United,2.1,1.4,43,58989.0,Hugo Lloris,,3-3-3-1,Andre Marriner,Match Report,13,4,17.5,1,0,0,Tottenham Hotspur,2022,November,12,Early season,False,False,3,-0.1
2021-12-02,19:30,Premier League,Matchweek 14,Thu,Home,W,2,0,Brentford,1.9,0.3,47,54202.0,Hugo Lloris,,,Jonathan Moss,Match Report,11,6,9.8,0,0,0,Tottenham Hotspur,2022,December,14,Mid season,False,False,3,0.1
2021-12-05,14:00,Premier League,Matchweek 15,Sun,Home,W,3,0,Norwich City,1.6,1.2,41,57088.0,Hugo Lloris,,,Jarred Gillett,Match Report,17,7,18.5,0,0,0,Tottenham Hotspur,2022,December,15,Mid season,False,False,3,1.4
2021-12-19,16:30,Premier League,Matchweek 18,Sun,Home,D,2,2,Liverpool,3.0,1.1,44,45421.0,Hugo Lloris,,,Paul Tierney,Match Report,10,5,10.4,0,0,0,Tottenham Hotspur,2022,December,18,Mid season,False,False,1,-1.0
2021-12-26,15:00,Premier League,Matchweek 19,Sun,Home,W,3,0,Crystal Palace,2.3,0.2,60,40539.0,Hugo Lloris,,,Jonathan Moss,Match Report,17,6,14.5,0,0,0,Tottenham Hotspur,2022,December,19,Mid season,False,False,3,0.7
2021-12-28,15:00,Premier League,Matchweek 20,Tue,Away,D,1,1,Southampton,2.3,0.4,65,31304.0,Hugo Lloris,,,Anthony Taylor,Match Report,20,10,15.8,1,1,1,Tottenham Hotspur,2022,December,20,Mid season,False,False,1,-1.3
2022-01-01,15:00,Premier League,Matchweek 21,Sat,Away,W,1,0,Watford,2.2,0.3,74,20391.0,Hugo Lloris,,,Robert Jones,Match Report,21,9,17.6,0,0,0,Tottenham Hotspur,2022,January,21,Mid season,False,False,3,-1.2
2022-01-19,19:30,Premier League,Matchweek 17,Wed,Away,W,3,2,Leicester City,3.1,1.2,51,31986.0,Hugo Lloris,,,Jonathan Moss,Match Report,27,8,16.4,1,0,0,Tottenham Hotspur,2022,January,17,Mid season,False,False,3,-0.1
2022-01-23,16:30,Premier League,Matchweek 23,Sun,Away,L,0,2,Chelsea,0.5,1.2,36,40020.0,Hugo Lloris,,,Paul Tierney,Match Report,6,3,16.6,0,0,0,Tottenham Hotspur,2022,January,23,Mid season,False,False,0,-0.5
2022-02-09,19:45,Premier League,Matchweek 24,Wed,Home,L,2,3,Southampton,1.4,2.2,48,54012.0,Hugo Lloris,,,David Coote,Match Report,8,3,15.3,0,0,0,Tottenham Hotspur,2022,February,24,Mid season,False,False,0,0.6
2022-02-13,14:00,Premier League,Matchweek 25,Sun,Home,L,0,2,Wolverhampton Wanderers,1.2,1.3,58,56452.0,Hugo Lloris,,,Kevin Friend,Match Report,17,7,15.9,2,0,0,Tottenham Hotspur,2022,February,25,Mid season,False,False,0,-1.2
2022-02-19,17:30,Premier League,Matchweek 26,Sat,Away,W,3,2,Manchester City,1.4,2.1,29,53201.0,Hugo Lloris,,,Anthony Taylor,Match Report,6,5,15.0,0,0,0,Tottenham Hotspur,2022,February,26,Late season,False,False,3,1.6
2022-02-23,19:30,Premier League,Matchweek 13,Wed,Away,L,0,1,Burnley,0.7,0.9,66,19488.0,Hugo Lloris,,,Graham Scott,Match Report,12,2,17.4,0,0,0,Tottenham Hotspur,2022,February,13,Early season,False,False,0,-0.7
2022-02-26,12:30,Premier League,Matchweek 27,Sat,Away,W,4,0,Leeds United,1.9,1.5,50,36599.0,Hugo Lloris,,4-1-4-1,Craig Pawson,Match Report,15,10,14.2,0,0,0,Tottenham Hotspur,2022,February,27,Late season,False,False,3,2.1
2022-03-07,20:00,Premier League,Matchweek 28,Mon,Home,W,5,0,Everton,2.5,0.2,55,59647.0,Hugo Lloris,,4-2-3-1,Stuart Attwell,Match Report,14,7,13.5,0,0,0,Tottenham Hotspur,2022,March,28,Late season,False,False,3,2.5
2022-03-12,17:30,Premier League,Matchweek 29,Sat,Away,L,2,3,Manchester United,1.5,1.0,57,73458.0,Hugo Lloris,,4-2-3-1,Jonathan Moss,Match Report,9,1,19.8,1,1,1,Tottenham Hotspur,2022,March,29,Late season,False,False,0,0.5
2022-03-16,19:30,Premier League,Matchweek 16,Wed,Away,W,2,0,Brighton And Hove Albion,2.2,0.7,52,31144.0,Hugo Lloris,,4-2-3-1,Robert Jones,Match Report,17,7,19.0,1,0,0,Tottenham Hotspur,2022,March,16,Mid season,False,False,3,-0.2
2022-03-20,16:30,Premier League,Matchweek 30,Sun,Home,W,3,1,West Ham United,3.0,0.6,53,58685.0,Hugo Lloris,,,Anthony Taylor,Match Report,17,4,16.6,0,0,0,Tottenham Hotspur,2022,March,30,Late season,False,False,3,0.0
2022-04-03,16:30,Premier League,Matchweek 31,Sun,Home,W,5,1,Newcastle United,3.1,0.5,60,57553.0,Hugo Lloris,,,Martin Atkinson,Match Report,19,6,16.0,1,0,0,Tottenham Hotspur,2022,April,31,Late season,False,False,3,1.9
2022-04-09,17:30,Premier League,Matchweek 32,Sat,Away,W,4,0,Aston Villa,1.1,1.6,48,41949.0,Hugo Lloris,,4-3-1-2,Graham Scott,Match Report,11,5,18.8,0,0,0,Tottenham Hotspur,2022,April,32,Late season,False,False,3,2.9
2022-04-16,12:30,Premier League,Matchweek 33,Sat,Home,L,0,1,Brighton And Hove Albion,0.5,0.6,49,58685.0,Hugo Lloris,,,Craig Pawson,Match Report,5,0,20.8,0,0,0,Tottenham Hotspur,2022,April,33,Late season,False,False,0,-0.5
2022-04-23,17:30,Premier League,Matchweek 34,Sat,Away,D,0,0,Brentford,0.6,0.9,56,17072.0,Hugo Lloris,,,Martin Atkinson,Match Report,9,0,16.7,0,0,0,Tottenham Hotspur,2022,April,34,Late season,False,False,1,-0.6
2022-05-01,14:00,Premier League,Matchweek 35,Sun,Home,W,3,1,Leicester City,1.2,0.5,40,59482.0,Hugo Lloris,,,Jonathan Moss,Match Report,13,7,14.2,0,0,0,Tottenham Hotspur,2022,May,35,Late season,False,False,3,1.8
2022-05-07,19:45,Premier League,Matchweek 36,Sat,Away,D,1,1,Liverpool,0.9,1.3,36,53177.0,Hugo Lloris,,,Michael Oliver,Match Report,8,3,17.5,0,0,0,Tottenham Hotspur,2022,May,36,Late season,False,False,1,0.1
2022-05-12,19:45,Premier League,Matchweek 22,Thu,Home,W,3,0,Arsenal,2.7,0.5,57,62027.0,Hugo Lloris,,,Paul Tierney,Match Report,15,5,14.3,0,1,1,Tottenham Hotspur,2022,May,22,Mid season,False,False,3,0.3
2022-05-15,12:00,Premier League,Matchweek 37,Sun,Home,W,1,0,Burnley,2.2,0.7,68,61729.0,Hugo Lloris,,,Kevin Friend,Match Report,20,6,20.3,0,1,1,Tottenham Hotspur,2022,May,37,Late season,False,False,3,-1.2
2022-05-22,16:00,Premier League,Matchweek 38,Sun,Away,W,5,0,Norwich City,3.4,0.5,59,27022.0,Hugo Lloris,,,Chris Kavanagh,Match Report,19,12,14.9,0,0,0,Tottenham Hotspur,2022,May,38,Late season,False,False,3,1.6
2022-08-06,15:00,Premier League,Matchweek 1,Sat,Home,W,4,1,Southampton,1.5,0.5,58,61732.0,Hugo Lloris,,,Andre Marriner,Match Report,18,8,16.5,0,0,0,Tottenham Hotspur,2023,August,1,Early season,False,False,3,2.5
2022-08-14,16:30,Premier League,Matchweek 2,Sun,Away,D,2,2,Chelsea,1.0,1.6,37,39946.0,Hugo Lloris,,,Anthony Taylor,Match Report,10,5,13.4,0,0,0,Tottenham Hotspur,2023,August,2,Early season,False,False,1,1.0
2022-08-20,12:30,Premier League,Matchweek 3,Sat,Home,W,1,0,Wolverhampton Wanderers,1.7,0.7,50,61298.0,Hugo Lloris,,,Simon Hooper,Match Report,11,4,11.7,0,0,0,Tottenham Hotspur,2023,August,3,Early season,False,False,3,-0.7
2022-08-28,16:30,Premier League,Matchweek 4,Sun,Away,W,2,0,Nottingham Forest,2.4,0.9,45,29296.0,Hugo Lloris,,,Craig Pawson,Match Report,17,5,19.7,0,0,1,Tottenham Hotspur,2023,August,4,Early season,False,False,3,-0.4
2022-08-31,19:45,Premier League,Matchweek 5,Wed,Away,D,1,1,West Ham United,0.6,1.2,61,62450.0,Hugo Lloris,,4-2-3-1,Peter Bankes,Match Report,12,3,16.8,0,0,0,Tottenham Hotspur,2023,August,5,Early season,False,False,1,0.4
2022-09-03,15:00,Premier League,Matchweek 6,Sat,Home,W,2,1,Fulham,2.9,0.7,52,61641.0,Hugo Lloris,,4-2-3-1,Stuart Attwell,Match Report,23,10,15.5,1,0,0,Tottenham Hotspur,2023,September,6,Early season,False,False,3,-0.9
2022-09-17,17:30,Premier League,Matchweek 8,Sat,Home,W,6,2,Leicester City,2.2,1.8,44,61450.0,Hugo Lloris,,4-1-4-1,Simon Hooper,Match Report,16,11,16.5,0,0,0,Tottenham Hotspur,2023,September,8,Early season,False,False,3,3.8
2022-10-01,12:30,Premier League,Matchweek 9,Sat,Away,L,1,3,Arsenal,1.6,2.4,36,60278.0,Hugo Lloris,,,Anthony Taylor,Match Report,6,2,19.9,0,1,1,Tottenham Hotspur,2023,October,9,Early season,False,False,0,-0.6
2022-10-08,17:30,Premier League,Matchweek 10,Sat,Away,W,1,0,Brighton And Hove Albion,0.8,0.7,41,31498.0,Hugo Lloris,,,Tony Harrington,Match Report,8,3,18.7,1,0,0,Tottenham Hotspur,2023,October,10,Early season,False,False,3,0.2
2022-10-15,17:30,Premier League,Matchweek 11,Sat,Home,W,2,0,Everton,2.2,0.4,62,61812.0,Hugo Lloris,,,Paul Tierney,Match Report,20,6,17.2,1,1,1,Tottenham Hotspur,2023,October,11,Early season,False,False,3,-0.2
2022-10-19,20:15,Premier League,Matchweek 12,Wed,Away,L,0,2,Manchester United,0.6,1.5,48,73677.0,Hugo Lloris,,4-2-3-1,Simon Hooper,Match Report,9,2,14.9,0,0,0,Tottenham Hotspur,2023,October,12,Early season,False,False,0,-0.6
2022-10-23,16:30,Premier League,Matchweek 13,Sun,Home,L,1,2,Newcastle United,1.6,1.2,53,61726.0,Hugo Lloris,,,Jarred Gillett,Match Report,17,4,16.9,0,0,0,Tottenham Hotspur,2023,October,13,Early season,False,False,0,-0.6
2022-10-29,15:00,Premier League,Matchweek 14,Sat,Away,W,3,2,Bournemouth,2.0,0.5,69,10430.0,Hugo Lloris,,3-5-1-1,Anthony Taylor,Match Report,23,7,15.1,1,0,0,Tottenham Hotspur,2023,October,14,Mid season,False,False,3,1.0
2022-11-06,16:30,Premier League,Matchweek 15,Sun,Home,L,1,2,Liverpool,1.2,1.2,47,62008.0,Hugo Lloris,,4-1-2-1-2,Andy Madley,Match Report,14,5,14.4,0,0,0,Tottenham Hotspur,2023,November,15,Mid season,False,False,0,-0.2
2022-11-12,15:00,Premier League,Matchweek 16,Sat,Home,W,4,3,Leeds United,1.8,1.1,55,61667.0,Hugo Lloris,,4-2-3-1,Michael Salisbury,Match Report,14,7,14.5,0,0,0,Tottenham Hotspur,2023,November,16,Mid season,False,False,3,2.2
2022-12-26,12:30,Premier League,Matchweek 17,Mon,Away,D,2,2,Brentford,1.1,2.0,61,17137.0,Harry Kane,,,David Coote,Match Report,15,8,19.7,1,0,0,Tottenham Hotspur,2023,December,17,Mid season,False,False,1,0.9
2023-01-01,14:00,Premier League,Matchweek 18,Sun,Home,L,0,2,Aston Villa,0.7,1.0,59,61651.0,Hugo Lloris,,,John Brooks,Match Report,6,1,15.2,1,0,0,Tottenham Hotspur,2023,January,18,Mid season,False,False,0,-0.7
2023-01-04,20:00,Premier League,Matchweek 19,Wed,Away,W,4,0,Crystal Palace,1.4,0.8,53,25132.0,Hugo Lloris,,4-2-3-1,Michael Oliver,Match Report,14,6,16.2,0,0,0,Tottenham Hotspur,2023,January,19,Mid season,False,False,3,2.6
2023-01-15,16:30,Premier League,Matchweek 20,Sun,Home,L,0,2,Arsenal,1.6,1.8,51,61870.0,Hugo Lloris,,,Craig Pawson,Match Report,17,7,16.3,1,0,0,Tottenham Hotspur,2023,January,20,Mid season,False,False,0,-1.6
2023-01-19,20:00,Premier League,Matchweek 7,Thu,Away,L,2,4,Manchester City,0.8,2.3,42,53088.0,Hugo Lloris,,4-2-3-1,Simon Hooper,Match Report,9,3,16.5,0,0,0,Tottenham Hotspur,2023,January,7,Early season,False,False,0,1.2
2023-01-23,20:00,Premier League,Matchweek 21,Mon,Away,W,1,0,Fulham,0.9,1.0,46,24190.0,Hugo Lloris,,4-2-3-1,Paul Tierney,Match Report,10,3,17.0,1,0,0,Tottenham Hotspur,2023,January,21,Mid season,False,False,3,0.1
2023-02-05,16:30,Premier League,Matchweek 22,Sun,Home,W,1,0,Manchester City,1.4,1.3,36,61747.0,Hugo Lloris,,,Andy Madley,Match Report,12,3,14.7,0,0,0,Tottenham Hotspur,2023,February,22,Mid season,False,False,3,-0.4
2023-02-11,15:00,Premier League,Matchweek 23,Sat,Away,L,1,4,Leicester City,1.3,1.7,51,32184.0,Harry Kane,,4-2-3-1,Michael Salisbury,Match Report,11,4,16.8,2,0,0,Tottenham Hotspur,2023,February,23,Mid season,False,False,0,-0.3
2023-02-19,16:30,Premier League,Matchweek 24,Sun,Home,W,2,0,West Ham United,1.5,0.5,57,61476.0,Harry Kane,,,Michael Oliver,Match Report,16,6,21.5,0,0,0,Tottenham Hotspur,2023,February,24,Mid season,False,False,3,0.5
2023-02-26,13:30,Premier League,Matchweek 25,Sun,Home,W,2,0,Chelsea,0.8,0.4,41,61613.0,Harry Kane,,4-2-3-1,Stuart Attwell,Match Report,8,3,16.5,0,0,0,Tottenham Hotspur,2023,February,25,Mid season,False,False,3,1.2
2023-03-04,15:00,Premier League,Matchweek 26,Sat,Away,L,0,1,Wolverhampton Wanderers,1.2,0.5,54,31585.0,Harry Kane,,4-2-3-1,Tim Robinson,Match Report,21,6,20.6,2,0,0,Tottenham Hotspur,2023,March,26,Late season,False,False,0,-1.2
2023-03-11,15:00,Premier League,Matchweek 27,Sat,Home,W,3,1,Nottingham Forest,2.0,1.5,55,61460.0,Harry Kane,,4-3-2-1,Craig Pawson,Match Report,14,6,14.8,0,1,1,Tottenham Hotspur,2023,March,27,Late season,False,False,3,1.0
2023-03-18,15:00,Premier League,Matchweek 28,Sat,Away,D,3,3,Southampton,2.3,2.4,49,30157.0,Harry Kane,,,Simon Hooper,Match Report,17,3,15.8,0,0,0,Tottenham Hotspur,2023,March,28,Late season,False,False,1,0.7
2023-04-03,20:00,Premier League,Matchweek 29,Mon,Away,D,1,1,Everton,1.4,0.9,61,39294.0,Hugo Lloris,,4-1-4-1,David Coote,Match Report,7,0,19.6,0,1,1,Tottenham Hotspur,2023,April,29,Late season,False,False,1,-0.4
2023-04-08,15:00,Premier League,Matchweek 30,Sat,Home,W,2,1,Brighton And Hove Albion,0.8,1.4,35,61405.0,Hugo Lloris,,4-2-3-1,Stuart Attwell,Match Report,9,3,15.2,0,0,0,Tottenham Hotspur,2023,April,30,Late season,False,False,3,1.2
2023-04-15,15:00,Premier League,Matchweek 31,Sat,Home,L,2,3,Bournemouth,2.2,1.3,58,61369.0,Hugo Lloris,,,Andy Madley,Match Report,24,8,17.9,1,0,0,Tottenham Hotspur,2023,April,31,Late season,False,False,0,-0.2
2023-04-23,14:00,Premier League,Matchweek 32,Sun,Away,L,1,6,Newcastle United,1.0,3.7,44,52252.0,Hugo Lloris,,,David Coote,Match Report,11,3,17.2,0,0,0,Tottenham Hotspur,2023,April,32,Late season,False,False,0,0.0
2023-04-27,20:15,Premier League,Matchweek 33,Thu,Home,D,2,2,Manchester United,2.5,2.0,40,61586.0,Harry Kane,,4-2-3-1,Anthony Taylor,Match Report,18,7,16.5,0,0,0,Tottenham Hotspur,2023,April,33,Late season,False,False,1,-0.5
2023-04-30,16:30,Premier League,Matchweek 34,Sun,Away,L,3,4,Liverpool,2.0,2.2,33,53275.0,Harry Kane,,,Paul Tierney,Match Report,10,6,20.1,0,0,0,Tottenham Hotspur,2023,April,34,Late season,False,False,0,1.0
2023-05-06,15:00,Premier League,Matchweek 35,Sat,Home,W,1,0,Crystal Palace,0.9,0.4,56,61093.0,Harry Kane,,,Darren England,Match Report,8,3,12.7,0,0,0,Tottenham Hotspur,2023,May,35,Late season,False,False,3,0.1
2023-05-13,15:00,Premier League,Matchweek 36,Sat,Away,L,1,2,Aston Villa,1.4,1.2,52,42164.0,Harry Kane,,,Peter Bankes,Match Report,4,1,20.3,0,1,1,Tottenham Hotspur,2023,May,36,Late season,False,False,0,-0.4
2023-05-20,12:30,Premier League,Matchweek 37,Sat,Home,L,1,3,Brentford,1.7,1.2,61,61514.0,Harry Kane,,,Jarred Gillett,Match Report,22,7,15.4,1,0,0,Tottenham Hotspur,2023,May,37,Late season,False,False,0,-0.7
2023-05-28,16:30,Premier League,Matchweek 38,Sun,Away,W,4,1,Leeds United,2.2,1.5,48,36871.0,Harry Kane,,,Anthony Taylor,Match Report,11,7,14.5,0,0,0,Tottenham Hotspur,2023,May,38,Late season,False,False,3,1.8
2023-08-13,14:00,Premier League,Matchweek 1,Sun,Away,D,2,2,Brentford,1.3,2.2,69,17066.0,Son Heung-min,4-2-3-1,,Robert Jones,Match Report,18,6,19.6,0,0,0,Tottenham Hotspur,2024,August,1,Early season,False,False,1,0.7
2023-08-19,17:30,Premier League,Matchweek 2,Sat,Home,W,2,0,Manchester United,1.7,2.1,55,61910.0,Son Heung-min,4-2-3-1,4-2-3-1,Michael Oliver,Match Report,17,6,13.8,0,0,0,Tottenham Hotspur,2024,August,2,Early season,False,False,3,0.3
2023-08-26,12:30,Premier League,Matchweek 3,Sat,Away,W,2,0,Bournemouth,2.1,0.7,56,10567.0,Son Heung-min,4-2-3-1,4-2-3-1,Tim Robinson,Match Report,17,6,16.6,1,0,0,Tottenham Hotspur,2024,August,3,Early season,False,False,3,-0.1
2023-09-02,15:00,Premier League,Matchweek 4,Sat,Away,W,5,2,Burnley,2.2,1.3,53,21750.0,Son Heung-min,4-2-3-1,,Darren England,Match Report,21,11,19.3,0,0,0,Tottenham Hotspur,2024,September,4,Early season,False,False,3,2.8
2023-09-16,15:00,Premier League,Matchweek 5,Sat,Home,W,2,1,Sheffield United,2.1,0.7,70,61706.0,Son Heung-min,4-2-3-1,,Peter Bankes,Match Report,28,10,16.4,0,0,0,Tottenham Hotspur,2024,September,5,Early season,False,False,3,-0.1
2023-09-24,14:00,Premier League,Matchweek 6,Sun,Away,D,2,2,Arsenal,1.4,1.8,53,60156.0,Son Heung-min,4-2-3-1,,Robert Jones,Match Report,13,5,16.0,0,0,0,Tottenham Hotspur,2024,September,6,Early season,False,False,1,0.6
2023-09-30,17:30,Premier League,Matchweek 7,Sat,Home,W,2,1,Liverpool,2.2,1.3,64,62001.0,Son Heung-min,4-2-3-1,,Simon Hooper,Match Report,24,8,19.8,0,0,0,Tottenham Hotspur,2024,September,7,Early season,False,False,3,-0.2
2023-10-07,12:30,Premier League,Matchweek 8,Sat,Away,W,1,0,Luton Town,1.9,0.8,66,10290.0,Son Heung-min,4-2-3-1,,John Brooks,Match Report,15,4,16.9,1,0,0,Tottenham Hotspur,2024,October,8,Early season,False,False,3,-0.9
2023-10-23,20:00,Premier League,Matchweek 9,Mon,Home,W,2,0,Fulham,1.5,1.0,55,61286.0,Son Heung-min,4-2-3-1,4-2-3-1,Anthony Taylor,Match Report,15,5,17.2,0,0,0,Tottenham Hotspur,2024,October,9,Early season,False,False,3,0.5
2023-10-27,20:00,Premier League,Matchweek 10,Fri,Away,W,2,1,Crystal Palace,1.1,0.6,75,25074.0,Son Heung-min,4-2-3-1,4-2-3-1,Andy Madley,Match Report,10,1,19.5,1,0,0,Tottenham Hotspur,2024,October,10,Early season,False,False,3,0.9
2023-11-06,20:00,Premier League,Matchweek 11,Mon,Home,L,1,4,Chelsea,0.9,4.1,40,61726.0,Son Heung-min,4-2-3-1,4-2-3-1,Michael Oliver,Match Report,8,5,23.5,1,0,0,Tottenham Hotspur,2024,November,11,Early season,False,False,0,0.1
2023-11-11,12:30,Premier League,Matchweek 12,Sat,Away,L,1,2,Wolverhampton Wanderers,0.7,2.1,58,31642.0,Son Heung-min,,,Tim Robinson,Match Report,6,2,17.5,0,0,0,Tottenham Hotspur,2024,November,12,Early season,False,False,0,0.3
2023-11-26,14:00,Premier League,Matchweek 13,Sun,Home,L,1,2,Aston Villa,2.3,1.7,62,61679.0,Son Heung-min,4-2-3-1,,Robert Jones,Match Report,18,7,14.0,0,0,0,Tottenham Hotspur,2024,November,13,Early season,False,False,0,-1.3
2023-12-03,16:30,Premier League,Matchweek 14,Sun,Away,D,3,3,Manchester City,0.5,2.6,45,53473.0,Son Heung-min,4-2-3-1,3-2-4-1,Simon Hooper,Match Report,8,4,20.7,0,0,0,Tottenham Hotspur,2024,December,14,Mid season,False,False,1,2.5
2023-12-07,20:15,Premier League,Matchweek 15,Thu,Home,L,1,2,West Ham United,1.8,2.2,74,61171.0,Son Heung-min,4-2-3-1,,Michael Salisbury,Match Report,23,6,17.1,1,0,0,Tottenham Hotspur,2024,December,15,Mid season,False,False,0,-0.8
2023-12-10,16:30,Premier League,Matchweek 16,Sun,Home,W,4,1,Newcastle United,3.8,1.7,56,61171.0,Son Heung-min,4-2-3-1,,Chris Kavanagh,Match Report,22,10,15.5,0,1,1,Tottenham Hotspur,2024,December,16,Mid season,False,False,3,0.2
2023-12-15,20:00,Premier League,Matchweek 17,Fri,Away,W,2,0,Nottingham Forest,1.5,1.3,66,29296.0,Son Heung-min,4-2-3-1,,Jarred Gillett,Match Report,12,6,12.5,0,0,0,Tottenham Hotspur,2024,December,17,Mid season,False,False,3,0.5
2023-12-23,15:00,Premier League,Matchweek 18,Sat,Home,W,2,1,Everton,1.5,1.8,61,61808.0,Son Heung-min,4-2-3-1,4-2-3-1,Stuart Attwell,Match Report,13,6,15.1,0,0,0,Tottenham Hotspur,2024,December,18,Mid season,False,False,3,0.5
2023-12-28,19:30,Premier League,Matchweek 19,Thu,Away,L,2,4,Brighton And Hove Albion,2.3,3.2,55,31675.0,Son Heung-min,4-2-3-1,4-1-2-1-2,Jarred Gillett,Match Report,19,3,15.2,1,0,0,Tottenham Hotspur,2024,December,19,Mid season,False,False,0,-0.3
2023-12-31,14:00,Premier League,Matchweek 20,Sun,Home,W,3,1,Bournemouth,2.3,1.7,50,61780.0,Son Heung-min,,4-2-3-1,Simon Hooper,Match Report,12,6,14.7,0,0,0,Tottenham Hotspur,2024,December,20,Mid season,False,False,3,0.7
2024-01-14,16:30,Premier League,Matchweek 21,Sun,Away,D,2,2,Manchester United,1.2,0.8,63,73489.0,Cristian Romero,,4-2-3-1,John Brooks,Match Report,16,5,14.4,0,0,0,Tottenham Hotspur,2024,January,21,Mid season,False,False,1,0.8
2024-01-31,19:30,Premier League,Matchweek 22,Wed,Home,W,3,2,Brentford,2.9,1.6,67,61210.0,Cristian Romero,4-2-3-1,,David Coote,Match Report,19,5,14.3,0,0,0,Tottenham Hotspur,2024,January,22,Mid season,False,False,3,0.1
2024-02-03,12:30,Premier League,Matchweek 23,Sat,Away,D,2,2,Everton,1.0,2.6,57,39321.0,Cristian Romero,4-2-3-1,4-4-1-1,Michael Oliver,Match Report,9,6,17.8,0,0,0,Tottenham Hotspur,2024,February,23,Mid season,False,False,1,1.0
2024-02-10,15:00,Premier League,Matchweek 24,Sat,Home,W,2,1,Brighton And Hove Albion,1.6,1.2,52,61445.0,Cristian Romero,4-2-3-1,4-2-3-1,Samuel Barrott,Match Report,16,6,17.1,1,0,0,Tottenham Hotspur,2024,February,24,Mid season,False,False,3,0.4
2024-02-17,15:00,Premier League,Matchweek 25,Sat,Home,L,1,2,Wolverhampton Wanderers,1.6,1.8,71,61532.0,Son Heung-min,4-2-3-1,,Anthony Taylor,Match Report,15,4,14.3,0,0,0,Tottenham Hotspur,2024,February,25,Mid season,False,False,0,-0.6
2024-03-02,15:00,Premier League,Matchweek 27,Sat,Home,W,3,1,Crystal Palace,1.9,0.3,78,61339.0,Son Heung-min,4-2-3-1,,John Brooks,Match Report,14,6,13.5,0,0,0,Tottenham Hotspur,2024,March,27,Late season,False,False,3,1.1
2024-03-10,13:00,Premier League,Matchweek 28,Sun,Away,W,4,0,Aston Villa,1.5,0.8,68,42310.0,Son Heung-min,4-2-3-1,,Chris Kavanagh,Match Report,9,5,14.9,0,0,0,Tottenham Hotspur,2024,March,28,Late season,False,False,3,2.5
2024-03-16,17:30,Premier League,Matchweek 29,Sat,Away,L,0,3,Fulham,2.4,2.6,57,24410.0,Son Heung-min,4-2-3-1,4-2-3-1,Robert Jones,Match Report,14,5,14.0,0,0,0,Tottenham Hotspur,2024,March,29,Late season,False,False,0,-2.4
2024-03-30,15:00,Premier League,Matchweek 30,Sat,Home,W,2,1,Luton Town,2.9,0.5,70,61534.0,Son Heung-min,4-2-3-1,,Jarred Gillett,Match Report,17,2,14.5,1,0,0,Tottenham Hotspur,2024,March,30,Late season,False,False,3,-0.9
2024-04-02,20:15,Premier League,Matchweek 31,Tue,Away,D,1,1,West Ham United,1.0,1.5,67,62469.0,Son Heung-min,4-2-3-1,,John Brooks,Match Report,13,4,17.4,0,0,0,Tottenham Hotspur,2024,April,31,Late season,False,False,1,0.0
2024-04-07,18:00,Premier League,Matchweek 32,Sun,Home,W,3,1,Nottingham Forest,1.5,1.5,63,61098.0,Son Heung-min,4-2-3-1,4-2-3-1,Simon Hooper,Match Report,17,7,20.2,1,0,0,Tottenham Hotspur,2024,April,32,Late season,False,False,3,1.5
2024-04-13,12:30,Premier League,Matchweek 33,Sat,Away,L,0,4,Newcastle United,0.8,2.8,72,52147.0,Son Heung-min,4-2-3-1,,Tim Robinson,Match Report,11,2,19.0,0,0,0,Tottenham Hotspur,2024,April,33,Late season,False,False,0,-0.8
2024-04-28,14:00,Premier League,Matchweek 35,Sun,Home,L,2,3,Arsenal,2.3,1.0,62,61554.0,Son Heung-min,4-2-3-1,,Michael Oliver,Match Report,14,1,16.8,0,1,1,Tottenham Hotspur,2024,April,35,Late season,False,False,0,-0.3
2024-05-02,19:30,Premier League,Matchweek 26,Thu,Away,L,0,2,Chelsea,1.6,2.2,63,39086.0,Son Heung-min,4-2-3-1,4-2-3-1,Robert Jones,Match Report,19,3,16.9,0,0,0,Tottenham Hotspur,2024,May,26,Late season,False,False,0,-1.6
2024-05-05,16:30,Premier League,Matchweek 36,Sun,Away,L,2,4,Liverpool,1.2,3.3,56,60075.0,Son Heung-min,,,Paul Tierney,Match Report,11,6,21.6,1,0,0,Tottenham Hotspur,2024,May,36,Late season,False,False,0,0.8
2024-05-11,15:00,Premier League,Matchweek 37,Sat,Home,W,2,1,Burnley,2.7,0.7,63,61148.0,Son Heung-min,,,Jarred Gillett,Match Report,21,9,16.0,0,0,0,Tottenham Hotspur,2024,May,37,Late season,False,False,3,-0.7
2024-05-14,20:00,Premier League,Matchweek 34,Tue,Home,L,0,2,Manchester City,1.7,2.4,53,61065.0,Son Heung-min,4-3-1-2,4-2-3-1,Chris Kavanagh,Match Report,10,5,15.0,0,0,0,Tottenham Hotspur,2024,May,34,Late season,False,False,0,-1.7
2024-05-19,16:00,Premier League,Matchweek 38,Sun,Away,W,3,0,Sheffield United,3.1,1.0,75,29116.0,Son Heung-min,4-2-3-1,,Andy Madley,Match Report,18,9,14.4,1,0,0,Tottenham Hotspur,2024,May,38,Late season,False,False,3,-0.1
2024-08-19,20:00,Premier League,Matchweek 1,Mon,Away,D,1,1,Leicester City,1.2,1.0,70,31977.0,Son Heung-min,,4-2-3-1,Chris Kavanagh,Match Report,15,6,13.7,0,0,0,Tottenham Hotspur,2025,August,1,Early season,False,False,1,-0.2
2024-08-24,15:00,Premier League,Matchweek 2,Sat,Home,W,4,0,Everton,2.4,1.0,70,61357.0,Son Heung-min,,4-2-3-1,Anthony Taylor,Match Report,13,7,14.1,1,0,0,Tottenham Hotspur,2025,August,2,Early season,False,False,3,1.6
2024-09-01,13:30,Premier League,Matchweek 3,Sun,Away,L,1,2,Newcastle United,1.2,1.8,65,52211.0,Son Heung-min,4-2-3-1,,Robert Jones,Match Report,20,6,19.9,1,0,0,Tottenham Hotspur,2025,September,3,Early season,False,False,0,-0.2
2024-09-15,14:00,Premier League,Matchweek 4,Sun,Home,L,0,1,Arsenal,0.7,0.7,63,61645.0,Son Heung-min,,,Jarred Gillett,Match Report,15,5,18.1,0,0,0,Tottenham Hotspur,2025,September,4,Early season,False,False,0,-0.7
2024-09-21,15:00,Premier League,Matchweek 5,Sat,Home,W,3,1,Brentford,3.5,0.8,48,61246.0,Son Heung-min,,,John Brooks,Match Report,23,9,14.4,0,0,0,Tottenham Hotspur,2025,September,5,Early season,False,False,3,-0.5
2024-09-29,16:30,Premier League,Matchweek 6,Sun,Away,W,3,0,Manchester United,4.4,1.0,61,73587.0,Cristian Romero,,4-2-3-1,Chris Kavanagh,Match Report,24,10,14.6,0,0,0,Tottenham Hotspur,2025,September,6,Early season,False,False,3,-1.4
2024-10-06,16:30,Premier League,Matchweek 7,Sun,Away,L,2,3,Brighton And Hove Albion,1.3,1.8,59,31487.0,Cristian Romero,,4-2-3-1,David Coote,Match Report,13,3,16.2,0,0,0,Tottenham Hotspur,2025,October,7,Early season,False,False,0,0.7
2024-10-19,12:30,Premier League,Matchweek 8,Sat,Home,W,4,1,West Ham United,1.9,0.8,57,61381.0,Son Heung-min,,4-1-4-1,Andy Madley,Match Report,22,7,15.8,0,0,0,Tottenham Hotspur,2025,October,8,Early season,False,False,3,2.1
2024-10-27,14:00,Premier League,Matchweek 9,Sun,Away,L,0,1,Crystal Palace,0.7,0.8,66,25108.0,Cristian Romero,,,Darren Bond,Match Report,11,3,12.9,0,0,0,Tottenham Hotspur,2025,October,9,Early season,False,False,0,-0.7
2024-11-03,14:00,Premier League,Matchweek 10,Sun,Home,W,4,1,Aston Villa,2.4,1.8,51,61253.0,Son Heung-min,,4-2-3-1,Craig Pawson,Match Report,16,6,20.4,1,0,0,Tottenham Hotspur,2025,November,10,Early season,False,False,3,1.6
2024-11-10,14:00,Premier League,Matchweek 11,Sun,Home,L,1,2,Ipswich Town,1.5,1.6,66,61505.0,Son Heung-min,,4-2-3-1,Darren England,Match Report,17,5,17.8,0,0,0,Tottenham Hotspur,2025,November,11,Early season,False,False,0,-0.5
2024-11-23,17:30,Premier League,Matchweek 12,Sat,Away,W,4,0,Manchester City,2.5,2.1,42,52478.0,Son Heung-min,,,John Brooks,Match Report,9,7,13.0,0,0,0,Tottenham Hotspur,2025,November,12,Early season,False,False,3,1.5
2024-12-01,13:30,Premier League,Matchweek 13,Sun,Home,D,1,1,Fulham,0.8,1.5,51,61141.0,Son Heung-min,,4-2-3-1,Darren Bond,Match Report,8,3,17.5,2,0,0,Tottenham Hotspur,2025,December,13,Early season,False,False,1,0.2
2024-12-05,20:15,Premier League,Matchweek 14,Thu,Away,L,0,1,Bournemouth,0.9,3.5,65,11234.0,James Maddison,,4-2-3-1,Simon Hooper,Match Report,12,4,17.0,0,0,0,Tottenham Hotspur,2025,December,14,Mid season,False,False,0,-0.9
2024-12-08,16:30,Premier League,Matchweek 15,Sun,Home,L,3,4,Chelsea,2.8,2.8,39,61184.0,Son Heung-min,,4-2-3-1,Anthony Taylor,Match Report,13,5,13.7,1,0,0,Tottenham Hotspur,2025,December,15,Mid season,False,False,0,0.2
2024-12-15,19:00,Premier League,Matchweek 16,Sun,Away,W,5,0,Southampton,2.3,0.8,58,31090.0,Son Heung-min,4-2-3-1,4-3-1-2,Darren England,Match Report,18,9,13.1,0,0,0,Tottenham Hotspur,2025,December,16,Mid season,False,False,3,2.7
2024-12-22,16:30,Premier League,Matchweek 17,Sun,Home,L,3,6,Liverpool,1.3,5.6,52,61439.0,Son Heung-min,4-2-3-1,4-2-3-1,Samuel Barrott,Match Report,9,5,17.1,0,0,0,Tottenham Hotspur,2025,December,17,Mid season,False,False,0,1.7
2024-12-26,15:00,Premier League,Matchweek 18,Thu,Away,L,0,1,Nottingham Forest,0.9,1.1,70,30200.0,Son Heung-min,4-2-3-1,4-2-3-1,Craig Pawson,Match Report,13,4,20.0,1,0,0,Tottenham Hotspur,2025,December,18,Mid season,False,False,0,-0.9
2024-12-29,15:00,Premier League,Matchweek 19,Sun,Home,D,2,2,Wolverhampton Wanderers,2.2,0.7,48,61284.0,Son Heung-min,4-2-3-1,,Chris Kavanagh,Match Report,12,2,15.9,0,0,1,Tottenham Hotspur,2025,December,19,Mid season,False,False,1,-0.2
2025-01-04,12:30,Premier League,Matchweek 20,Sat,Home,L,1,2,Newcastle United,0.9,2.5,56,61293.0,Dejan Kulusevski,4-2-3-1,,Andy Madley,Match Report,13,4,15.9,0,0,0,Tottenham Hotspur,2025,January,20,Mid season,False,False,0,0.1
2025-01-15,20:00,Premier League,Matchweek 21,Wed,Away,L,1,2,Arsenal,0.8,1.4,47,60287.0,Son Heung-min,,,Simon Hooper,Match Report,10,2,16.0,0,0,0,Tottenham Hotspur,2025,January,21,Mid season,False,False,0,0.2
2025-01-19,14:00,Premier League,Matchweek 22,Sun,Away,L,2,3,Everton,1.1,1.8,64,39326.0,Son Heung-min,,4-2-3-1,Darren England,Match Report,11,5,16.4,0,0,0,Tottenham Hotspur,2025,January,22,Mid season,False,False,0,0.9
2025-01-26,14:00,Premier League,Matchweek 23,Sun,Home,L,1,2,Leicester City,1.0,1.6,61,61295.0,Son Heung-min,,4-2-3-1,Robert Jones,Match Report,15,6,18.3,1,0,0,Tottenham Hotspur,2025,January,23,Mid season,False,False,0,0.0
2025-02-02,14:00,Premier League,Matchweek 24,Sun,Away,W,2,0,Brentford,0.8,2.1,46,17154.0,Son Heung-min,4-2-3-1,4-2-3-1,Jarred Gillett,Match Report,13,2,18.8,0,0,0,Tottenham Hotspur,2025,February,24,Mid season,False,False,3,1.2
2025-02-16,16:30,Premier League,Matchweek 25,Sun,Home,W,1,0,Manchester United,2.2,1.5,55,61383.0,Son Heung-min,,,Peter Bankes,Match Report,22,7,15.3,0,0,0,Tottenham Hotspur,2025,February,25,Mid season,False,False,3,-1.2
2025-02-22,15:00,Premier League,Matchweek 26,Sat,Away,W,4,1,Ipswich Town,1.7,1.1,58,30003.0,Son Heung-min,,4-2-3-1,Tim Robinson,Match Report,10,6,13.4,0,0,0,Tottenham Hotspur,2025,February,26,Late season,False,False,3,2.3
2025-02-26,19:30,Premier League,Matchweek 27,Wed,Home,L,0,1,Manchester City,1.3,2.1,55,60820.0,James Maddison,,4-2-3-1,Jarred Gillett,Match Report,11,6,10.9,0,0,0,Tottenham Hotspur,2025,February,27,Late season,False,False,0,-1.3
2025-03-09,14:00,Premier League,Matchweek 28,Sun,Home,D,2,2,Bournemouth,1.5,2.2,61,61178.0,Cristian Romero,,4-2-3-1,John Brooks,Match Report,11,3,18.2,0,1,1,Tottenham Hotspur,2025,March,28,Late season,False,False,1,0.5
2025-03-16,13:30,Premier League,Matchweek 29,Sun,Away,L,0,2,Fulham,0.9,1.0,43,27182.0,Cristian Romero,,4-2-3-1,Andy Madley,Match Report,12,4,14.5,0,0,0,Tottenham Hotspur,2025,March,29,Late season,False,False,0,-0.9
2025-04-03,20:00,Premier League,Matchweek 30,Thu,Away,L,0,1,Chelsea,0.9,1.0,49,39852.0,Son Heung-min,,4-2-3-1,Craig Pawson,Match Report,8,2,15.6,1,0,0,Tottenham Hotspur,2025,April,30,Late season,False,False,0,-0.9
2025-04-06,14:00,Premier League,Matchweek 31,Sun,Home,W,3,1,Southampton,2.1,1.0,51,60984.0,Son Heung-min,,4-2-3-1,Michael Salisbury,Match Report,12,7,14.0,0,1,1,Tottenham Hotspur,2025,April,31,Late season,False,False,3,0.9
2025-04-13,14:00,Premier League,Matchweek 32,Sun,Away,L,2,4,Wolverhampton Wanderers,2.0,2.4,63,31463.0,Cristian Romero,,,Anthony Taylor,Match Report,11,4,14.7,1,0,0,Tottenham Hotspur,2025,April,32,Late season,False,False,0,0.0
2025-04-21,20:00,Premier League,Matchweek 33,Mon,Home,L,1,2,Nottingham Forest,2.1,0.5,69,59314.0,Cristian Romero,,4-2-2-2,Peter Bankes,Match Report,22,5,15.6,0,0,0,Tottenham Hotspur,2025,April,33,Late season,False,False,0,-1.1
2025-04-27,16:30,Premier League,Matchweek 34,Sun,Away,L,1,5,Liverpool,0.5,2.2,39,60415.0,James Maddison,,4-2-3-1,Thomas Bramall,Match Report,8,3,20.4,0,0,0,Tottenham Hotspur,2025,April,34,Late season,False,False,0,0.5
2025-05-04,14:00,Premier League,Matchweek 35,Sun,Away,D,1,1,West Ham United,0.8,0.8,45,62468.0,Guglielmo Vicario,,,Michael Oliver,Match Report,7,2,18.8,1,0,0,Tottenham Hotspur,2025,May,35,Late season,False,False,1,0.2
2025-05-11,14:15,Premier League,Matchweek 36,Sun,Home,L,0,2,Crystal Palace,0.7,3.3,48,60254.0,Rodrigo Bentancur,,,Chris Kavanagh,Match Report,8,1,15.1,1,0,0,Tottenham Hotspur,2025,May,36,Late season,False,False,0,-0.7
2025-05-16,19:30,Premier League,Matchweek 37,Fri,Away,L,0,2,Aston Villa,0.5,1.4,33,42239.0,Son Heung-min,4-2-3-1,4-2-3-1,Peter Bankes,Match Report,3,1,17.0,1,0,0,Tottenham Hotspur,2025,May,37,Late season,False,False,0,-0.5
2025-05-25,16:00,Premier League,Matchweek 38,Sun,Home,L,1,4,Brighton And Hove Albion,2.0,2.2,34,61449.0,Guglielmo Vicario,,,Robert Jones,Match Report,3,1,17.1,0,1,1,Tottenham Hotspur,2025,May,38,Late season,False,False,0,-1.0
2021-08-14,15:00,Premier League,Matchweek 1,Sat,Home,W,3,2,Aston Villa,1.2,1.2,38,20051.0,Tom Cleverley,4-1-4-1,4-2-3-1,Mike Dean,Match Report,13,7,17.9,0,0,0,Watford,2022,August,1,Early season,False,False,3,1.8
2021-08-21,17:30,Premier League,Matchweek 2,Sat,Away,L,0,2,Brighton And Hove Albion,0.5,1.3,44,29485.0,Tom Cleverley,4-1-4-1,4-4-1-1,Anthony Taylor,Match Report,10,1,19.3,0,0,0,Watford,2022,August,2,Early season,False,False,0,-0.5
2021-08-29,14:00,Premier League,Matchweek 3,Sun,Away,L,0,1,Tottenham Hotspur,0.8,1.0,43,57672.0,Craig Cathcart,4-1-4-1,,Andre Marriner,Match Report,9,2,16.3,1,0,0,Watford,2022,August,3,Early season,False,False,0,-0.8
2021-09-11,15:00,Premier League,Matchweek 4,Sat,Home,L,0,2,Wolverhampton Wanderers,0.2,2.2,45,20019.0,William Troost-Ekong,4-1-4-1,,Peter Bankes,Match Report,6,2,23.1,0,0,0,Watford,2022,September,4,Early season,False,False,0,-0.2
2021-09-18,15:00,Premier League,Matchweek 5,Sat,Away,W,3,1,Norwich City,2.4,1.0,51,26649.0,Tom Cleverley,4-2-3-1,,Robert Jones,Match Report,12,8,13.5,0,0,0,Watford,2022,September,5,Early season,False,False,3,0.6
2021-09-25,15:00,Premier League,Matchweek 6,Sat,Home,D,1,1,Newcastle United,0.9,1.9,53,20650.0,Tom Cleverley,4-2-3-1,4-1-4-1,Jarred Gillett,Match Report,15,4,21.2,1,0,0,Watford,2022,September,6,Early season,False,False,1,0.1
2021-10-02,15:00,Premier League,Matchweek 7,Sat,Away,L,0,1,Leeds United,0.2,1.3,34,36261.0,Ben Foster,4-2-3-1,4-1-4-1,Simon Hooper,Match Report,5,1,19.4,0,0,0,Watford,2022,October,7,Early season,False,False,0,-0.2
2021-10-16,12:30,Premier League,Matchweek 8,Sat,Home,L,0,5,Liverpool,0.5,3.3,25,21085.0,Moussa Sissoko,,,Jonathan Moss,Match Report,6,2,18.2,0,0,0,Watford,2022,October,8,Early season,False,False,0,-0.5
2021-10-23,15:00,Premier League,Matchweek 9,Sat,Away,W,5,2,Everton,3.7,1.5,51,38834.0,Moussa Sissoko,4-1-4-1,4-4-1-1,Graham Scott,Match Report,20,8,19.2,0,0,0,Watford,2022,October,9,Early season,False,False,3,1.3
2021-10-30,15:00,Premier League,Matchweek 10,Sat,Home,L,0,1,Southampton,1.0,1.8,40,20869.0,Moussa Sissoko,4-4-1-1,,Peter Bankes,Match Report,10,3,20.2,1,0,0,Watford,2022,October,10,Early season,False,False,0,-1.0
2021-11-07,14:00,Premier League,Matchweek 11,Sun,Away,L,0,1,Arsenal,0.5,1.6,40,59833.0,Moussa Sissoko,4-1-4-1,4-4-1-1,Kevin Friend,Match Report,7,1,19.7,0,0,0,Watford,2022,November,11,Early season,False,False,0,-0.5
2021-11-20,15:00,Premier League,Matchweek 12,Sat,Home,W,4,1,Manchester United,2.7,1.4,39,21087.0,Moussa Sissoko,4-1-4-1,4-2-3-1,Jonathan Moss,Match Report,19,6,15.9,2,0,1,Watford,2022,November,12,Early season,False,False,3,1.3
2021-11-28,14:00,Premier League,Matchweek 13,Sun,Away,L,2,4,Leicester City,2.8,2.1,44,32020.0,Moussa Sissoko,4-1-4-1,4-2-3-1,Andy Madley,Match Report,16,4,16.4,1,1,1,Watford,2022,November,13,Early season,False,False,0,-0.8
2021-12-01,19:30,Premier League,Matchweek 14,Wed,Home,L,1,2,Chelsea,1.0,0.9,51,20388.0,Moussa Sissoko,4-1-4-1,,David Coote,Match Report,14,6,21.4,2,0,0,Watford,2022,December,14,Mid season,False,False,0,0.0
2021-12-04,17:30,Premier League,Matchweek 15,Sat,Home,L,1,3,Manchester City,0.8,3.1,23,20673.0,Moussa Sissoko,4-1-4-1,,Simon Hooper,Match Report,11,4,19.6,1,0,0,Watford,2022,December,15,Mid season,False,False,0,0.2
2021-12-10,20:00,Premier League,Matchweek 16,Fri,Away,L,1,2,Brentford,0.5,1.6,37,16861.0,Moussa Sissoko,4-2-3-1,,Michael Oliver,Match Report,6,2,14.9,1,0,0,Watford,2022,December,16,Mid season,False,False,0,0.5
2021-12-28,15:00,Premier League,Matchweek 20,Tue,Home,L,1,4,West Ham United,1.6,3.6,43,20073.0,Moussa Sissoko,4-1-4-1,4-2-3-1,Darren England,Match Report,14,5,15.2,0,0,0,Watford,2022,December,20,Mid season,False,False,0,-0.6
2022-01-01,15:00,Premier League,Matchweek 21,Sat,Home,L,0,1,Tottenham Hotspur,0.3,2.2,26,20391.0,Moussa Sissoko,,,Robert Jones,Match Report,6,4,19.0,1,0,0,Watford,2022,January,21,Mid season,False,False,0,-0.3
2022-01-15,15:00,Premier League,Matchweek 22,Sat,Away,D,1,1,Newcastle United,1.4,1.2,48,52223.0,Moussa Sissoko,,,Paul Tierney,Match Report,18,5,19.3,2,0,0,Watford,2022,January,22,Mid season,False,False,1,-0.4
2022-01-21,20:00,Premier League,Matchweek 23,Fri,Home,L,0,3,Norwich City,1.2,1.1,67,20782.0,Moussa Sissoko,,,Mike Dean,Match Report,15,3,19.1,0,0,0,Watford,2022,January,23,Mid season,False,False,0,-1.2
2022-02-05,18:00,Premier League,Matchweek 17,Sat,Away,D,0,0,Burnley,0.8,0.6,47,19527.0,Moussa Sissoko,,,Craig Pawson,Match Report,11,5,16.3,0,0,0,Watford,2022,February,17,Mid season,False,False,1,-0.8
2022-02-08,19:45,Premier League,Matchweek 24,Tue,Away,L,0,1,West Ham United,0.3,0.8,36,59581.0,Moussa Sissoko,,4-2-3-1,Martin Atkinson,Match Report,6,1,22.6,0,0,0,Watford,2022,February,24,Mid season,False,False,0,-0.3
2022-02-12,15:00,Premier League,Matchweek 25,Sat,Home,L,0,2,Brighton And Hove Albion,0.5,1.6,36,20795.0,Moussa Sissoko,,3-1-4-2,Jonathan Moss,Match Report,9,1,17.4,1,0,0,Watford,2022,February,25,Mid season,False,False,0,-0.5
2022-02-19,15:00,Premier League,Matchweek 26,Sat,Away,W,1,0,Aston Villa,1.2,1.3,41,41936.0,Moussa Sissoko,,,Robert Jones,Match Report,8,4,18.1,0,0,0,Watford,2022,February,26,Late season,False,False,3,-0.2
2022-02-23,19:30,Premier League,Matchweek 18,Wed,Home,L,1,4,Crystal Palace,1.4,1.1,46,20012.0,Moussa Sissoko,,,Andre Marriner,Match Report,8,1,13.3,0,0,0,Watford,2022,February,18,Mid season,False,False,0,-0.4
2022-02-26,15:00,Premier League,Matchweek 27,Sat,Away,D,0,0,Manchester United,0.6,2.8,33,73152.0,Moussa Sissoko,,4-2-3-1,Kevin Friend,Match Report,10,2,21.7,0,0,0,Watford,2022,February,27,Late season,False,False,1,-0.6
2022-03-06,14:00,Premier League,Matchweek 28,Sun,Home,L,2,3,Arsenal,1.0,1.0,44,21142.0,Moussa Sissoko,,4-2-3-1,Craig Pawson,Match Report,13,7,19.0,2,0,0,Watford,2022,March,28,Late season,False,False,0,1.0
2022-03-10,19:30,Premier League,Matchweek 19,Thu,Away,L,0,4,Wolverhampton Wanderers,0.6,0.7,34,29658.0,Moussa Sissoko,,,Darren England,Match Report,9,0,21.8,2,0,0,Watford,2022,March,19,Mid season,False,False,0,-0.6
2022-03-13,14:00,Premier League,Matchweek 29,Sun,Away,W,2,1,Southampton,1.7,1.4,37,28863.0,Moussa Sissoko,,,Graham Scott,Match Report,9,5,16.9,0,0,0,Watford,2022,March,29,Late season,False,False,3,0.3
2022-04-02,12:30,Premier League,Matchweek 31,Sat,Away,L,0,2,Liverpool,0.6,2.2,27,53104.0,Moussa Sissoko,4-1-4-1,,Stuart Attwell,Match Report,5,2,15.3,0,0,0,Watford,2022,April,31,Late season,False,False,0,-0.6
2022-04-09,15:00,Premier League,Matchweek 32,Sat,Home,L,0,3,Leeds United,1.1,0.7,49,20957.0,Moussa Sissoko,,4-2-3-1,Andre Marriner,Match Report,8,1,26.0,1,0,0,Watford,2022,April,32,Late season,False,False,0,-1.1
2022-04-16,15:00,Premier League,Matchweek 33,Sat,Home,L,1,2,Brentford,1.7,1.9,50,21045.0,Moussa Sissoko,,,Simon Hooper,Match Report,18,4,16.3,2,0,0,Watford,2022,April,33,Late season,False,False,0,-0.7
2022-04-23,15:00,Premier League,Matchweek 34,Sat,Away,L,1,5,Manchester City,0.5,3.6,27,53013.0,Moussa Sissoko,,4-2-3-1,Kevin Friend,Match Report,5,2,14.5,0,0,0,Watford,2022,April,34,Late season,False,False,0,0.5
2022-04-30,15:00,Premier League,Matchweek 35,Sat,Home,L,1,2,Burnley,1.0,1.6,47,20738.0,Moussa Sissoko,,,Craig Pawson,Match Report,13,1,15.5,1,0,0,Watford,2022,April,35,Late season,False,False,0,0.0
2022-05-07,15:00,Premier League,Matchweek 36,Sat,Away,L,0,1,Crystal Palace,0.4,2.2,33,24622.0,Moussa Sissoko,,,Graham Scott,Match Report,6,1,17.7,0,0,0,Watford,2022,May,36,Late season,False,False,0,-0.4
2022-05-11,19:45,Premier League,Matchweek 30,Wed,Home,D,0,0,Everton,0.3,0.7,48,20653.0,Moussa Sissoko,,,Mike Dean,Match Report,6,0,20.0,1,0,0,Watford,2022,May,30,Late season,False,False,1,-0.3
2022-05-15,14:00,Premier League,Matchweek 37,Sun,Home,L,1,5,Leicester City,1.4,2.5,41,20257.0,Moussa Sissoko,,4-1-4-1,Jarred Gillett,Match Report,13,5,12.4,0,0,0,Watford,2022,May,37,Late season,False,False,0,-0.4
2022-05-22,16:00,Premier League,Matchweek 38,Sun,Away,L,1,2,Chelsea,0.6,2.2,29,32089.0,Moussa Sissoko,,,Mike Dean,Match Report,8,3,21.9,1,0,0,Watford,2022,May,38,Late season,False,False,0,0.4
2020-09-13,14:00,Premier League,Matchweek 1,Sun,Home,L,0,3,Leicester City,0.4,2.8,36,,Jake Livermore,,4-1-4-1,Anthony Taylor,Match Report,7,1,18.4,1,0,0,West Bromwich Albion,2021,September,1,Early season,False,,0,-0.4
2020-09-19,12:30,Premier League,Matchweek 2,Sat,Away,L,2,5,Everton,0.3,3.9,29,,Jake Livermore,,,Mike Dean,Match Report,6,4,22.2,1,0,0,West Bromwich Albion,2021,September,2,Early season,False,,0,1.7
2020-09-26,17:30,Premier League,Matchweek 3,Sat,Home,D,3,3,Chelsea,0.6,2.0,25,,Jake Livermore,,4-2-3-1,Jonathan Moss,Match Report,9,3,20.7,0,0,0,West Bromwich Albion,2021,September,3,Early season,False,,1,2.4
2020-10-04,12:00,Premier League,Matchweek 4,Sun,Away,L,0,2,Southampton,0.2,1.2,38,,Jake Livermore,4-2-3-1,,Chris Kavanagh,Match Report,5,2,20.6,0,0,0,West Bromwich Albion,2021,October,4,Early season,False,,0,-0.2
2020-10-19,17:30,Premier League,Matchweek 5,Mon,Home,D,0,0,Burnley,0.8,1.1,57,,Jake Livermore,4-1-4-1,,Anthony Taylor,Match Report,13,6,17.3,0,0,0,West Bromwich Albion,2021,October,5,Early season,False,,1,-0.8
2020-10-26,17:30,Premier League,Matchweek 6,Mon,Away,D,1,1,Brighton And Hove Albion,0.4,0.5,50,,Jake Livermore,4-1-4-1,,Jonathan Moss,Match Report,9,3,21.9,0,0,0,West Bromwich Albion,2021,October,6,Early season,False,,1,0.6
2020-11-02,17:30,Premier League,Matchweek 7,Mon,Away,L,0,2,Fulham,0.5,1.5,53,,Jake Livermore,4-1-4-1,4-2-3-1,Simon Hooper,Match Report,10,1,21.4,1,0,0,West Bromwich Albion,2021,November,7,Early season,False,,0,-0.5
2020-11-08,12:00,Premier League,Matchweek 8,Sun,Home,L,0,1,Tottenham Hotspur,0.8,1.9,42,,Jake Livermore,,4-2-3-1,Andy Madley,Match Report,12,2,18.1,0,0,0,West Bromwich Albion,2021,November,8,Early season,False,,0,-0.8
2020-11-21,20:00,Premier League,Matchweek 9,Sat,Away,L,0,1,Manchester United,0.6,2.4,37,,Kyle Bartley,,4-2-3-1,David Coote,Match Report,7,2,15.2,0,0,0,West Bromwich Albion,2021,November,9,Early season,False,,0,-0.6
2020-11-28,20:00,Premier League,Matchweek 10,Sat,Home,W,1,0,Sheffield United,1.2,2.9,49,,Kyle Bartley,3-4-1-2,,Mike Dean,Match Report,17,6,17.1,1,0,0,West Bromwich Albion,2021,November,10,Early season,False,,3,-0.2
2020-12-06,12:00,Premier League,Matchweek 11,Sun,Home,L,1,5,Crystal Palace,0.7,1.6,50,,Kyle Bartley,3-4-1-2,,Paul Tierney,Match Report,9,4,16.4,0,0,0,West Bromwich Albion,2021,December,11,Early season,False,,0,0.3
2020-12-12,15:00,Premier League,Matchweek 12,Sat,Away,L,1,2,Newcastle United,0.6,0.8,54,,Branislav Ivanović,,,Darren England,Match Report,13,3,23.1,1,0,0,West Bromwich Albion,2021,December,12,Early season,False,,0,0.4
2020-12-15,20:00,Premier League,Matchweek 13,Tue,Away,D,1,1,Manchester City,0.4,2.2,23,,Jake Livermore,4-1-4-1,4-2-3-1,Peter Bankes,Match Report,5,1,19.7,0,0,0,West Bromwich Albion,2021,December,13,Early season,False,,1,0.6
2020-12-20,19:15,Premier League,Matchweek 14,Sun,Home,L,0,3,Aston Villa,0.0,2.4,33,,Jake Livermore,4-1-4-1,4-2-3-1,Martin Atkinson,Match Report,1,1,34.1,1,0,0,West Bromwich Albion,2021,December,14,Mid season,False,,0,0.0
2020-12-27,16:30,Premier League,Matchweek 15,Sun,Away,D,1,1,Liverpool,0.6,1.5,23,2000.0,Matt Phillips,,,Kevin Friend,Match Report,5,3,17.5,0,0,0,West Bromwich Albion,2021,December,15,Mid season,False,True,1,0.4
2020-12-29,18:00,Premier League,Matchweek 16,Tue,Home,L,0,5,Leeds United,0.5,1.2,25,,Matt Phillips,4-1-4-1,4-1-4-1,Lee Mason,Match Report,4,1,20.3,0,0,0,West Bromwich Albion,2021,December,16,Mid season,False,,0,-0.5
2021-01-02,20:00,Premier League,Matchweek 17,Sat,Home,L,0,4,Arsenal,1.0,3.7,39,,Matt Phillips,4-4-1-1,4-2-3-1,Martin Atkinson,Match Report,7,3,19.4,0,0,0,West Bromwich Albion,2021,January,17,Mid season,False,,0,-1.0
2021-01-16,12:30,Premier League,Matchweek 19,Sat,Away,W,3,2,Wolverhampton Wanderers,2.4,1.5,33,,Jake Livermore,4-2-3-1,,Michael Oliver,Match Report,10,3,20.1,0,2,2,West Bromwich Albion,2021,January,19,Mid season,False,,3,0.6
2021-01-19,18:00,Premier League,Matchweek 18,Tue,Away,L,1,2,West Ham United,0.5,2.0,41,,Jake Livermore,4-4-1-1,4-2-3-1,Graham Scott,Match Report,6,2,20.5,0,0,0,West Bromwich Albion,2021,January,18,Mid season,False,,0,0.5
2021-01-26,20:15,Premier League,Matchweek 20,Tue,Home,L,0,5,Manchester City,0.5,1.8,23,,Jake Livermore,4-4-1-1,,Chris Kavanagh,Match Report,4,1,10.4,0,0,0,West Bromwich Albion,2021,January,20,Mid season,False,,0,-0.5
2021-01-30,15:00,Premier League,Matchweek 21,Sat,Home,D,2,2,Fulham,1.0,1.3,38,,Jake Livermore,,,Anthony Taylor,Match Report,5,3,15.3,0,0,0,West Bromwich Albion,2021,January,21,Mid season,False,,1,1.0
2021-02-02,18:00,Premier League,Matchweek 22,Tue,Away,L,1,2,Sheffield United,1.6,1.3,32,,Jake Livermore,4-4-1-1,,Paul Tierney,Match Report,8,4,13.6,0,0,0,West Bromwich Albion,2021,February,22,Mid season,False,,0,-0.6
2021-02-07,12:00,Premier League,Matchweek 23,Sun,Away,L,0,2,Tottenham Hotspur,0.6,1.5,35,,Kyle Bartley,4-1-4-1,4-2-3-1,Stuart Attwell,Match Report,4,1,10.7,0,0,0,West Bromwich Albion,2021,February,23,Mid season,False,,0,-0.6
2021-02-14,14:00,Premier League,Matchweek 24,Sun,Home,D,1,1,Manchester United,1.0,0.5,27,,Kyle Bartley,4-1-4-1,4-2-3-1,Craig Pawson,Match Report,7,3,14.0,0,0,0,West Bromwich Albion,2021,February,24,Mid season,False,,1,0.0
2021-02-20,15:00,Premier League,Matchweek 25,Sat,Away,D,0,0,Burnley,1.6,0.5,38,,Kyle Bartley,4-1-4-1,,Mike Dean,Match Report,10,2,22.9,2,0,0,West Bromwich Albion,2021,February,25,Mid season,False,,1,-1.6
2021-02-27,15:00,Premier League,Matchweek 26,Sat,Home,W,1,0,Brighton And Hove Albion,0.8,2.9,32,,Kyle Bartley,4-1-4-1,4-2-3-1,Lee Mason,Match Report,6,2,18.3,0,0,0,West Bromwich Albion,2021,February,26,Late season,False,,3,0.2
2021-03-04,18:00,Premier League,Matchweek 29,Thu,Home,L,0,1,Everton,1.0,1.0,49,,Kyle Bartley,4-1-4-1,,Darren England,Match Report,11,3,16.9,0,0,0,West Bromwich Albion,2021,March,29,Late season,False,,0,-1.0
2021-03-07,12:00,Premier League,Matchweek 27,Sun,Home,D,0,0,Newcastle United,2.0,0.5,53,,Kyle Bartley,4-1-4-1,4-3-1-2,Martin Atkinson,Match Report,13,3,17.9,0,0,0,West Bromwich Albion,2021,March,27,Late season,False,,1,-2.0
2021-03-13,15:00,Premier League,Matchweek 28,Sat,Away,L,0,1,Crystal Palace,0.8,1.2,55,,Kyle Bartley,4-1-4-1,,Simon Hooper,Match Report,12,1,18.0,1,0,0,West Bromwich Albion,2021,March,28,Late season,False,,0,-0.8
2021-04-03,12:30,Premier League,Matchweek 30,Sat,Away,W,5,2,Chelsea,1.6,2.1,35,,Kyle Bartley,,,David Coote,Match Report,14,7,19.4,2,0,0,West Bromwich Albion,2021,April,30,Late season,False,,3,3.4
2021-04-12,18:00,Premier League,Matchweek 31,Mon,Home,W,3,0,Southampton,3.0,1.5,40,,Kyle Bartley,4-4-1-1,,Simon Hooper,Match Report,14,5,14.9,1,1,1,West Bromwich Albion,2021,April,31,Late season,False,,3,0.0
2021-04-22,20:00,Premier League,Matchweek 32,Thu,Away,L,0,3,Leicester City,0.5,2.1,28,,Kyle Bartley,4-4-1-1,3-4-1-2,Andy Madley,Match Report,4,1,15.2,0,0,0,West Bromwich Albion,2021,April,32,Late season,False,,0,-0.5
2021-04-25,19:00,Premier League,Matchweek 33,Sun,Away,D,2,2,Aston Villa,1.5,3.2,30,,Kyle Bartley,4-1-4-1,4-2-3-1,Stuart Attwell,Match Report,9,3,22.4,2,1,1,West Bromwich Albion,2021,April,33,Late season,False,,1,0.5
2021-05-03,18:00,Premier League,Matchweek 34,Mon,Home,D,1,1,Wolverhampton Wanderers,1.1,1.0,43,,Kyle Bartley,3-5-1-1,4-2-3-1,Paul Tierney,Match Report,10,3,15.7,0,0,0,West Bromwich Albion,2021,May,34,Late season,False,,1,-0.1
2021-05-09,19:00,Premier League,Matchweek 35,Sun,Away,L,1,3,Arsenal,1.8,0.9,35,,Kyle Bartley,4-4-1-1,4-2-3-1,Peter Bankes,Match Report,12,1,19.3,0,0,0,West Bromwich Albion,2021,May,35,Late season,False,,0,-0.8
2021-05-16,16:30,Premier League,Matchweek 36,Sun,Home,L,1,2,Liverpool,1.0,1.9,24,,Kyle Bartley,4-4-1-1,,Mike Dean,Match Report,9,3,15.6,1,0,0,West Bromwich Albion,2021,May,36,Late season,False,,0,0.0
2021-05-19,20:15,Premier League,Matchweek 37,Wed,Home,L,1,3,West Ham United,1.1,3.4,52,5371.0,Kyle Bartley,4-4-1-1,4-2-3-1,Michael Oliver,Match Report,14,4,19.5,1,0,0,West Bromwich Albion,2021,May,37,Late season,False,False,0,-0.1
2021-05-23,16:00,Premier League,Matchweek 38,Sun,Away,L,1,3,Leeds United,1.0,2.3,36,8000.0,Kyle Bartley,,,David Coote,Match Report,14,5,18.9,0,0,0,West Bromwich Albion,2021,May,38,Late season,False,False,0,0.0
2020-09-12,20:00,Premier League,Matchweek 1,Sat,Home,L,0,2,Newcastle United,1.0,1.6,58,,Mark Noble,4-2-3-1,,Stuart Attwell,Match Report,15,3,16.5,0,0,0,West Ham United,2021,September,1,Early season,False,,0,-1.0
2020-09-19,20:00,Premier League,Matchweek 2,Sat,Away,L,1,2,Arsenal,2.0,1.1,38,,Declan Rice,,,Michael Oliver,Match Report,14,2,18.1,1,0,0,West Ham United,2021,September,2,Early season,False,,0,-1.0
2020-09-27,19:00,Premier League,Matchweek 3,Sun,Home,W,4,0,Wolverhampton Wanderers,2.4,0.5,37,,Declan Rice,,,Martin Atkinson,Match Report,15,7,12.6,0,0,0,West Ham United,2021,September,3,Early season,False,,3,1.6
2020-10-04,12:00,Premier League,Matchweek 4,Sun,Away,W,3,0,Leicester City,2.0,0.6,31,,Declan Rice,,,Andy Madley,Match Report,14,6,13.2,0,0,0,West Ham United,2021,October,4,Early season,False,,3,1.0
2020-10-18,16:30,Premier League,Matchweek 5,Sun,Away,D,3,3,Tottenham Hotspur,1.9,1.7,50,,Declan Rice,,4-2-3-1,Paul Tierney,Match Report,13,4,15.2,1,0,0,West Ham United,2021,October,5,Early season,False,,1,1.1
2020-10-24,12:30,Premier League,Matchweek 6,Sat,Home,D,1,1,Manchester City,0.3,1.0,31,,Declan Rice,,,Anthony Taylor,Match Report,6,2,22.3,0,0,0,West Ham United,2021,October,6,Early season,False,,1,0.7
2020-10-31,17:30,Premier League,Matchweek 7,Sat,Away,L,1,2,Liverpool,0.3,1.7,28,,Declan Rice,,,Kevin Friend,Match Report,4,3,14.2,0,0,0,West Ham United,2021,October,7,Early season,False,,0,0.7
2020-11-07,20:00,Premier League,Matchweek 8,Sat,Home,W,1,0,Fulham,1.3,1.7,53,,Declan Rice,,4-2-3-1,Robert Jones,Match Report,16,7,15.8,1,0,0,West Ham United,2021,November,8,Early season,False,,3,-0.3
2020-11-22,14:00,Premier League,Matchweek 9,Sun,Away,W,1,0,Sheffield United,2.1,0.9,49,,Declan Rice,,,Martin Atkinson,Match Report,15,3,12.3,0,0,0,West Ham United,2021,November,9,Early season,False,,3,-1.1
2020-11-30,20:00,Premier League,Matchweek 10,Mon,Home,W,2,1,Aston Villa,0.4,2.5,34,,Declan Rice,,,Peter Bankes,Match Report,6,2,15.8,0,0,0,West Ham United,2021,November,10,Early season,False,,3,1.6
2020-12-05,17:30,Premier League,Matchweek 11,Sat,Home,L,1,3,Manchester United,2.0,1.7,40,2000.0,Declan Rice,,4-2-3-1,Andre Marriner,Match Report,19,6,15.7,1,0,0,West Ham United,2021,December,11,Early season,False,True,0,-1.0
2020-12-11,20:00,Premier League,Matchweek 12,Fri,Away,W,2,1,Leeds United,1.3,1.6,37,,Declan Rice,4-2-3-1,4-1-4-1,Michael Oliver,Match Report,19,8,16.8,1,0,0,West Ham United,2021,December,12,Early season,False,,3,0.7
2020-12-16,20:00,Premier League,Matchweek 13,Wed,Home,D,1,1,Crystal Palace,0.4,1.1,52,,Declan Rice,4-2-3-1,,David Coote,Match Report,9,2,20.1,1,0,0,West Ham United,2021,December,13,Early season,False,,1,0.6
2020-12-21,20:00,Premier League,Matchweek 14,Mon,Away,L,0,3,Chelsea,0.4,2.0,47,,Mark Noble,4-2-3-1,,Chris Kavanagh,Match Report,6,0,12.8,0,0,0,West Ham United,2021,December,14,Mid season,False,,0,-0.4
2020-12-27,14:15,Premier League,Matchweek 15,Sun,Home,D,2,2,Brighton And Hove Albion,1.3,1.1,44,,Mark Noble,3-4-1-2,,Simon Hooper,Match Report,11,4,13.4,0,0,0,West Ham United,2021,December,15,Mid season,False,,1,0.7
2020-12-29,18:00,Premier League,Matchweek 16,Tue,Away,D,0,0,Southampton,1.2,0.6,38,,Declan Rice,4-1-4-1,,Andy Madley,Match Report,8,3,13.9,0,0,0,West Ham United,2021,December,16,Mid season,False,,1,-1.2
2021-01-01,17:30,Premier League,Matchweek 17,Fri,Away,W,1,0,Everton,1.3,0.4,40,,Declan Rice,4-2-3-1,4-2-3-1,Kevin Friend,Match Report,11,5,16.9,1,0,0,West Ham United,2021,January,17,Mid season,False,,3,-0.3
2021-01-16,15:00,Premier League,Matchweek 19,Sat,Home,W,1,0,Burnley,1.7,0.5,45,,Declan Rice,4-2-3-1,,Chris Kavanagh,Match Report,15,3,12.9,1,0,0,West Ham United,2021,January,19,Mid season,False,,3,-0.7
2021-01-19,18:00,Premier League,Matchweek 18,Tue,Home,W,2,1,West Bromwich Albion,2.0,0.5,59,,Declan Rice,4-2-3-1,4-4-1-1,Graham Scott,Match Report,14,6,18.3,1,0,0,West Ham United,2021,January,18,Mid season,False,,3,0.0
2021-01-26,18:00,Premier League,Matchweek 20,Tue,Away,W,3,2,Crystal Palace,2.8,0.7,46,,Declan Rice,4-2-3-1,,Stuart Attwell,Match Report,17,7,15.5,0,0,0,West Ham United,2021,January,20,Mid season,False,,3,0.2
2021-01-31,16:30,Premier League,Matchweek 21,Sun,Home,L,1,3,Liverpool,0.8,2.0,33,,Declan Rice,4-2-3-1,4-3-1-2,Jonathan Moss,Match Report,8,2,14.7,0,0,0,West Ham United,2021,January,21,Mid season,False,,0,0.2
2021-02-03,20:15,Premier League,Matchweek 22,Wed,Away,W,3,1,Aston Villa,1.7,0.7,44,,Declan Rice,4-2-3-1,4-2-3-1,Andy Madley,Match Report,20,9,18.9,1,0,0,West Ham United,2021,February,22,Mid season,False,,3,1.3
2021-02-06,17:30,Premier League,Matchweek 23,Sat,Away,D,0,0,Fulham,1.0,1.5,40,,Declan Rice,4-2-3-1,4-2-3-1,Mike Dean,Match Report,8,1,13.3,1,0,0,West Ham United,2021,February,23,Mid season,False,,1,-1.0
2021-02-15,18:00,Premier League,Matchweek 24,Mon,Home,W,3,0,Sheffield United,1.9,0.7,46,,Declan Rice,,,Simon Hooper,Match Report,12,8,19.0,2,1,1,West Ham United,2021,February,24,Mid season,False,,3,1.1
2021-02-21,12:00,Premier League,Matchweek 25,Sun,Home,W,2,1,Tottenham Hotspur,1.1,1.1,32,,Declan Rice,4-2-3-1,4-2-3-1,Craig Pawson,Match Report,4,4,7.6,0,0,0,West Ham United,2021,February,25,Mid season,False,,3,0.9
2021-02-27,12:30,Premier League,Matchweek 26,Sat,Away,L,1,2,Manchester City,1.5,0.5,37,,Declan Rice,,,Michael Oliver,Match Report,9,3,13.0,0,0,0,West Ham United,2021,February,26,Late season,False,,0,-0.5
2021-03-08,20:00,Premier League,Matchweek 27,Mon,Home,W,2,0,Leeds United,1.8,1.4,35,,Declan Rice,4-2-3-1,4-1-4-1,Mike Dean,Match Report,15,4,21.2,1,0,1,West Ham United,2021,March,27,Late season,False,,3,0.2
2021-03-14,19:15,Premier League,Matchweek 28,Sun,Away,L,0,1,Manchester United,0.6,1.5,39,,Mark Noble,3-1-4-2,4-2-3-1,Martin Atkinson,Match Report,7,0,14.0,0,0,0,West Ham United,2021,March,28,Late season,False,,0,-0.6
2021-03-21,15:00,Premier League,Matchweek 29,Sun,Home,D,3,3,Arsenal,2.4,1.4,38,,Declan Rice,4-2-3-1,4-2-3-1,Jonathan Moss,Match Report,15,5,12.9,0,0,0,West Ham United,2021,March,29,Late season,False,,1,0.6
2021-04-05,20:15,Premier League,Matchweek 30,Mon,Away,W,3,2,Wolverhampton Wanderers,1.2,2.1,35,,Mark Noble,4-2-3-1,4-2-3-1,Michael Oliver,Match Report,9,6,12.6,0,0,0,West Ham United,2021,April,30,Late season,False,,3,1.8
2021-04-11,14:05,Premier League,Matchweek 31,Sun,Home,W,3,2,Leicester City,0.8,0.9,37,,Mark Noble,3-4-1-2,,Mike Dean,Match Report,4,4,15.4,0,0,0,West Ham United,2021,April,31,Late season,False,,3,2.2
2021-04-17,12:30,Premier League,Matchweek 32,Sat,Away,L,2,3,Newcastle United,1.9,2.2,66,,Mark Noble,3-4-1-2,,Kevin Friend,Match Report,15,5,19.3,0,1,1,West Ham United,2021,April,32,Late season,False,,0,0.1
2021-04-24,17:30,Premier League,Matchweek 33,Sat,Home,L,0,1,Chelsea,0.4,2.5,45,,Mark Noble,3-4-1-2,,Chris Kavanagh,Match Report,9,2,23.2,1,0,0,West Ham United,2021,April,33,Late season,False,,0,-0.4
2021-05-03,20:15,Premier League,Matchweek 34,Mon,Away,W,2,1,Burnley,2.3,2.0,55,,Aaron Cresswell,4-2-3-1,,Anthony Taylor,Match Report,22,4,16.9,1,0,0,West Ham United,2021,May,34,Late season,False,,3,-0.3
2021-05-09,16:30,Premier League,Matchweek 35,Sun,Home,L,0,1,Everton,1.3,1.5,68,,Aaron Cresswell,4-2-3-1,,Stuart Attwell,Match Report,11,0,15.8,0,0,0,West Ham United,2021,May,35,Late season,False,,0,-1.3
2021-05-15,20:00,Premier League,Matchweek 36,Sat,Away,D,1,1,Brighton And Hove Albion,1.7,0.8,49,,Declan Rice,4-2-3-1,,Andre Marriner,Match Report,15,2,18.6,0,0,0,West Ham United,2021,May,36,Late season,False,,1,-0.7
2021-05-19,20:15,Premier League,Matchweek 37,Wed,Away,W,3,1,West Bromwich Albion,3.4,1.1,48,5371.0,Declan Rice,4-2-3-1,4-4-1-1,Michael Oliver,Match Report,20,9,16.2,1,0,1,West Ham United,2021,May,37,Late season,False,False,3,-0.4
2021-05-23,16:00,Premier League,Matchweek 38,Sun,Home,W,3,0,Southampton,1.3,1.5,38,10000.0,Declan Rice,4-2-3-1,,Martin Atkinson,Match Report,14,7,15.9,0,0,0,West Ham United,2021,May,38,Late season,False,False,3,1.7
2021-08-15,14:00,Premier League,Matchweek 1,Sun,Away,W,4,2,Newcastle United,2.7,1.8,54,50673.0,Declan Rice,4-2-3-1,,Martin Atkinson,Match Report,17,7,17.1,1,0,1,West Ham United,2022,August,1,Early season,False,False,3,1.3
2021-08-23,20:00,Premier League,Matchweek 2,Mon,Home,W,4,1,Leicester City,2.3,0.6,52,59901.0,Declan Rice,4-2-3-1,4-2-3-1,Michael Oliver,Match Report,19,7,13.9,0,0,0,West Ham United,2022,August,2,Early season,False,False,3,1.7
2021-08-28,15:00,Premier League,Matchweek 3,Sat,Home,D,2,2,Crystal Palace,1.3,1.1,47,59751.0,Declan Rice,4-2-3-1,,Stuart Attwell,Match Report,14,4,15.2,0,0,0,West Ham United,2022,August,3,Early season,False,False,1,0.7
2021-09-11,15:00,Premier League,Matchweek 4,Sat,Away,D,0,0,Southampton,0.7,0.7,58,30000.0,Declan Rice,4-2-3-1,4-1-4-1,David Coote,Match Report,13,3,20.0,1,0,0,West Ham United,2022,September,4,Early season,False,False,1,-0.7
2021-09-19,14:00,Premier League,Matchweek 5,Sun,Home,L,1,2,Manchester United,1.6,2.0,40,60000.0,Declan Rice,,4-2-3-1,Martin Atkinson,Match Report,12,3,22.0,0,0,1,West Ham United,2022,September,5,Early season,False,False,0,-0.6
2021-09-25,15:00,Premier League,Matchweek 6,Sat,Away,W,2,1,Leeds United,1.6,1.2,47,36417.0,Declan Rice,4-2-3-1,4-1-4-1,Kevin Friend,Match Report,20,6,18.2,2,0,0,West Ham United,2022,September,6,Early season,False,False,3,0.4
2021-10-03,14:00,Premier League,Matchweek 7,Sun,Home,L,1,2,Brentford,1.5,1.2,59,49940.0,Declan Rice,4-2-3-1,,Peter Bankes,Match Report,18,5,16.7,1,0,0,West Ham United,2022,October,7,Early season,False,False,0,-0.5
2021-10-17,14:00,Premier League,Matchweek 8,Sun,Away,W,1,0,Everton,1.2,0.9,61,39132.0,Declan Rice,4-2-3-1,4-4-1-1,Stuart Attwell,Match Report,16,4,16.5,0,0,0,West Ham United,2022,October,8,Early season,False,False,3,-0.2
2021-10-24,14:00,Premier League,Matchweek 9,Sun,Home,W,1,0,Tottenham Hotspur,1.3,0.7,38,59924.0,Declan Rice,4-2-3-1,4-2-3-1,Paul Tierney,Match Report,13,4,14.8,0,0,0,West Ham United,2022,October,9,Early season,False,False,3,-0.3
2021-10-31,16:30,Premier League,Matchweek 10,Sun,Away,W,4,1,Aston Villa,2.3,0.7,57,41874.0,Declan Rice,4-2-3-1,,Chris Kavanagh,Match Report,21,8,16.5,3,0,0,West Ham United,2022,October,10,Early season,False,False,3,1.7
2021-11-07,16:30,Premier League,Matchweek 11,Sun,Home,W,3,2,Liverpool,1.0,1.2,31,59909.0,Declan Rice,4-2-3-1,,Craig Pawson,Match Report,7,3,14.5,0,0,0,West Ham United,2022,November,11,Early season,False,False,3,2.0
2021-11-20,15:00,Premier League,Matchweek 12,Sat,Away,L,0,1,Wolverhampton Wanderers,0.4,1.4,48,30667.0,Declan Rice,4-2-3-1,,Mike Dean,Match Report,8,3,20.2,0,0,0,West Ham United,2022,November,12,Early season,False,False,0,-0.4
2021-11-28,14:00,Premier League,Matchweek 13,Sun,Away,L,1,2,Manchester City,0.2,2.1,32,53245.0,Declan Rice,4-2-3-1,,Michael Oliver,Match Report,5,3,21.4,1,0,0,West Ham United,2022,November,13,Early season,False,False,0,0.8
2021-12-01,19:30,Premier League,Matchweek 14,Wed,Home,D,1,1,Brighton And Hove Albion,1.3,1.3,35,59626.0,Declan Rice,4-2-3-1,4-2-3-1,Chris Kavanagh,Match Report,14,5,22.6,0,0,0,West Ham United,2022,December,14,Mid season,False,False,1,-0.3
2021-12-04,12:30,Premier League,Matchweek 15,Sat,Home,W,3,2,Chelsea,1.8,1.1,37,59942.0,Declan Rice,,,Andre Marriner,Match Report,10,3,20.1,0,1,1,West Ham United,2022,December,15,Mid season,False,False,3,1.2
2021-12-12,14:00,Premier League,Matchweek 16,Sun,Away,D,0,0,Burnley,0.8,0.8,60,18065.0,Declan Rice,4-2-3-1,,Graham Scott,Match Report,16,3,18.6,0,0,0,West Ham United,2022,December,16,Mid season,False,False,1,-0.8
2021-12-15,20:00,Premier League,Matchweek 17,Wed,Away,L,0,2,Arsenal,0.4,2.8,45,59777.0,Declan Rice,4-2-3-1,4-4-1-1,Anthony Taylor,Match Report,7,1,22.3,1,0,0,West Ham United,2022,December,17,Mid season,False,False,0,-0.4
2021-12-26,15:00,Premier League,Matchweek 19,Sun,Home,L,2,3,Southampton,1.6,1.2,56,41027.0,Declan Rice,4-2-3-1,4-1-4-1,Kevin Friend,Match Report,11,4,17.2,0,0,0,West Ham United,2022,December,19,Mid season,False,False,0,0.4
2021-12-28,15:00,Premier League,Matchweek 20,Tue,Away,W,4,1,Watford,3.6,1.6,57,20073.0,Mark Noble,4-2-3-1,4-1-4-1,Darren England,Match Report,12,5,16.0,0,1,1,West Ham United,2022,December,20,Mid season,False,False,3,0.4
2022-01-01,17:30,Premier League,Matchweek 21,Sat,Away,W,3,2,Crystal Palace,2.2,2.4,38,24351.0,Declan Rice,4-2-3-1,,Darren England,Match Report,9,4,14.5,0,1,1,West Ham United,2022,January,21,Mid season,False,False,3,0.8
2022-01-12,19:45,Premier League,Matchweek 18,Wed,Home,W,2,0,Norwich City,2.5,0.3,62,59775.0,Declan Rice,4-2-3-1,4-2-3-1,Simon Hooper,Match Report,13,5,15.1,0,0,0,West Ham United,2022,January,18,Mid season,False,False,3,-0.5
2022-01-16,14:00,Premier League,Matchweek 22,Sun,Home,L,2,3,Leeds United,2.4,2.2,48,59951.0,Declan Rice,4-2-3-1,4-1-4-1,Mike Dean,Match Report,15,5,12.6,0,0,0,West Ham United,2022,January,22,Mid season,False,False,0,-0.4
2022-01-22,15:00,Premier League,Matchweek 23,Sat,Away,L,0,1,Manchester United,0.3,1.9,43,73130.0,Declan Rice,4-2-3-1,4-2-3-1,Jonathan Moss,Match Report,6,1,17.9,0,0,0,West Ham United,2022,January,23,Mid season,False,False,0,-0.3
2022-02-08,19:45,Premier League,Matchweek 24,Tue,Home,W,1,0,Watford,0.8,0.3,64,59581.0,Declan Rice,4-2-3-1,,Martin Atkinson,Match Report,9,2,13.2,0,0,0,West Ham United,2022,February,24,Mid season,False,False,3,0.2
2022-02-13,16:30,Premier League,Matchweek 25,Sun,Away,D,2,2,Leicester City,1.1,1.4,45,32061.0,Declan Rice,4-2-3-1,,Michael Oliver,Match Report,8,3,16.1,0,0,0,West Ham United,2022,February,25,Mid season,False,False,1,0.9
2022-02-19,12:30,Premier League,Matchweek 26,Sat,Home,D,1,1,Newcastle United,0.6,0.8,47,59949.0,Declan Rice,4-2-3-1,,Chris Kavanagh,Match Report,11,3,14.4,0,0,0,West Ham United,2022,February,26,Late season,False,False,1,0.4
2022-02-27,14:00,Premier League,Matchweek 27,Sun,Home,W,1,0,Wolverhampton Wanderers,1.8,0.7,39,59946.0,Declan Rice,,,Anthony Taylor,Match Report,13,4,16.7,1,0,0,West Ham United,2022,February,27,Late season,False,False,3,-0.8
2022-03-05,17:30,Premier League,Matchweek 28,Sat,Away,L,0,1,Liverpool,1.3,2.4,32,59925.0,Aaron Cresswell,,,Jonathan Moss,Match Report,13,4,14.9,0,0,0,West Ham United,2022,March,28,Late season,False,False,0,-1.3
2022-03-13,14:00,Premier League,Matchweek 29,Sun,Home,W,2,1,Aston Villa,1.2,1.1,47,59957.0,Declan Rice,4-2-3-1,4-1-2-1-2,Jarred Gillett,Match Report,11,4,16.3,0,0,0,West Ham United,2022,March,29,Late season,False,False,3,0.8
2022-03-20,16:30,Premier League,Matchweek 30,Sun,Away,L,1,3,Tottenham Hotspur,0.6,3.0,47,58685.0,Declan Rice,,,Anthony Taylor,Match Report,6,1,9.1,0,0,0,West Ham United,2022,March,30,Late season,False,False,0,0.4
2022-04-03,14:00,Premier League,Matchweek 31,Sun,Home,W,2,1,Everton,1.2,0.7,55,59953.0,Declan Rice,4-2-3-1,,Michael Oliver,Match Report,11,5,19.9,2,0,0,West Ham United,2022,April,31,Late season,False,False,3,0.8
2022-04-10,14:00,Premier League,Matchweek 32,Sun,Away,L,0,2,Brentford,0.3,1.4,53,17032.0,Declan Rice,4-2-3-1,,Martin Atkinson,Match Report,5,1,17.5,0,0,0,West Ham United,2022,April,32,Late season,False,False,0,-0.3
2022-04-17,14:15,Premier League,Matchweek 33,Sun,Home,D,1,1,Burnley,2.2,1.8,61,59958.0,Declan Rice,4-2-3-1,,Paul Tierney,Match Report,21,6,14.7,0,0,0,West Ham United,2022,April,33,Late season,False,False,1,-1.2
2022-04-24,14:00,Premier League,Matchweek 34,Sun,Away,L,0,1,Chelsea,0.5,3.0,34,32231.0,Mark Noble,,3-4-1-2,Michael Oliver,Match Report,6,2,13.4,0,0,0,West Ham United,2022,April,34,Late season,False,False,0,-0.5
2022-05-01,16:30,Premier League,Matchweek 35,Sun,Home,L,1,2,Arsenal,0.5,0.9,57,59959.0,Mark Noble,4-2-3-1,4-2-3-1,Mike Dean,Match Report,8,3,14.0,0,0,0,West Ham United,2022,May,35,Late season,False,False,0,0.5
2022-05-08,14:00,Premier League,Matchweek 36,Sun,Away,W,4,0,Norwich City,3.0,0.8,63,26428.0,Declan Rice,4-2-3-1,4-2-3-1,Robert Jones,Match Report,12,4,14.4,0,1,1,West Ham United,2022,May,36,Late season,False,False,3,1.0
2022-05-15,14:00,Premier League,Matchweek 37,Sun,Home,D,2,2,Manchester City,1.1,2.4,22,59972.0,Declan Rice,4-2-3-1,,Anthony Taylor,Match Report,6,2,13.7,0,0,0,West Ham United,2022,May,37,Late season,False,False,1,0.9
2022-05-22,16:00,Premier League,Matchweek 38,Sun,Away,L,1,3,Brighton And Hove Albion,0.2,1.6,50,31604.0,Declan Rice,4-2-3-1,4-3-2-1,Kevin Friend,Match Report,7,2,22.0,0,0,0,West Ham United,2022,May,38,Late season,False,False,0,0.8
2022-08-07,16:30,Premier League,Matchweek 1,Sun,Home,L,0,2,Manchester City,0.5,2.2,25,62443.0,Declan Rice,4-2-3-1,,Michael Oliver,Match Report,6,1,16.3,0,0,0,West Ham United,2023,August,1,Early season,False,False,0,-0.5
2022-08-14,14:00,Premier League,Matchweek 2,Sun,Away,L,0,1,Nottingham Forest,2.1,1.3,57,29281.0,Declan Rice,,3-4-1-2,Robert Jones,Match Report,18,3,19.3,2,0,1,West Ham United,2023,August,2,Early season,False,False,0,-2.1
2022-08-21,14:00,Premier League,Matchweek 3,Sun,Home,L,0,2,Brighton And Hove Albion,0.8,1.7,50,62449.0,Declan Rice,4-2-3-1,3-5-1-1,Anthony Taylor,Match Report,13,3,16.5,0,0,0,West Ham United,2023,August,3,Early season,False,False,0,-0.8
2022-08-28,14:00,Premier League,Matchweek 4,Sun,Away,W,1,0,Aston Villa,0.6,0.5,42,41796.0,Declan Rice,,4-3-1-2,David Coote,Match Report,7,2,24.8,1,0,0,West Ham United,2023,August,4,Early season,False,False,3,0.4
2022-08-31,19:45,Premier League,Matchweek 5,Wed,Home,D,1,1,Tottenham Hotspur,1.2,0.6,39,62450.0,Declan Rice,4-2-3-1,,Peter Bankes,Match Report,14,4,16.3,0,0,0,West Ham United,2023,August,5,Early season,False,False,1,-0.2
2022-09-03,15:00,Premier League,Matchweek 6,Sat,Away,L,1,2,Chelsea,1.1,0.9,33,39923.0,Declan Rice,3-4-1-2,3-1-4-2,Andy Madley,Match Report,6,3,15.9,0,0,0,West Ham United,2023,September,6,Early season,False,False,0,-0.1
2022-09-18,14:15,Premier League,Matchweek 8,Sun,Away,L,0,1,Everton,1.0,0.4,47,39298.0,Declan Rice,4-2-3-1,,Michael Oliver,Match Report,14,4,15.2,0,0,0,West Ham United,2023,September,8,Early season,False,False,0,-1.0
2022-10-01,17:30,Premier League,Matchweek 9,Sat,Home,W,2,0,Wolverhampton Wanderers,0.9,0.7,39,62444.0,Declan Rice,4-2-3-1,,Paul Tierney,Match Report,18,5,20.3,1,0,0,West Ham United,2023,October,9,Early season,False,False,3,1.1
2022-10-09,14:00,Premier League,Matchweek 10,Sun,Home,W,3,1,Fulham,2.4,0.7,50,62407.0,Declan Rice,4-2-3-1,4-2-3-1,Chris Kavanagh,Match Report,16,7,16.4,0,1,1,West Ham United,2023,October,10,Early season,False,False,3,0.6
2022-10-16,14:00,Premier League,Matchweek 11,Sun,Away,D,1,1,Southampton,1.7,0.5,61,29159.0,Declan Rice,,,Peter Bankes,Match Report,25,4,18.8,0,0,0,West Ham United,2023,October,11,Early season,False,False,1,-0.7
2022-10-19,19:30,Premier League,Matchweek 12,Wed,Away,L,0,1,Liverpool,1.7,1.7,46,52982.0,Declan Rice,,,Stuart Attwell,Match Report,7,2,15.2,0,0,1,West Ham United,2023,October,12,Early season,False,False,0,-1.7
2022-10-24,20:00,Premier League,Matchweek 13,Mon,Home,W,2,0,Bournemouth,1.9,0.4,55,62447.0,Declan Rice,4-2-3-1,4-2-3-1,David Coote,Match Report,19,3,21.1,1,1,1,West Ham United,2023,October,13,Early season,False,False,3,0.1
2022-10-30,16:15,Premier League,Matchweek 14,Sun,Away,L,0,1,Manchester United,1.1,1.2,47,73682.0,Declan Rice,4-2-3-1,4-2-3-1,Chris Kavanagh,Match Report,13,4,22.3,0,0,0,West Ham United,2023,October,14,Mid season,False,False,0,-1.1
2022-11-06,14:00,Premier League,Matchweek 15,Sun,Home,L,1,2,Crystal Palace,0.3,1.0,42,62451.0,Declan Rice,4-2-3-1,,Paul Tierney,Match Report,5,2,16.7,0,0,0,West Ham United,2023,November,15,Mid season,False,False,0,0.7
2022-11-12,15:00,Premier League,Matchweek 16,Sat,Home,L,0,2,Leicester City,1.4,1.8,54,62459.0,Declan Rice,4-2-3-1,4-1-4-1,Jarred Gillett,Match Report,18,6,16.4,0,0,0,West Ham United,2023,November,16,Mid season,False,False,0,-1.4
2022-12-26,20:00,Premier League,Matchweek 17,Mon,Away,L,1,3,Arsenal,1.0,2.1,34,60125.0,Declan Rice,4-2-3-1,,Michael Oliver,Match Report,7,3,24.2,0,1,1,West Ham United,2023,December,17,Mid season,False,False,0,0.0
2022-12-30,19:45,Premier League,Matchweek 18,Fri,Home,L,0,2,Brentford,1.3,1.6,63,62467.0,Declan Rice,,,Darren England,Match Report,20,5,18.2,2,0,0,West Ham United,2023,December,18,Mid season,False,False,0,-1.3
2023-01-04,19:45,Premier League,Matchweek 19,Wed,Away,D,2,2,Leeds United,1.4,1.6,38,36173.0,Declan Rice,,4-2-3-1,David Coote,Match Report,14,1,22.5,0,1,1,West Ham United,2023,January,19,Mid season,False,False,1,0.6
2023-01-14,15:00,Premier League,Matchweek 20,Sat,Away,L,0,1,Wolverhampton Wanderers,1.1,0.9,42,31511.0,Declan Rice,,4-2-3-1,Simon Hooper,Match Report,16,3,18.4,0,0,0,West Ham United,2023,January,20,Mid season,False,False,0,-1.1
2023-01-21,15:00,Premier League,Matchweek 21,Sat,Home,W,2,0,Everton,2.2,0.5,33,62470.0,Declan Rice,,,Stuart Attwell,Match Report,11,4,11.9,0,0,0,West Ham United,2023,January,21,Mid season,False,False,3,-0.2
2023-02-04,17:30,Premier League,Matchweek 22,Sat,Away,D,1,1,Newcastle United,1.0,1.0,38,52256.0,Declan Rice,,,Peter Bankes,Match Report,10,1,16.2,0,0,0,West Ham United,2023,February,22,Mid season,False,False,1,0.0
2023-02-11,12:30,Premier League,Matchweek 23,Sat,Home,D,1,1,Chelsea,1.3,1.1,29,62471.0,Declan Rice,,4-2-3-1,Craig Pawson,Match Report,10,2,13.8,1,0,0,West Ham United,2023,February,23,Mid season,False,False,1,-0.3
2023-02-19,16:30,Premier League,Matchweek 24,Sun,Away,L,0,2,Tottenham Hotspur,0.5,1.5,43,61476.0,Declan Rice,,,Michael Oliver,Match Report,6,1,16.0,1,0,0,West Ham United,2023,February,24,Mid season,False,False,0,-0.5
2023-02-25,15:00,Premier League,Matchweek 25,Sat,Home,W,4,0,Nottingham Forest,2.7,0.4,49,62469.0,Declan Rice,,4-3-2-1,Jarred Gillett,Match Report,18,5,14.9,0,0,0,West Ham United,2023,February,25,Mid season,False,False,3,1.3
2023-03-04,15:00,Premier League,Matchweek 26,Sat,Away,L,0,4,Brighton And Hove Albion,0.3,3.5,35,31523.0,Declan Rice,4-2-3-1,4-2-3-1,Stuart Attwell,Match Report,3,2,12.1,0,0,0,West Ham United,2023,March,26,Late season,False,False,0,-0.3
2023-03-12,14:00,Premier League,Matchweek 27,Sun,Home,D,1,1,Aston Villa,2.1,1.5,41,62472.0,Declan Rice,4-1-4-1,4-2-3-1,Chris Kavanagh,Match Report,16,4,16.7,0,1,1,West Ham United,2023,March,27,Late season,False,False,1,-1.1
2023-04-02,14:00,Premier League,Matchweek 29,Sun,Home,W,1,0,Southampton,1.4,0.3,43,62498.0,Declan Rice,,,Paul Tierney,Match Report,12,2,14.2,1,0,0,West Ham United,2023,April,29,Late season,False,False,3,-0.4
2023-04-05,20:00,Premier League,Matchweek 7,Wed,Home,L,1,5,Newcastle United,1.0,3.3,42,62481.0,Declan Rice,4-2-3-1,,Craig Pawson,Match Report,7,2,19.0,1,0,0,West Ham United,2023,April,7,Early season,False,False,0,0.0
2023-04-08,15:00,Premier League,Matchweek 30,Sat,Away,W,1,0,Fulham,1.1,0.7,24,24491.0,Declan Rice,,4-2-3-1,Jarred Gillett,Match Report,9,5,14.1,0,0,0,West Ham United,2023,April,30,Late season,False,False,3,-0.1
2023-04-16,14:00,Premier League,Matchweek 31,Sun,Home,D,2,2,Arsenal,1.8,2.7,30,62481.0,Declan Rice,,,David Coote,Match Report,15,2,14.8,1,1,1,West Ham United,2023,April,31,Late season,False,False,1,0.2
2023-04-23,14:00,Premier League,Matchweek 32,Sun,Away,W,4,0,Bournemouth,2.4,1.5,36,10465.0,Declan Rice,,,Anthony Taylor,Match Report,18,10,16.2,1,0,0,West Ham United,2023,April,32,Late season,False,False,3,1.6
2023-04-26,19:45,Premier League,Matchweek 33,Wed,Home,L,1,2,Liverpool,0.8,1.9,28,62473.0,Declan Rice,4-2-3-1,,Chris Kavanagh,Match Report,7,2,15.5,0,0,0,West Ham United,2023,April,33,Late season,False,False,0,0.2
2023-04-29,12:30,Premier League,Matchweek 34,Sat,Away,L,3,4,Crystal Palace,1.7,2.1,41,25148.0,Declan Rice,4-2-3-1,,Craig Pawson,Match Report,8,4,16.1,0,0,0,West Ham United,2023,April,34,Late season,False,False,0,1.3
2023-05-03,20:00,Premier League,Matchweek 28,Wed,Away,L,0,3,Manchester City,0.4,2.3,31,53305.0,Aaron Cresswell,4-2-3-1,3-2-4-1,John Brooks,Match Report,6,2,24.2,0,0,0,West Ham United,2023,May,28,Late season,False,False,0,-0.4
2023-05-07,19:00,Premier League,Matchweek 35,Sun,Home,W,1,0,Manchester United,1.3,1.2,35,62477.0,Declan Rice,4-2-3-1,4-2-3-1,Peter Bankes,Match Report,15,4,15.5,0,0,0,West Ham United,2023,May,35,Late season,False,False,3,-0.3
2023-05-14,14:00,Premier League,Matchweek 36,Sun,Away,L,0,2,Brentford,0.2,3.4,47,17075.0,Angelo Ogbonna,4-2-3-1,,Michael Oliver,Match Report,4,4,19.0,0,0,0,West Ham United,2023,May,36,Late season,False,False,0,-0.2
2023-05-21,13:30,Premier League,Matchweek 37,Sun,Home,W,3,1,Leeds United,2.1,0.9,59,62478.0,Declan Rice,4-2-3-1,,Peter Bankes,Match Report,19,9,14.6,0,0,0,West Ham United,2023,May,37,Late season,False,False,3,0.9
2023-05-28,16:30,Premier League,Matchweek 38,Sun,Away,L,1,2,Leicester City,1.4,1.4,52,32183.0,Declan Rice,4-2-3-1,4-2-3-1,Simon Hooper,Match Report,16,3,16.7,0,0,0,West Ham United,2023,May,38,Late season,False,False,0,-0.4
2023-08-12,15:00,Premier League,Matchweek 1,Sat,Away,D,1,1,Bournemouth,1.1,1.3,38,11245.0,Kurt Zouma,4-2-3-1,4-2-3-1,Peter Bankes,Match Report,16,2,16.1,0,0,0,West Ham United,2024,August,1,Early season,False,False,1,-0.1
2023-08-20,16:30,Premier League,Matchweek 2,Sun,Home,W,3,1,Chelsea,1.8,2.5,25,62451.0,Kurt Zouma,4-2-3-1,,John Brooks,Match Report,11,5,19.6,0,1,1,West Ham United,2024,August,2,Early season,False,False,3,1.2
2023-08-26,17:30,Premier League,Matchweek 3,Sat,Away,W,3,1,Brighton And Hove Albion,3.0,1.5,22,31508.0,Kurt Zouma,4-1-4-1,4-2-3-1,Anthony Taylor,Match Report,12,7,12.3,0,0,0,West Ham United,2024,August,3,Early season,False,False,3,0.0
2023-09-01,20:00,Premier League,Matchweek 4,Fri,Away,W,2,1,Luton Town,1.0,1.4,61,10802.0,Kurt Zouma,4-2-3-1,,Paul Tierney,Match Report,9,3,16.3,0,0,0,West Ham United,2024,September,4,Early season,False,False,3,1.0
2023-09-16,15:00,Premier League,Matchweek 5,Sat,Home,L,1,3,Manchester City,0.9,3.6,32,62475.0,Kurt Zouma,4-2-3-1,4-2-3-1,Andy Madley,Match Report,6,3,12.1,0,0,0,West Ham United,2024,September,5,Early season,False,False,0,0.1
2023-09-24,14:00,Premier League,Matchweek 6,Sun,Away,L,1,3,Liverpool,1.1,3.0,37,50136.0,Kurt Zouma,4-2-3-1,,Chris Kavanagh,Match Report,11,4,13.5,0,0,0,West Ham United,2024,September,6,Early season,False,False,0,-0.1
2023-09-30,15:00,Premier League,Matchweek 7,Sat,Home,W,2,0,Sheffield United,2.1,1.1,52,62459.0,Kurt Zouma,4-2-3-1,,Graham Scott,Match Report,20,8,12.6,1,0,0,West Ham United,2024,September,7,Early season,False,False,3,-0.1
2023-10-08,14:00,Premier League,Matchweek 8,Sun,Home,D,2,2,Newcastle United,1.2,2.0,36,62473.0,Kurt Zouma,4-2-3-1,,Peter Bankes,Match Report,5,3,14.9,1,0,0,West Ham United,2024,October,8,Early season,False,False,1,0.8
2023-10-22,16:30,Premier League,Matchweek 9,Sun,Away,L,1,4,Aston Villa,1.1,1.9,42,41734.0,Kurt Zouma,4-2-3-1,,David Coote,Match Report,14,4,15.2,1,0,0,West Ham United,2024,October,9,Early season,False,False,0,-0.1
2023-10-29,13:00,Premier League,Matchweek 10,Sun,Home,L,0,1,Everton,0.7,0.8,64,62469.0,Kurt Zouma,4-2-3-1,4-4-1-1,Stuart Attwell,Match Report,12,2,17.3,0,0,0,West Ham United,2024,October,10,Early season,False,False,0,-0.7
2023-11-04,15:00,Premier League,Matchweek 11,Sat,Away,L,2,3,Brentford,1.8,1.5,42,17103.0,James Ward-Prowse,,,Thomas Bramall,Match Report,12,2,15.3,0,0,0,West Ham United,2024,November,11,Early season,False,False,0,0.2
2023-11-12,14:00,Premier League,Matchweek 12,Sun,Home,W,3,2,Nottingham Forest,1.8,1.7,54,62470.0,Kurt Zouma,4-2-3-1,,Michael Salisbury,Match Report,16,6,18.0,1,0,0,West Ham United,2024,November,12,Early season,False,False,3,1.2
2023-11-25,15:00,Premier League,Matchweek 13,Sat,Away,W,2,1,Burnley,0.9,1.3,50,21319.0,Kurt Zouma,4-2-3-1,,Samuel Barrott,Match Report,11,3,13.2,0,0,0,West Ham United,2024,November,13,Early season,False,False,3,1.1
2023-12-03,14:00,Premier League,Matchweek 14,Sun,Home,D,1,1,Crystal Palace,1.1,0.9,55,62414.0,Tomáš Souček,4-2-3-1,,Michael Oliver,Match Report,9,3,15.7,1,0,0,West Ham United,2024,December,14,Mid season,False,False,1,-0.1
2023-12-07,20:15,Premier League,Matchweek 15,Thu,Away,W,2,1,Tottenham Hotspur,2.2,1.8,26,61171.0,Kurt Zouma,,4-2-3-1,Michael Salisbury,Match Report,11,5,15.0,0,0,0,West Ham United,2024,December,15,Mid season,False,False,3,-0.2
2023-12-10,14:00,Premier League,Matchweek 16,Sun,Away,L,0,5,Fulham,1.3,2.3,37,23988.0,Kurt Zouma,4-4-1-1,4-2-3-1,Paul Tierney,Match Report,9,5,19.2,1,0,0,West Ham United,2024,December,16,Mid season,False,False,0,-1.3
2023-12-17,14:00,Premier League,Matchweek 17,Sun,Home,W,3,0,Wolverhampton Wanderers,1.1,0.7,45,62455.0,Kurt Zouma,4-2-3-1,,Chris Kavanagh,Match Report,13,4,19.8,2,0,0,West Ham United,2024,December,17,Mid season,False,False,3,1.9
2023-12-23,12:30,Premier League,Matchweek 18,Sat,Home,W,2,0,Manchester United,1.2,1.0,35,64472.0,Kurt Zouma,4-2-3-1,4-2-3-1,Simon Hooper,Match Report,12,5,13.8,0,0,0,West Ham United,2024,December,18,Mid season,False,False,3,0.8
2023-12-28,20:15,Premier League,Matchweek 19,Thu,Away,W,2,0,Arsenal,1.4,2.7,27,60261.0,Angelo Ogbonna,4-2-3-1,,Michael Oliver,Match Report,5,2,17.4,0,0,1,West Ham United,2024,December,19,Mid season,False,False,3,0.6
2024-01-02,19:30,Premier League,Matchweek 20,Tue,Home,D,0,0,Brighton And Hove Albion,0.7,2.3,32,62462.0,Angelo Ogbonna,4-2-3-1,4-3-1-2,Samuel Barrott,Match Report,6,2,16.0,0,0,0,West Ham United,2024,January,20,Mid season,False,False,1,-0.7
2024-01-21,14:00,Premier League,Matchweek 21,Sun,Away,D,2,2,Sheffield United,2.3,2.5,43,29164.0,Kurt Zouma,4-4-1-1,4-1-4-1,Michael Salisbury,Match Report,15,4,14.9,0,1,1,West Ham United,2024,January,21,Mid season,False,False,1,-0.3
2024-02-01,19:30,Premier League,Matchweek 22,Thu,Home,D,1,1,Bournemouth,1.4,1.2,48,62478.0,Kurt Zouma,4-3-2-1,4-2-3-1,Tim Robinson,Match Report,8,2,17.1,0,1,1,West Ham United,2024,February,22,Mid season,False,False,1,-0.4
2024-02-04,14:00,Premier League,Matchweek 23,Sun,Away,L,0,3,Manchester United,1.4,0.7,49,73612.0,Kurt Zouma,4-2-3-1,4-2-3-1,Andy Madley,Match Report,22,3,18.9,1,0,0,West Ham United,2024,February,23,Mid season,False,False,0,-1.4
2024-02-11,14:00,Premier League,Matchweek 24,Sun,Home,L,0,6,Arsenal,0.2,3.6,30,62475.0,Kurt Zouma,4-2-3-1,,Craig Pawson,Match Report,5,1,19.9,0,0,0,West Ham United,2024,February,24,Mid season,False,False,0,-0.2
2024-02-17,15:00,Premier League,Matchweek 25,Sat,Away,L,0,2,Nottingham Forest,0.5,2.8,51,29490.0,Kurt Zouma,4-2-3-1,4-2-3-1,Thomas Bramall,Match Report,10,3,18.9,1,0,0,West Ham United,2024,February,25,Mid season,False,False,0,-0.5
2024-02-26,20:00,Premier League,Matchweek 26,Mon,Home,W,4,2,Brentford,1.7,0.9,41,62450.0,Kurt Zouma,4-2-3-1,,Simon Hooper,Match Report,17,6,17.7,0,0,0,West Ham United,2024,February,26,Late season,False,False,3,2.3
2024-03-02,15:00,Premier League,Matchweek 27,Sat,Away,W,3,1,Everton,1.9,2.7,45,39262.0,Kurt Zouma,4-2-3-1,4-4-1-1,Craig Pawson,Match Report,12,5,14.2,0,0,0,West Ham United,2024,March,27,Late season,False,False,3,1.1
2024-03-10,14:00,Premier League,Matchweek 28,Sun,Home,D,2,2,Burnley,2.1,0.7,52,62441.0,Tomáš Souček,4-2-3-1,,Darren England,Match Report,22,4,14.8,0,0,0,West Ham United,2024,March,28,Late season,False,False,1,-0.1
2024-03-17,14:00,Premier League,Matchweek 29,Sun,Home,D,1,1,Aston Villa,2.0,0.7,31,62461.0,Kurt Zouma,4-2-3-1,,Jarred Gillett,Match Report,13,4,15.9,1,0,0,West Ham United,2024,March,29,Late season,False,False,1,-1.0
2024-03-30,12:30,Premier League,Matchweek 30,Sat,Away,L,3,4,Newcastle United,1.4,4.1,40,52199.0,Kurt Zouma,4-2-3-1,,Robert Jones,Match Report,10,4,14.1,0,0,0,West Ham United,2024,March,30,Late season,False,False,0,1.6
2024-04-02,20:15,Premier League,Matchweek 31,Tue,Home,D,1,1,Tottenham Hotspur,1.5,1.0,33,62469.0,Kurt Zouma,,4-2-3-1,John Brooks,Match Report,11,4,16.6,1,0,0,West Ham United,2024,April,31,Late season,False,False,1,-0.5
2024-04-06,15:00,Premier League,Matchweek 32,Sat,Away,W,2,1,Wolverhampton Wanderers,1.2,1.5,42,31504.0,Kurt Zouma,4-2-3-1,,Tony Harrington,Match Report,10,3,24.6,2,1,1,West Ham United,2024,April,32,Late season,False,False,3,0.8
2024-04-14,14:00,Premier League,Matchweek 33,Sun,Home,L,0,2,Fulham,0.9,3.2,58,62459.0,Łukasz Fabiański,4-2-3-1,4-2-3-1,Stuart Attwell,Match Report,15,4,16.2,0,0,0,West Ham United,2024,April,33,Late season,False,False,0,-0.9
2024-04-21,15:00,Premier League,Matchweek 34,Sun,Away,L,2,5,Crystal Palace,1.3,2.4,40,25145.0,Kurt Zouma,4-2-3-1,,Graham Scott,Match Report,4,1,10.8,0,0,0,West Ham United,2024,April,34,Late season,False,False,0,0.7
2024-04-27,12:30,Premier League,Matchweek 35,Sat,Home,D,2,2,Liverpool,0.7,1.7,29,62474.0,Kurt Zouma,4-2-3-1,,Anthony Taylor,Match Report,11,8,17.0,0,0,0,West Ham United,2024,April,35,Late season,False,False,1,1.3
2024-05-05,14:00,Premier League,Matchweek 36,Sun,Away,L,0,5,Chelsea,0.9,4.1,31,39295.0,Kurt Zouma,4-2-3-1,4-2-3-1,Andy Madley,Match Report,13,2,17.6,2,0,0,West Ham United,2024,May,36,Late season,False,False,0,-0.9
2024-05-11,15:00,Premier League,Matchweek 37,Sat,Home,W,3,1,Luton Town,3.2,0.3,58,62475.0,Kurt Zouma,4-2-3-1,,Michael Oliver,Match Report,24,8,16.5,1,0,0,West Ham United,2024,May,37,Late season,False,False,3,-0.2
2024-05-19,16:00,Premier League,Matchweek 38,Sun,Away,L,1,3,Manchester City,0.4,1.9,29,55097.0,Kurt Zouma,,4-1-4-1,John Brooks,Match Report,3,2,10.3,0,0,0,West Ham United,2024,May,38,Late season,False,False,0,0.6
2024-08-17,17:30,Premier League,Matchweek 1,Sat,Home,L,1,2,Aston Villa,2.3,2.0,52,62463.0,Jarrod Bowen,4-1-4-1,4-2-3-1,Tony Harrington,Match Report,13,2,13.6,0,1,1,West Ham United,2025,August,1,Early season,False,False,0,-1.3
2024-08-24,15:00,Premier League,Matchweek 2,Sat,Away,W,2,0,Crystal Palace,1.4,1.3,42,25099.0,Jarrod Bowen,4-1-4-1,,Robert Jones,Match Report,18,3,17.2,0,0,0,West Ham United,2025,August,2,Early season,False,False,3,0.6
2024-08-31,17:30,Premier League,Matchweek 3,Sat,Home,L,1,3,Manchester City,0.7,3.0,33,62469.0,Jarrod Bowen,4-2-3-1,3-2-4-1,Michael Oliver,Match Report,10,2,16.9,0,0,0,West Ham United,2025,August,3,Early season,False,False,0,0.3
2024-09-14,15:00,Premier League,Matchweek 4,Sat,Away,D,1,1,Fulham,0.8,1.5,46,26528.0,Jarrod Bowen,4-2-3-1,4-2-3-1,Tim Robinson,Match Report,11,3,18.0,0,0,0,West Ham United,2025,September,4,Early season,False,False,1,0.2
2024-09-21,12:30,Premier League,Matchweek 5,Sat,Home,L,0,3,Chelsea,0.9,2.2,53,62473.0,Jarrod Bowen,,4-2-3-1,Samuel Barrott,Match Report,15,7,18.0,1,0,0,West Ham United,2025,September,5,Early season,False,False,0,-0.9
2024-09-28,15:00,Premier League,Matchweek 6,Sat,Away,D,1,1,Brentford,1.0,0.4,43,17050.0,Jarrod Bowen,4-1-4-1,,Simon Hooper,Match Report,19,3,18.7,0,0,0,West Ham United,2025,September,6,Early season,False,False,1,0.0
2024-10-05,15:00,Premier League,Matchweek 7,Sat,Home,W,4,1,Ipswich Town,3.6,0.6,52,62467.0,Jarrod Bowen,4-1-4-1,4-2-3-1,Anthony Taylor,Match Report,23,12,16.4,1,0,0,West Ham United,2025,October,7,Early season,False,False,3,0.4
2024-10-19,12:30,Premier League,Matchweek 8,Sat,Away,L,1,4,Tottenham Hotspur,0.8,1.9,43,61381.0,Jarrod Bowen,4-1-4-1,,Andy Madley,Match Report,11,3,16.9,0,0,0,West Ham United,2025,October,8,Early season,False,False,0,0.2
2024-10-27,14:00,Premier League,Matchweek 9,Sun,Home,W,2,1,Manchester United,2.8,2.3,42,62474.0,Jarrod Bowen,4-2-3-1,4-2-3-1,David Coote,Match Report,11,2,12.3,0,1,1,West Ham United,2025,October,9,Early season,False,False,3,-0.8
2024-11-02,15:00,Premier League,Matchweek 10,Sat,Away,L,0,3,Nottingham Forest,0.1,2.2,46,30112.0,Jarrod Bowen,,4-2-3-1,Peter Bankes,Match Report,4,1,23.2,0,0,0,West Ham United,2025,November,10,Early season,False,False,0,-0.1
2024-11-09,15:00,Premier League,Matchweek 11,Sat,Home,D,0,0,Everton,0.8,1.1,49,62463.0,Jarrod Bowen,4-1-4-1,4-2-3-1,Stuart Attwell,Match Report,11,6,17.0,0,0,0,West Ham United,2025,November,11,Early season,False,False,1,-0.8
2024-11-25,20:00,Premier League,Matchweek 12,Mon,Away,W,2,0,Newcastle United,0.9,1.6,47,52094.0,Jarrod Bowen,4-2-3-1,,Craig Pawson,Match Report,15,6,19.8,1,0,0,West Ham United,2025,November,12,Early season,False,False,3,1.1
2024-11-30,17:30,Premier League,Matchweek 13,Sat,Home,L,2,5,Arsenal,1.5,3.5,40,62475.0,Jarrod Bowen,4-2-3-1,,Anthony Taylor,Match Report,12,5,18.1,2,0,0,West Ham United,2025,November,13,Early season,False,False,0,0.5
2024-12-03,20:15,Premier League,Matchweek 14,Tue,Away,L,1,3,Leicester City,3.0,1.7,61,30947.0,Jarrod Bowen,4-2-3-1,4-2-3-1,Joshua Smith,Match Report,31,8,14.7,0,0,0,West Ham United,2025,December,14,Mid season,False,False,0,-2.0
2024-12-09,20:00,Premier League,Matchweek 15,Mon,Home,W,2,1,Wolverhampton Wanderers,1.0,1.4,54,62474.0,Jarrod Bowen,4-2-3-1,,John Brooks,Match Report,19,4,15.8,0,0,0,West Ham United,2025,December,15,Mid season,False,False,3,1.0
2024-12-16,20:00,Premier League,Matchweek 16,Mon,Away,D,1,1,Bournemouth,2.1,1.9,48,11204.0,Jarrod Bowen,4-1-4-1,4-2-3-1,Chris Kavanagh,Match Report,15,2,15.2,0,1,1,West Ham United,2025,December,16,Mid season,False,False,1,-1.1
2024-12-21,15:00,Premier League,Matchweek 17,Sat,Home,D,1,1,Brighton And Hove Albion,1.2,0.9,47,62460.0,Jarrod Bowen,4-1-4-1,4-2-3-1,Robert Jones,Match Report,11,4,13.7,0,0,0,West Ham United,2025,December,17,Mid season,False,False,1,-0.2
2024-12-26,15:00,Premier League,Matchweek 18,Thu,Away,W,1,0,Southampton,1.7,1.4,46,31059.0,Jarrod Bowen,4-1-4-1,3-4-1-2,Lewis Smith,Match Report,16,2,15.3,1,0,0,West Ham United,2025,December,18,Mid season,False,False,3,-0.7
2024-12-29,17:15,Premier League,Matchweek 19,Sun,Home,L,0,5,Liverpool,0.4,3.1,46,62476.0,Jarrod Bowen,4-2-3-1,4-2-3-1,Anthony Taylor,Match Report,7,0,17.5,0,0,0,West Ham United,2025,December,19,Mid season,False,False,0,-0.4
2025-01-04,15:00,Premier League,Matchweek 20,Sat,Away,L,1,4,Manchester City,1.4,1.9,44,52737.0,Tomáš Souček,4-2-3-1,4-1-4-1,Michael Salisbury,Match Report,17,4,15.3,1,0,0,West Ham United,2025,January,20,Mid season,False,False,0,-0.4
2025-01-14,19:30,Premier League,Matchweek 21,Tue,Home,W,3,2,Fulham,1.0,1.7,44,62456.0,Tomáš Souček,4-2-3-1,4-2-3-1,Craig Pawson,Match Report,4,3,14.6,0,0,0,West Ham United,2025,January,21,Mid season,False,False,3,2.0
2025-01-18,15:00,Premier League,Matchweek 22,Sat,Home,L,0,2,Crystal Palace,0.3,1.3,53,62469.0,Tomáš Souček,,,Thomas Bramall,Match Report,7,0,19.6,0,0,0,West Ham United,2025,January,22,Mid season,False,False,0,-0.3
2025-01-26,16:30,Premier League,Matchweek 23,Sun,Away,D,1,1,Aston Villa,1.3,0.9,54,41628.0,Tomáš Souček,,4-2-3-1,Peter Bankes,Match Report,14,3,14.6,0,0,0,West Ham United,2025,January,23,Mid season,False,False,1,-0.3
2025-02-03,20:00,Premier League,Matchweek 24,Mon,Away,L,1,2,Chelsea,1.2,1.6,32,39459.0,Jarrod Bowen,,4-2-3-1,Stuart Attwell,Match Report,14,5,20.4,1,0,0,West Ham United,2025,February,24,Mid season,False,False,0,-0.2
2025-02-15,15:00,Premier League,Matchweek 25,Sat,Home,L,0,1,Brentford,0.8,1.6,58,62415.0,Jarrod Bowen,4-2-3-1,4-2-3-1,Darren England,Match Report,13,3,20.5,2,0,0,West Ham United,2025,February,25,Mid season,False,False,0,-0.8
2025-02-22,15:00,Premier League,Matchweek 26,Sat,Away,W,1,0,Arsenal,1.1,1.2,32,60262.0,Jarrod Bowen,,,Craig Pawson,Match Report,5,2,11.8,0,0,0,West Ham United,2025,February,26,Late season,False,False,3,-0.1
2025-02-27,20:00,Premier League,Matchweek 27,Thu,Home,W,2,0,Leicester City,1.3,0.4,58,62455.0,Jarrod Bowen,,4-2-3-1,Anthony Taylor,Match Report,8,2,10.6,0,0,0,West Ham United,2025,February,27,Late season,False,False,3,0.7
2025-03-10,20:00,Premier League,Matchweek 28,Mon,Home,L,0,1,Newcastle United,0.7,1.4,51,62463.0,Jarrod Bowen,,,Michael Salisbury,Match Report,9,2,20.9,0,0,0,West Ham United,2025,March,28,Late season,False,False,0,-0.7
2025-03-15,15:00,Premier League,Matchweek 29,Sat,Away,D,1,1,Everton,0.8,1.0,46,39343.0,Jarrod Bowen,,4-2-3-1,Darren Bond,Match Report,10,5,13.6,0,0,0,West Ham United,2025,March,29,Late season,False,False,1,0.2
2025-04-01,19:45,Premier League,Matchweek 30,Tue,Away,L,0,1,Wolverhampton Wanderers,1.3,1.2,58,29587.0,Jarrod Bowen,,,Tony Harrington,Match Report,10,1,15.4,2,0,0,West Ham United,2025,April,30,Late season,False,False,0,-1.3
2025-04-05,15:00,Premier League,Matchweek 31,Sat,Home,D,2,2,Bournemouth,0.7,2.1,56,62459.0,Jarrod Bowen,4-2-3-1,4-2-3-1,Tim Robinson,Match Report,9,3,16.4,1,0,0,West Ham United,2025,April,31,Late season,False,False,1,1.3
2025-04-13,14:00,Premier League,Matchweek 32,Sun,Away,L,1,2,Liverpool,1.4,1.8,45,60376.0,Jarrod Bowen,,4-2-3-1,Andy Madley,Match Report,11,4,13.5,0,0,0,West Ham United,2025,April,32,Late season,False,False,0,-0.4
2025-04-19,15:00,Premier League,Matchweek 33,Sat,Home,D,1,1,Southampton,0.9,0.6,52,62461.0,Jarrod Bowen,4-2-3-1,,Andrew Kitchen,Match Report,12,4,17.6,0,0,0,West Ham United,2025,April,33,Late season,False,False,1,0.1
2025-04-26,15:00,Premier League,Matchweek 34,Sat,Away,L,2,3,Brighton And Hove Albion,1.3,1.3,47,31499.0,Jarrod Bowen,,4-2-3-1,Darren England,Match Report,12,4,15.2,0,0,0,West Ham United,2025,April,34,Late season,False,False,0,0.7
2025-05-04,14:00,Premier League,Matchweek 35,Sun,Home,D,1,1,Tottenham Hotspur,0.8,0.8,55,62468.0,Jarrod Bowen,,,Michael Oliver,Match Report,11,2,18.3,1,0,0,West Ham United,2025,May,35,Late season,False,False,1,0.2
2025-05-11,14:15,Premier League,Matchweek 36,Sun,Away,W,2,0,Manchester United,1.7,2.1,48,73804.0,Jarrod Bowen,3-4-1-2,,Jarred Gillett,Match Report,9,4,12.4,0,0,0,West Ham United,2025,May,36,Late season,False,False,3,0.3
2025-05-18,14:15,Premier League,Matchweek 37,Sun,Home,L,1,2,Nottingham Forest,1.1,1.9,60,62466.0,Jarrod Bowen,3-4-1-2,4-3-1-2,Samuel Barrott,Match Report,16,5,15.5,0,0,0,West Ham United,2025,May,37,Late season,False,False,0,-0.1
2025-05-25,16:00,Premier League,Matchweek 38,Sun,Away,W,3,1,Ipswich Town,1.1,0.7,58,29771.0,Jarrod Bowen,3-1-4-2,4-2-3-1,Tim Robinson,Match Report,10,6,17.3,0,0,0,West Ham United,2025,May,38,Late season,False,False,3,1.9
2020-09-14,18:00,Premier League,Matchweek 1,Mon,Away,W,2,0,Sheffield United,1.4,1.0,45,,Conor Coady,,,Mike Dean,Match Report,11,4,17.2,0,0,0,Wolverhampton Wanderers,2021,September,1,Early season,False,,3,0.6
2020-09-21,20:15,Premier League,Matchweek 2,Mon,Home,L,1,3,Manchester City,0.6,1.9,35,,Conor Coady,,4-2-3-1,Andre Marriner,Match Report,10,1,17.4,0,0,0,Wolverhampton Wanderers,2021,September,2,Early season,False,,0,0.4
2020-09-27,19:00,Premier League,Matchweek 3,Sun,Away,L,0,4,West Ham United,0.5,2.4,63,,Conor Coady,,,Martin Atkinson,Match Report,11,2,21.1,0,0,0,Wolverhampton Wanderers,2021,September,3,Early season,False,,0,-0.5
2020-10-04,14:00,Premier League,Matchweek 4,Sun,Home,W,1,0,Fulham,1.2,0.9,48,,Conor Coady,,4-2-3-1,Darren England,Match Report,14,5,19.5,1,0,0,Wolverhampton Wanderers,2021,October,4,Early season,False,,3,-0.2
2020-10-19,20:00,Premier League,Matchweek 5,Mon,Away,W,1,0,Leeds United,0.4,1.0,34,,Conor Coady,,4-1-4-1,David Coote,Match Report,7,3,18.3,0,0,0,Wolverhampton Wanderers,2021,October,5,Early season,False,,3,0.6
2020-10-25,16:30,Premier League,Matchweek 6,Sun,Home,D,1,1,Newcastle United,0.7,0.3,63,,Conor Coady,,,Lee Mason,Match Report,16,3,23.2,0,0,0,Wolverhampton Wanderers,2021,October,6,Early season,False,,1,0.3
2020-10-30,20:00,Premier League,Matchweek 7,Fri,Home,W,2,0,Crystal Palace,1.3,0.7,45,,Conor Coady,,,Martin Atkinson,Match Report,15,5,18.8,0,0,0,Wolverhampton Wanderers,2021,October,7,Early season,False,,3,0.7
2020-11-08,14:00,Premier League,Matchweek 8,Sun,Away,L,0,1,Leicester City,0.8,2.0,51,,Conor Coady,,,Anthony Taylor,Match Report,8,2,19.4,1,0,0,Wolverhampton Wanderers,2021,November,8,Early season,False,,0,-0.8
2020-11-23,20:00,Premier League,Matchweek 9,Mon,Home,D,1,1,Southampton,1.5,1.0,46,,Rúben Neves,,,Andre Marriner,Match Report,20,9,16.5,1,0,0,Wolverhampton Wanderers,2021,November,9,Early season,False,,1,-0.5
2020-11-29,19:15,Premier League,Matchweek 10,Sun,Away,W,2,1,Arsenal,1.8,1.5,44,,Conor Coady,4-2-3-1,4-2-3-1,Michael Oliver,Match Report,11,5,12.1,0,0,0,Wolverhampton Wanderers,2021,November,10,Early season,False,,3,0.2
2020-12-06,19:15,Premier League,Matchweek 11,Sun,Away,L,0,4,Liverpool,0.4,1.2,40,2000.0,Conor Coady,,,Craig Pawson,Match Report,9,3,18.5,1,0,0,Wolverhampton Wanderers,2021,December,11,Early season,False,True,0,-0.4
2020-12-12,12:30,Premier League,Matchweek 12,Sat,Home,L,0,1,Aston Villa,1.1,1.4,50,,Conor Coady,4-2-3-1,,Mike Dean,Match Report,16,7,18.5,1,0,0,Wolverhampton Wanderers,2021,December,12,Early season,False,,0,-1.1
2020-12-15,18:00,Premier League,Matchweek 13,Tue,Home,W,2,1,Chelsea,0.5,1.0,45,,Conor Coady,3-4-1-2,,Stuart Attwell,Match Report,12,4,21.9,0,0,0,Wolverhampton Wanderers,2021,December,13,Early season,False,,3,1.5
2020-12-21,17:30,Premier League,Matchweek 14,Mon,Away,L,1,2,Burnley,1.5,1.7,63,,Conor Coady,3-4-1-2,,Lee Mason,Match Report,14,2,20.5,2,1,1,Wolverhampton Wanderers,2021,December,14,Mid season,False,,0,-0.5
2020-12-27,19:15,Premier League,Matchweek 15,Sun,Home,D,1,1,Tottenham Hotspur,0.9,0.4,55,,Conor Coady,4-2-3-1,3-4-1-2,Paul Tierney,Match Report,11,6,17.2,1,0,0,Wolverhampton Wanderers,2021,December,15,Mid season,False,,1,0.1
2020-12-29,20:00,Premier League,Matchweek 16,Tue,Away,L,0,1,Manchester United,0.5,1.5,42,,Conor Coady,3-4-1-2,4-2-3-1,Jonathan Moss,Match Report,9,5,18.3,0,0,0,Wolverhampton Wanderers,2021,December,16,Mid season,False,,0,-0.5
2021-01-02,17:30,Premier League,Matchweek 17,Sat,Away,D,3,3,Brighton And Hove Albion,1.6,2.2,46,,Conor Coady,4-2-3-1,,Andy Madley,Match Report,10,3,19.7,0,1,1,Wolverhampton Wanderers,2021,January,17,Mid season,False,,1,1.4
2021-01-12,20:15,Premier League,Matchweek 18,Tue,Home,L,1,2,Everton,0.7,0.6,52,,Conor Coady,,,Martin Atkinson,Match Report,12,3,17.9,1,0,0,Wolverhampton Wanderers,2021,January,18,Mid season,False,,0,0.3
2021-01-16,12:30,Premier League,Matchweek 19,Sat,Home,L,2,3,West Bromwich Albion,1.5,2.4,67,,Conor Coady,,4-2-3-1,Michael Oliver,Match Report,23,6,17.2,1,0,0,Wolverhampton Wanderers,2021,January,19,Mid season,False,,0,0.5
2021-01-27,18:00,Premier League,Matchweek 20,Wed,Away,D,0,0,Chelsea,0.5,0.7,22,,Conor Coady,3-4-1-2,,Andy Madley,Match Report,4,0,19.9,1,0,0,Wolverhampton Wanderers,2021,January,20,Mid season,False,,1,-0.5
2021-01-30,15:00,Premier League,Matchweek 21,Sat,Away,L,0,1,Crystal Palace,0.4,1.4,52,,Conor Coady,,4-2-3-1,Simon Hooper,Match Report,6,4,15.7,0,0,0,Wolverhampton Wanderers,2021,January,21,Mid season,False,,0,-0.4
2021-02-02,18:00,Premier League,Matchweek 22,Tue,Home,W,2,1,Arsenal,1.5,0.8,55,,Conor Coady,4-2-3-1,4-2-3-1,Craig Pawson,Match Report,10,6,19.4,0,1,1,Wolverhampton Wanderers,2021,February,22,Mid season,False,,3,0.5
2021-02-07,14:00,Premier League,Matchweek 23,Sun,Home,D,0,0,Leicester City,1.1,0.8,44,,Conor Coady,,4-2-3-1,Martin Atkinson,Match Report,13,1,17.5,1,0,0,Wolverhampton Wanderers,2021,February,23,Mid season,False,,1,-1.1
2021-02-14,12:00,Premier League,Matchweek 24,Sun,Away,W,2,1,Southampton,1.1,0.8,49,,Conor Coady,,,Graham Scott,Match Report,9,3,19.2,0,1,1,Wolverhampton Wanderers,2021,February,24,Mid season,False,,3,0.9
2021-02-19,20:00,Premier League,Matchweek 25,Fri,Home,W,1,0,Leeds United,0.6,1.7,42,,Conor Coady,,4-4-1-1,David Coote,Match Report,15,5,23.1,0,0,0,Wolverhampton Wanderers,2021,February,25,Mid season,False,,3,0.4
2021-02-27,20:00,Premier League,Matchweek 26,Sat,Away,D,1,1,Newcastle United,1.1,1.7,52,,Conor Coady,,,Mike Dean,Match Report,14,4,19.1,1,0,0,Wolverhampton Wanderers,2021,February,26,Late season,False,,1,-0.1
2021-03-02,20:00,Premier League,Matchweek 29,Tue,Away,L,1,4,Manchester City,0.3,3.3,28,,Conor Coady,,,Chris Kavanagh,Match Report,6,1,15.3,0,0,0,Wolverhampton Wanderers,2021,March,29,Late season,False,,0,0.7
2021-03-06,17:30,Premier League,Matchweek 27,Sat,Away,D,0,0,Aston Villa,1.6,0.6,51,,Conor Coady,,,Andy Madley,Match Report,10,2,17.4,1,0,0,Wolverhampton Wanderers,2021,March,27,Late season,False,,1,-1.6
2021-03-15,20:00,Premier League,Matchweek 28,Mon,Home,L,0,1,Liverpool,1.1,0.9,53,,Conor Coady,3-4-1-2,,Craig Pawson,Match Report,10,5,15.1,1,0,0,Wolverhampton Wanderers,2021,March,28,Late season,False,,0,-1.1
2021-04-05,20:15,Premier League,Matchweek 30,Mon,Home,L,2,3,West Ham United,2.1,1.2,65,,Conor Coady,4-2-3-1,4-2-3-1,Michael Oliver,Match Report,20,5,15.6,0,0,0,Wolverhampton Wanderers,2021,April,30,Late season,False,,0,-0.1
2021-04-09,20:00,Premier League,Matchweek 31,Fri,Away,W,1,0,Fulham,0.5,0.9,50,,Conor Coady,4-2-3-1,,Jonathan Moss,Match Report,7,3,14.9,1,0,0,Wolverhampton Wanderers,2021,April,31,Late season,False,,3,0.5
2021-04-17,20:15,Premier League,Matchweek 32,Sat,Home,W,1,0,Sheffield United,1.1,0.5,48,,Conor Coady,,,Robert Jones,Match Report,10,4,13.6,0,0,0,Wolverhampton Wanderers,2021,April,32,Late season,False,,3,-0.1
2021-04-25,12:00,Premier League,Matchweek 33,Sun,Home,L,0,4,Burnley,0.4,2.0,58,,Conor Coady,3-4-1-2,,Darren England,Match Report,12,2,24.8,1,0,0,Wolverhampton Wanderers,2021,April,33,Late season,False,,0,-0.4
2021-05-03,18:00,Premier League,Matchweek 34,Mon,Away,D,1,1,West Bromwich Albion,1.0,1.1,57,,Conor Coady,4-2-3-1,3-5-1-1,Paul Tierney,Match Report,20,10,19.0,0,0,0,Wolverhampton Wanderers,2021,May,34,Late season,False,,1,0.0
2021-05-09,12:00,Premier League,Matchweek 35,Sun,Home,W,2,1,Brighton And Hove Albion,1.1,0.3,61,,Conor Coady,4-2-3-1,4-4-1-1,Jonathan Moss,Match Report,16,6,20.5,1,0,0,Wolverhampton Wanderers,2021,May,35,Late season,False,,3,0.9
2021-05-16,14:05,Premier League,Matchweek 36,Sun,Away,L,0,2,Tottenham Hotspur,0.9,3.2,38,,Conor Coady,4-2-3-1,4-2-3-1,Martin Atkinson,Match Report,15,3,17.6,0,0,0,Wolverhampton Wanderers,2021,May,36,Late season,False,,0,-0.9
2021-05-19,18:00,Premier League,Matchweek 37,Wed,Away,L,0,1,Everton,0.3,0.7,59,4988.0,Conor Coady,3-4-1-2,,Andy Madley,Match Report,9,3,21.5,0,0,0,Wolverhampton Wanderers,2021,May,37,Late season,False,True,0,-0.3
2021-05-23,16:00,Premier League,Matchweek 38,Sun,Home,L,1,2,Manchester United,0.9,2.0,57,4500.0,Conor Coady,,4-2-3-1,Mike Dean,Match Report,14,4,18.0,0,0,0,Wolverhampton Wanderers,2021,May,38,Late season,False,True,0,0.1
2021-08-14,15:00,Premier League,Matchweek 1,Sat,Away,L,0,1,Leicester City,1.3,0.5,44,31983.0,Conor Coady,,4-2-3-1,Craig Pawson,Match Report,17,3,17.9,0,0,0,Wolverhampton Wanderers,2022,August,1,Early season,False,False,0,-1.3
2021-08-22,14:00,Premier League,Matchweek 2,Sun,Home,L,0,1,Tottenham Hotspur,1.7,1.7,58,30368.0,Conor Coady,,,Stuart Attwell,Match Report,25,6,20.3,0,0,0,Wolverhampton Wanderers,2022,August,2,Early season,False,False,0,-1.7
2021-08-29,16:30,Premier League,Matchweek 3,Sun,Home,L,0,1,Manchester United,2.1,0.6,44,30621.0,Conor Coady,,4-2-3-1,Mike Dean,Match Report,15,5,15.9,0,0,0,Wolverhampton Wanderers,2022,August,3,Early season,False,False,0,-2.1
2021-09-11,15:00,Premier League,Matchweek 4,Sat,Away,W,2,0,Watford,2.2,0.2,55,20019.0,Conor Coady,,4-1-4-1,Peter Bankes,Match Report,14,5,16.4,1,0,0,Wolverhampton Wanderers,2022,September,4,Early season,False,False,3,-0.2
2021-09-18,12:30,Premier League,Matchweek 5,Sat,Home,L,0,2,Brentford,0.6,2.5,62,30000.0,Conor Coady,,,Darren England,Match Report,11,0,22.8,1,0,0,Wolverhampton Wanderers,2022,September,5,Early season,False,False,0,-0.6
2021-09-26,14:00,Premier League,Matchweek 6,Sun,Away,W,1,0,Southampton,1.0,1.0,43,28002.0,Conor Coady,,,Andy Madley,Match Report,5,3,13.5,0,0,0,Wolverhampton Wanderers,2022,September,6,Early season,False,False,3,0.0
2021-10-02,15:00,Premier League,Matchweek 7,Sat,Home,W,2,1,Newcastle United,1.0,0.6,52,30483.0,Conor Coady,,4-1-4-1,Graham Scott,Match Report,7,3,19.7,0,0,0,Wolverhampton Wanderers,2022,October,7,Early season,False,False,3,1.0
2021-10-16,15:00,Premier League,Matchweek 8,Sat,Away,W,3,2,Aston Villa,2.0,1.0,52,41951.0,Conor Coady,,3-4-1-2,Michael Oliver,Match Report,9,4,14.4,1,0,0,Wolverhampton Wanderers,2022,October,8,Early season,False,False,3,1.0
2021-10-23,15:00,Premier League,Matchweek 9,Sat,Away,D,1,1,Leeds United,0.9,1.6,38,36475.0,Conor Coady,,4-4-1-1,Robert Jones,Match Report,8,4,16.5,1,0,0,Wolverhampton Wanderers,2022,October,9,Early season,False,False,1,0.1
2021-11-01,20:00,Premier League,Matchweek 10,Mon,Home,W,2,1,Everton,1.7,1.5,61,30617.0,Conor Coady,,,Martin Atkinson,Match Report,10,4,15.6,1,0,0,Wolverhampton Wanderers,2022,November,10,Early season,False,False,3,0.3
2021-11-06,15:00,Premier League,Matchweek 11,Sat,Away,L,0,2,Crystal Palace,0.3,1.9,40,24390.0,Conor Coady,,,Graham Scott,Match Report,4,2,18.8,1,0,0,Wolverhampton Wanderers,2022,November,11,Early season,False,False,0,-0.3
2021-11-20,15:00,Premier League,Matchweek 12,Sat,Home,W,1,0,West Ham United,1.4,0.4,52,30667.0,Conor Coady,,4-2-3-1,Mike Dean,Match Report,15,5,19.1,0,0,0,Wolverhampton Wanderers,2022,November,12,Early season,False,False,3,-0.4
2021-11-27,15:00,Premier League,Matchweek 13,Sat,Away,D,0,0,Norwich City,0.3,1.6,57,26911.0,Conor Coady,,4-1-4-1,Simon Hooper,Match Report,5,2,17.0,0,0,0,Wolverhampton Wanderers,2022,November,13,Early season,False,False,1,-0.3
2021-12-01,19:30,Premier League,Matchweek 14,Wed,Home,D,0,0,Burnley,0.7,0.2,65,30328.0,Conor Coady,,,John Brooks,Match Report,16,2,20.1,0,0,0,Wolverhampton Wanderers,2022,December,14,Mid season,False,False,1,-0.7
2021-12-04,15:00,Premier League,Matchweek 15,Sat,Home,L,0,1,Liverpool,0.1,2.7,34,30729.0,Conor Coady,,,Chris Kavanagh,Match Report,3,1,23.7,0,0,0,Wolverhampton Wanderers,2022,December,15,Mid season,False,False,0,-0.1
2021-12-11,12:30,Premier League,Matchweek 16,Sat,Away,L,0,1,Manchester City,0.2,3.2,29,52613.0,Conor Coady,,,Jonathan Moss,Match Report,2,1,10.2,0,0,0,Wolverhampton Wanderers,2022,December,16,Mid season,False,False,0,-0.2
2021-12-15,19:30,Premier League,Matchweek 17,Wed,Away,W,1,0,Brighton And Hove Albion,1.0,1.2,41,30362.0,Conor Coady,,,Tony Harrington,Match Report,8,5,18.0,1,0,0,Wolverhampton Wanderers,2022,December,17,Mid season,False,False,3,0.0
2021-12-19,14:00,Premier League,Matchweek 18,Sun,Home,D,0,0,Chelsea,0.2,0.9,37,30631.0,Conor Coady,,,David Coote,Match Report,4,1,27.4,0,0,0,Wolverhampton Wanderers,2022,December,18,Mid season,False,False,1,-0.2
2022-01-03,17:30,Premier League,Matchweek 21,Mon,Away,W,1,0,Manchester United,0.7,0.8,49,73045.0,Conor Coady,,4-2-2-2,Mike Dean,Match Report,19,6,20.4,1,0,0,Wolverhampton Wanderers,2022,January,21,Mid season,False,False,3,0.3
2022-01-15,15:00,Premier League,Matchweek 22,Sat,Home,W,3,1,Southampton,2.5,0.8,43,30057.0,Conor Coady,,,Michael Salisbury,Match Report,8,4,15.4,0,1,1,Wolverhampton Wanderers,2022,January,22,Mid season,False,False,3,0.5
2022-01-22,15:00,Premier League,Matchweek 23,Sat,Away,W,2,1,Brentford,0.2,1.1,50,16982.0,Conor Coady,,,Peter Bankes,Match Report,7,2,21.7,0,0,0,Wolverhampton Wanderers,2022,January,23,Mid season,False,False,3,1.8
2022-02-10,19:45,Premier League,Matchweek 24,Thu,Home,L,0,1,Arsenal,0.8,1.8,58,31523.0,Conor Coady,,4-2-3-1,Michael Oliver,Match Report,15,4,19.1,2,0,0,Wolverhampton Wanderers,2022,February,24,Mid season,False,False,0,-0.8
2022-02-13,14:00,Premier League,Matchweek 25,Sun,Away,W,2,0,Tottenham Hotspur,1.3,1.2,42,56452.0,Conor Coady,,,Kevin Friend,Match Report,11,7,15.9,0,0,0,Wolverhampton Wanderers,2022,February,25,Mid season,False,False,3,0.7
2022-02-20,16:30,Premier League,Matchweek 26,Sun,Home,W,2,1,Leicester City,0.5,1.7,37,31587.0,Conor Coady,,,Craig Pawson,Match Report,11,3,19.4,1,0,0,Wolverhampton Wanderers,2022,February,26,Late season,False,False,3,1.5
2022-02-24,19:45,Premier League,Matchweek 20,Thu,Away,L,1,2,Arsenal,1.0,3.1,44,59888.0,Conor Coady,,4-2-3-1,Martin Atkinson,Match Report,6,2,14.8,0,0,0,Wolverhampton Wanderers,2022,February,20,Mid season,False,False,0,0.0
2022-02-27,14:00,Premier League,Matchweek 27,Sun,Away,L,0,1,West Ham United,0.7,1.8,61,59946.0,Conor Coady,,,Anthony Taylor,Match Report,14,1,21.1,0,0,0,Wolverhampton Wanderers,2022,February,27,Late season,False,False,0,-0.7
2022-03-05,15:00,Premier League,Matchweek 28,Sat,Home,L,0,2,Crystal Palace,0.7,2.7,63,31395.0,Conor Coady,,4-2-3-1,Andy Madley,Match Report,12,5,19.8,0,0,0,Wolverhampton Wanderers,2022,March,28,Late season,False,False,0,-0.7
2022-03-10,19:30,Premier League,Matchweek 19,Thu,Home,W,4,0,Watford,0.7,0.6,66,29658.0,Conor Coady,,,Darren England,Match Report,10,5,18.9,0,0,0,Wolverhampton Wanderers,2022,March,19,Mid season,False,False,3,3.3
2022-03-13,14:00,Premier League,Matchweek 29,Sun,Away,W,1,0,Everton,0.8,0.4,61,39112.0,Conor Coady,,,Michael Oliver,Match Report,14,3,21.7,0,0,0,Wolverhampton Wanderers,2022,March,29,Late season,False,False,3,0.2
2022-03-18,20:00,Premier League,Matchweek 30,Fri,Home,L,2,3,Leeds United,1.2,2.0,48,31842.0,Conor Coady,,4-2-3-1,Kevin Friend,Match Report,14,8,20.9,0,0,0,Wolverhampton Wanderers,2022,March,30,Late season,False,False,0,0.8
2022-04-02,15:00,Premier League,Matchweek 31,Sat,Home,W,2,1,Aston Villa,1.3,2.1,49,31012.0,Conor Coady,,4-3-1-2,Darren England,Match Report,11,4,15.0,0,0,0,Wolverhampton Wanderers,2022,April,31,Late season,False,False,3,0.7
2022-04-08,20:00,Premier League,Matchweek 32,Fri,Away,L,0,1,Newcastle United,0.4,1.5,58,52164.0,Conor Coady,,,Peter Bankes,Match Report,5,2,18.2,0,0,0,Wolverhampton Wanderers,2022,April,32,Late season,False,False,0,-0.4
2022-04-24,14:00,Premier League,Matchweek 34,Sun,Away,L,0,1,Burnley,0.6,1.4,64,19246.0,Conor Coady,,,Anthony Taylor,Match Report,10,4,19.0,0,0,0,Wolverhampton Wanderers,2022,April,34,Late season,False,False,0,-0.6
2022-04-30,15:00,Premier League,Matchweek 35,Sat,Home,L,0,3,Brighton And Hove Albion,0.7,2.6,49,31243.0,Conor Coady,,,Simon Hooper,Match Report,11,1,18.7,1,0,0,Wolverhampton Wanderers,2022,April,35,Late season,False,False,0,-0.7
2022-05-07,15:00,Premier League,Matchweek 36,Sat,Away,D,2,2,Chelsea,2.0,1.7,41,32190.0,Conor Coady,,3-4-1-2,Peter Bankes,Match Report,14,4,15.6,0,0,0,Wolverhampton Wanderers,2022,May,36,Late season,False,False,1,0.0
2022-05-11,20:15,Premier League,Matchweek 33,Wed,Home,L,1,5,Manchester City,0.5,2.3,34,32000.0,Conor Coady,,4-2-3-1,Martin Atkinson,Match Report,7,3,16.9,0,0,0,Wolverhampton Wanderers,2022,May,33,Late season,False,False,0,0.5
2022-05-15,14:00,Premier League,Matchweek 37,Sun,Home,D,1,1,Norwich City,0.9,1.1,64,31219.0,Conor Coady,,,Tony Harrington,Match Report,17,4,20.8,1,0,0,Wolverhampton Wanderers,2022,May,37,Late season,False,False,1,0.1
2022-05-22,16:00,Premier League,Matchweek 38,Sun,Away,L,1,3,Liverpool,1.3,2.7,37,53097.0,Conor Coady,,,Anthony Taylor,Match Report,7,5,14.7,0,0,0,Wolverhampton Wanderers,2022,May,38,Late season,False,False,0,-0.3
2022-08-06,15:00,Premier League,Matchweek 1,Sat,Away,L,1,2,Leeds United,1.3,0.8,60,36347.0,Rúben Neves,4-2-3-1,4-2-3-1,Robert Jones,Match Report,15,6,18.9,0,0,0,Wolverhampton Wanderers,2023,August,1,Early season,False,False,0,-0.3
2022-08-13,15:00,Premier League,Matchweek 2,Sat,Home,D,0,0,Fulham,0.9,1.5,59,31178.0,Rúben Neves,4-2-3-1,4-2-3-1,John Brooks,Match Report,7,1,18.7,1,0,0,Wolverhampton Wanderers,2023,August,2,Early season,False,False,1,-0.9
2022-08-20,12:30,Premier League,Matchweek 3,Sat,Away,L,0,1,Tottenham Hotspur,0.7,1.7,50,61298.0,Rúben Neves,,,Simon Hooper,Match Report,20,3,21.9,1,0,0,Wolverhampton Wanderers,2023,August,3,Early season,False,False,0,-0.7
2022-08-28,14:00,Premier League,Matchweek 4,Sun,Home,D,1,1,Newcastle United,0.7,1.7,37,31311.0,Rúben Neves,,,Peter Bankes,Match Report,10,4,20.7,1,0,0,Wolverhampton Wanderers,2023,August,4,Early season,False,False,1,0.3
2022-08-31,19:30,Premier League,Matchweek 5,Wed,Away,D,0,0,Bournemouth,1.5,0.4,65,10113.0,Rúben Neves,,,Anthony Taylor,Match Report,17,3,17.7,1,0,0,Wolverhampton Wanderers,2023,August,5,Early season,False,False,1,-1.5
2022-09-03,15:00,Premier League,Matchweek 6,Sat,Home,W,1,0,Southampton,0.8,1.2,51,30546.0,Rúben Neves,,4-2-3-1,John Brooks,Match Report,7,2,12.9,0,0,0,Wolverhampton Wanderers,2023,September,6,Early season,False,False,3,0.2
2022-09-17,12:30,Premier League,Matchweek 8,Sat,Home,L,0,3,Manchester City,0.4,1.1,41,31578.0,Rúben Neves,,,Anthony Taylor,Match Report,6,1,19.6,2,0,0,Wolverhampton Wanderers,2023,September,8,Early season,False,False,0,-0.4
2022-10-01,17:30,Premier League,Matchweek 9,Sat,Away,L,0,2,West Ham United,0.7,0.9,61,62444.0,Rúben Neves,,4-2-3-1,Paul Tierney,Match Report,15,4,21.6,0,0,0,Wolverhampton Wanderers,2023,October,9,Early season,False,False,0,-0.7
2022-10-08,15:00,Premier League,Matchweek 10,Sat,Away,L,0,3,Chelsea,1.1,1.9,43,39940.0,João Moutinho,4-2-3-1,4-2-3-1,Simon Hooper,Match Report,8,2,14.5,1,0,0,Wolverhampton Wanderers,2023,October,10,Early season,False,False,0,-1.1
2022-10-15,15:00,Premier League,Matchweek 11,Sat,Home,W,1,0,Nottingham Forest,1.3,1.5,58,31554.0,Rúben Neves,4-2-3-1,,Thomas Bramall,Match Report,8,1,16.8,0,1,1,Wolverhampton Wanderers,2023,October,11,Early season,False,False,3,-0.3
2022-10-18,20:15,Premier League,Matchweek 12,Tue,Away,L,1,2,Crystal Palace,0.8,1.2,49,25125.0,Rúben Neves,4-2-3-1,,David Coote,Match Report,10,4,16.3,1,0,0,Wolverhampton Wanderers,2023,October,12,Early season,False,False,0,0.2
2022-10-23,14:00,Premier League,Matchweek 13,Sun,Home,L,0,4,Leicester City,2.1,0.9,60,31425.0,Rúben Neves,4-2-3-1,4-1-4-1,Michael Oliver,Match Report,21,5,15.7,1,0,0,Wolverhampton Wanderers,2023,October,13,Early season,False,False,0,-2.1
2022-10-29,15:00,Premier League,Matchweek 14,Sat,Away,D,1,1,Brentford,0.6,1.4,42,17051.0,Rúben Neves,4-2-3-1,,Robert Madley,Match Report,13,4,20.4,0,0,0,Wolverhampton Wanderers,2023,October,14,Mid season,False,False,1,0.4
2022-11-05,15:00,Premier League,Matchweek 15,Sat,Home,L,2,3,Brighton And Hove Albion,1.2,1.5,29,30732.0,Rúben Neves,,4-2-3-1,Graham Scott,Match Report,7,4,18.3,0,1,1,Wolverhampton Wanderers,2023,November,15,Mid season,False,False,0,0.8
2022-11-12,19:45,Premier League,Matchweek 16,Sat,Home,L,0,2,Arsenal,0.7,2.1,38,34624.0,João Moutinho,,,Stuart Attwell,Match Report,11,2,20.0,1,0,0,Wolverhampton Wanderers,2023,November,16,Mid season,False,False,0,-0.7
2022-12-26,15:00,Premier League,Matchweek 17,Mon,Away,W,2,1,Everton,0.8,1.7,42,39252.0,Rúben Neves,,,Craig Pawson,Match Report,7,4,18.6,0,0,0,Wolverhampton Wanderers,2023,December,17,Mid season,False,False,3,1.2
2022-12-31,12:30,Premier League,Matchweek 18,Sat,Home,L,0,1,Manchester United,0.7,2.0,46,31658.0,Rúben Neves,4-2-3-1,4-2-3-1,Robert Jones,Match Report,10,3,17.3,2,0,0,Wolverhampton Wanderers,2023,December,18,Mid season,False,False,0,-0.7
2023-01-04,20:00,Premier League,Matchweek 19,Wed,Away,D,1,1,Aston Villa,0.9,1.8,44,39978.0,Rúben Neves,4-2-3-1,,Jarred Gillett,Match Report,10,3,14.2,0,0,0,Wolverhampton Wanderers,2023,January,19,Mid season,False,False,1,0.1
2023-01-14,15:00,Premier League,Matchweek 20,Sat,Home,W,1,0,West Ham United,0.9,1.1,58,31511.0,Rúben Neves,4-2-3-1,,Simon Hooper,Match Report,17,4,20.0,0,0,0,Wolverhampton Wanderers,2023,January,20,Mid season,False,False,3,0.1
2023-01-22,14:00,Premier League,Matchweek 21,Sun,Away,L,0,3,Manchester City,0.8,2.8,45,53282.0,Rúben Neves,,3-2-4-1,David Coote,Match Report,10,1,16.4,0,0,0,Wolverhampton Wanderers,2023,January,21,Mid season,False,False,0,-0.8
2023-02-04,15:00,Premier League,Matchweek 22,Sat,Home,W,3,0,Liverpool,2.0,1.8,41,31664.0,Rúben Neves,,,Paul Tierney,Match Report,12,5,18.3,0,0,0,Wolverhampton Wanderers,2023,February,22,Mid season,False,False,3,1.0
2023-02-11,15:00,Premier League,Matchweek 23,Sat,Away,W,2,1,Southampton,0.8,1.1,59,29751.0,Rúben Neves,4-2-3-1,,Jarred Gillett,Match Report,11,1,18.7,0,0,0,Wolverhampton Wanderers,2023,February,23,Mid season,False,False,3,1.2
2023-02-18,15:00,Premier League,Matchweek 24,Sat,Home,L,0,1,Bournemouth,1.3,1.1,68,31222.0,Rúben Neves,4-2-3-1,4-2-3-1,Michael Salisbury,Match Report,15,4,13.3,0,0,0,Wolverhampton Wanderers,2023,February,24,Mid season,False,False,0,-1.3
2023-02-24,20:00,Premier League,Matchweek 25,Fri,Away,D,1,1,Fulham,0.8,0.5,49,24399.0,Rúben Neves,,4-2-3-1,Michael Oliver,Match Report,8,2,18.1,0,0,0,Wolverhampton Wanderers,2023,February,25,Mid season,False,False,1,0.2
2023-03-01,20:00,Premier League,Matchweek 7,Wed,Away,L,0,2,Liverpool,0.8,2.6,43,53259.0,Rúben Neves,4-2-3-1,,Paul Tierney,Match Report,4,1,11.0,0,0,0,Wolverhampton Wanderers,2023,March,7,Early season,False,False,0,-0.8
2023-03-04,15:00,Premier League,Matchweek 26,Sat,Home,W,1,0,Tottenham Hotspur,0.5,1.2,46,31585.0,Rúben Neves,4-2-3-1,,Tim Robinson,Match Report,8,5,21.0,0,0,0,Wolverhampton Wanderers,2023,March,26,Late season,False,False,3,0.5
2023-03-12,16:30,Premier League,Matchweek 27,Sun,Away,L,1,2,Newcastle United,1.1,1.8,57,52240.0,Rúben Neves,4-2-3-1,,Andy Madley,Match Report,7,4,19.5,1,0,0,Wolverhampton Wanderers,2023,March,27,Late season,False,False,0,-0.1
2023-03-18,15:00,Premier League,Matchweek 28,Sat,Home,L,2,4,Leeds United,2.7,1.6,65,31570.0,Rúben Neves,,4-2-3-1,Michael Salisbury,Match Report,23,8,16.1,1,0,0,Wolverhampton Wanderers,2023,March,28,Late season,False,False,0,-0.7
2023-04-01,15:00,Premier League,Matchweek 29,Sat,Away,D,1,1,Nottingham Forest,0.5,1.3,71,29368.0,Rúben Neves,4-2-3-1,4-3-2-1,Chris Kavanagh,Match Report,8,1,17.2,0,0,0,Wolverhampton Wanderers,2023,April,29,Late season,False,False,1,0.5
2023-04-08,15:00,Premier League,Matchweek 30,Sat,Home,W,1,0,Chelsea,0.6,1.1,38,31614.0,Max Kilman,,,Peter Bankes,Match Report,9,4,24.2,0,0,0,Wolverhampton Wanderers,2023,April,30,Late season,False,False,3,0.4
2023-04-15,15:00,Premier League,Matchweek 31,Sat,Home,W,2,0,Brentford,0.8,1.1,50,30769.0,Max Kilman,,,Paul Tierney,Match Report,11,9,18.4,0,0,0,Wolverhampton Wanderers,2023,April,31,Late season,False,False,3,1.2
2023-04-22,15:00,Premier League,Matchweek 32,Sat,Away,L,1,2,Leicester City,0.9,2.4,58,32053.0,Max Kilman,,4-2-3-1,Andy Madley,Match Report,16,3,20.7,2,0,0,Wolverhampton Wanderers,2023,April,32,Late season,False,False,0,0.1
2023-04-25,19:30,Premier League,Matchweek 33,Tue,Home,W,2,0,Crystal Palace,1.4,0.8,41,30294.0,Rúben Neves,,,Robert Jones,Match Report,8,2,17.0,0,1,1,Wolverhampton Wanderers,2023,April,33,Late season,False,False,3,0.6
2023-04-29,15:00,Premier League,Matchweek 34,Sat,Away,L,0,6,Brighton And Hove Albion,0.8,3.3,43,31584.0,Rúben Neves,,4-2-3-1,David Coote,Match Report,10,2,18.7,0,0,0,Wolverhampton Wanderers,2023,April,34,Late season,False,False,0,-0.8
2023-05-06,15:00,Premier League,Matchweek 35,Sat,Home,W,1,0,Aston Villa,0.8,1.5,38,31641.0,Rúben Neves,,,Stuart Attwell,Match Report,6,2,17.6,0,0,0,Wolverhampton Wanderers,2023,May,35,Late season,False,False,3,0.2
2023-05-13,15:00,Premier League,Matchweek 36,Sat,Away,L,0,2,Manchester United,0.3,3.2,52,73570.0,Rúben Neves,,4-2-3-1,John Brooks,Match Report,5,0,10.5,0,0,0,Wolverhampton Wanderers,2023,May,36,Late season,False,False,0,-0.3
2023-05-20,15:00,Premier League,Matchweek 37,Sat,Home,D,1,1,Everton,1.6,2.0,52,31684.0,Rúben Neves,,4-1-4-1,David Coote,Match Report,13,5,17.9,1,0,0,Wolverhampton Wanderers,2023,May,37,Late season,False,False,1,-0.6
2023-05-28,16:30,Premier League,Matchweek 38,Sun,Away,L,0,5,Arsenal,0.5,2.8,49,60095.0,Max Kilman,,,Andre Marriner,Match Report,6,0,14.7,1,0,0,Wolverhampton Wanderers,2023,May,38,Late season,False,False,0,-0.5
2023-08-14,20:00,Premier League,Matchweek 1,Mon,Away,L,0,1,Manchester United,2.2,2.2,49,73358.0,Max Kilman,,4-1-4-1,Simon Hooper,Match Report,23,6,15.3,0,0,0,Wolverhampton Wanderers,2024,August,1,Early season,False,False,0,-2.2
2023-08-19,15:00,Premier League,Matchweek 2,Sat,Home,L,1,4,Brighton And Hove Albion,2.1,2.2,47,31317.0,Max Kilman,4-4-1-1,4-2-3-1,Andy Madley,Match Report,16,5,16.1,0,0,0,Wolverhampton Wanderers,2024,August,2,Early season,False,False,0,-1.1
2023-08-26,15:00,Premier League,Matchweek 3,Sat,Away,W,1,0,Everton,1.1,1.3,53,38851.0,Max Kilman,4-4-1-1,4-1-4-1,Craig Pawson,Match Report,11,2,17.8,1,0,0,Wolverhampton Wanderers,2024,August,3,Early season,False,False,3,-0.1
2023-09-03,14:00,Premier League,Matchweek 4,Sun,Away,L,2,3,Crystal Palace,1.2,2.1,57,24741.0,Max Kilman,,,Robert Jones,Match Report,12,4,16.2,0,0,0,Wolverhampton Wanderers,2024,September,4,Early season,False,False,0,0.8
2023-09-16,12:30,Premier League,Matchweek 5,Sat,Home,L,1,3,Liverpool,0.6,2.5,35,31257.0,Max Kilman,4-2-3-1,,Michael Oliver,Match Report,11,2,18.7,0,0,0,Wolverhampton Wanderers,2024,September,5,Early season,False,False,0,0.4
2023-09-23,15:00,Premier League,Matchweek 6,Sat,Away,D,1,1,Luton Town,0.6,2.1,43,10893.0,Max Kilman,4-2-3-1,,Joshua Smith,Match Report,3,3,7.0,0,0,0,Wolverhampton Wanderers,2024,September,6,Early season,False,False,1,0.4
2023-09-30,15:00,Premier League,Matchweek 7,Sat,Home,W,2,1,Manchester City,0.4,0.9,32,31415.0,Max Kilman,,4-2-3-1,Craig Pawson,Match Report,3,1,11.4,0,0,0,Wolverhampton Wanderers,2024,September,7,Early season,False,False,3,1.6
2023-10-08,14:00,Premier League,Matchweek 8,Sun,Home,D,1,1,Aston Villa,1.7,1.6,47,31425.0,Max Kilman,,,Robert Jones,Match Report,8,3,16.0,0,0,0,Wolverhampton Wanderers,2024,October,8,Early season,False,False,1,-0.7
2023-10-21,15:00,Premier League,Matchweek 9,Sat,Away,W,2,1,Bournemouth,2.4,0.6,65,11175.0,Max Kilman,,4-2-3-1,Paul Tierney,Match Report,21,7,16.2,0,0,0,Wolverhampton Wanderers,2024,October,9,Early season,False,False,3,-0.4
2023-10-28,17:30,Premier League,Matchweek 10,Sat,Home,D,2,2,Newcastle United,0.9,2.2,43,31584.0,Max Kilman,,,Anthony Taylor,Match Report,11,6,17.2,1,0,0,Wolverhampton Wanderers,2024,October,10,Early season,False,False,1,1.1
2023-11-04,15:00,Premier League,Matchweek 11,Sat,Away,L,1,2,Sheffield United,1.2,1.0,61,29454.0,Max Kilman,4-4-1-1,3-4-1-2,Robert Jones,Match Report,10,3,17.5,1,0,0,Wolverhampton Wanderers,2024,November,11,Early season,False,False,0,-0.2
2023-11-11,12:30,Premier League,Matchweek 12,Sat,Home,W,2,1,Tottenham Hotspur,2.1,0.7,42,31642.0,Max Kilman,,,Tim Robinson,Match Report,17,4,18.5,0,0,0,Wolverhampton Wanderers,2024,November,12,Early season,False,False,3,-0.1
2023-11-27,20:00,Premier League,Matchweek 13,Mon,Away,L,2,3,Fulham,1.4,2.9,40,24366.0,Max Kilman,,4-2-3-1,Michael Salisbury,Match Report,9,5,16.6,0,1,1,Wolverhampton Wanderers,2024,November,13,Early season,False,False,0,0.6
2023-12-02,15:00,Premier League,Matchweek 14,Sat,Away,L,1,2,Arsenal,0.7,2.8,43,60262.0,Max Kilman,,,Peter Bankes,Match Report,6,3,10.8,0,0,0,Wolverhampton Wanderers,2024,December,14,Mid season,False,False,0,0.3
2023-12-05,19:30,Premier League,Matchweek 15,Tue,Home,W,1,0,Burnley,0.8,0.9,51,30439.0,Max Kilman,,,Jarred Gillett,Match Report,7,4,15.8,1,0,0,Wolverhampton Wanderers,2024,December,15,Mid season,False,False,3,0.2
2023-12-09,15:00,Premier League,Matchweek 16,Sat,Home,D,1,1,Nottingham Forest,1.2,1.3,68,31543.0,Max Kilman,,,Samuel Barrott,Match Report,10,4,15.2,0,0,0,Wolverhampton Wanderers,2024,December,16,Mid season,False,False,1,-0.2
2023-12-17,14:00,Premier League,Matchweek 17,Sun,Away,L,0,3,West Ham United,0.7,1.1,55,62455.0,Max Kilman,,4-2-3-1,Chris Kavanagh,Match Report,14,3,20.5,0,0,0,Wolverhampton Wanderers,2024,December,17,Mid season,False,False,0,-0.7
2023-12-24,13:00,Premier League,Matchweek 18,Sun,Home,W,2,1,Chelsea,1.3,2.0,32,31641.0,Max Kilman,,4-2-3-1,David Coote,Match Report,14,6,16.7,1,0,0,Wolverhampton Wanderers,2024,December,18,Mid season,False,False,3,0.7
2023-12-27,19:30,Premier League,Matchweek 19,Wed,Away,W,4,1,Brentford,2.4,2.2,40,17109.0,Max Kilman,,,Andy Madley,Match Report,11,5,17.8,0,0,0,Wolverhampton Wanderers,2024,December,19,Mid season,False,False,3,1.6
2023-12-30,15:00,Premier League,Matchweek 20,Sat,Home,W,3,0,Everton,1.9,0.4,53,31639.0,Max Kilman,,,Thomas Bramall,Match Report,12,6,13.4,0,0,0,Wolverhampton Wanderers,2024,December,20,Mid season,False,False,3,1.1
2024-01-22,19:45,Premier League,Matchweek 21,Mon,Away,D,0,0,Brighton And Hove Albion,1.1,1.0,28,41505.0,Max Kilman,,,Craig Pawson,Match Report,8,3,18.6,0,0,0,Wolverhampton Wanderers,2024,January,21,Mid season,False,False,1,-1.1
2024-02-01,20:15,Premier League,Matchweek 22,Thu,Home,L,3,4,Manchester United,2.1,3.3,53,31641.0,Max Kilman,,4-2-3-1,Jarred Gillett,Match Report,15,5,16.6,1,1,1,Wolverhampton Wanderers,2024,February,22,Mid season,False,False,0,0.9
2024-02-04,14:00,Premier League,Matchweek 23,Sun,Away,W,4,2,Chelsea,2.0,1.7,36,39628.0,Max Kilman,,4-2-3-1,Tim Robinson,Match Report,13,6,16.6,2,1,1,Wolverhampton Wanderers,2024,February,23,Mid season,False,False,3,2.0
2024-02-10,15:00,Premier League,Matchweek 24,Sat,Home,L,0,2,Brentford,1.0,1.9,71,30731.0,Max Kilman,,,Simon Hooper,Match Report,17,5,17.2,1,0,0,Wolverhampton Wanderers,2024,February,24,Mid season,False,False,0,-1.0
2024-02-17,15:00,Premier League,Matchweek 25,Sat,Away,W,2,1,Tottenham Hotspur,1.8,1.6,29,61532.0,José Sá,,4-2-3-1,Anthony Taylor,Match Report,12,7,15.9,0,0,0,Wolverhampton Wanderers,2024,February,25,Mid season,False,False,3,0.2
2024-02-25,13:30,Premier League,Matchweek 26,Sun,Home,W,1,0,Sheffield United,1.3,0.6,63,30789.0,Max Kilman,,,Darren Bond,Match Report,13,2,14.6,0,0,0,Wolverhampton Wanderers,2024,February,26,Late season,False,False,3,-0.3
2024-03-02,15:00,Premier League,Matchweek 27,Sat,Away,L,0,3,Newcastle United,0.8,2.1,56,52206.0,Max Kilman,,,Tim Robinson,Match Report,12,3,15.9,0,0,0,Wolverhampton Wanderers,2024,March,27,Late season,False,False,0,-0.8
2024-03-09,15:00,Premier League,Matchweek 28,Sat,Home,W,2,1,Fulham,0.8,2.6,48,30860.0,Max Kilman,4-2-3-1,4-2-3-1,Tony Harrington,Match Report,8,3,16.3,0,0,0,Wolverhampton Wanderers,2024,March,28,Late season,False,False,3,1.2
2024-03-30,17:30,Premier League,Matchweek 30,Sat,Away,L,0,2,Aston Villa,1.5,1.0,52,42640.0,Max Kilman,,,Paul Tierney,Match Report,13,3,14.6,1,0,0,Wolverhampton Wanderers,2024,March,30,Late season,False,False,0,-1.5
2024-04-02,19:45,Premier League,Matchweek 31,Tue,Away,D,1,1,Burnley,0.9,1.3,49,21528.0,Max Kilman,4-4-1-1,,Thomas Bramall,Match Report,8,2,12.4,0,0,0,Wolverhampton Wanderers,2024,April,31,Late season,False,False,1,0.1
2024-04-06,15:00,Premier League,Matchweek 32,Sat,Home,L,1,2,West Ham United,1.5,1.2,58,31504.0,Max Kilman,,4-2-3-1,Tony Harrington,Match Report,13,6,25.4,1,1,1,Wolverhampton Wanderers,2024,April,32,Late season,False,False,0,-0.5
2024-04-13,15:00,Premier League,Matchweek 33,Sat,Away,D,2,2,Nottingham Forest,1.0,1.9,54,29604.0,Max Kilman,3-4-1-2,4-2-3-1,Craig Pawson,Match Report,11,3,16.1,0,0,0,Wolverhampton Wanderers,2024,April,33,Late season,False,False,1,1.0
2024-04-20,19:30,Premier League,Matchweek 34,Sat,Home,L,0,2,Arsenal,0.2,1.2,46,31621.0,Max Kilman,,,Paul Tierney,Match Report,5,3,20.1,0,0,0,Wolverhampton Wanderers,2024,April,34,Late season,False,False,0,-0.2
2024-04-24,19:45,Premier League,Matchweek 29,Wed,Home,L,0,1,Bournemouth,0.5,1.9,63,25541.0,Max Kilman,4-1-4-1,4-2-3-1,Stuart Attwell,Match Report,15,4,20.1,0,0,0,Wolverhampton Wanderers,2024,April,29,Late season,False,False,0,-0.5
2024-04-27,15:00,Premier League,Matchweek 35,Sat,Home,W,2,1,Luton Town,1.2,0.6,58,31531.0,Max Kilman,3-5-1-1,,David Coote,Match Report,13,5,18.8,0,0,0,Wolverhampton Wanderers,2024,April,35,Late season,False,False,3,0.8
2024-05-04,17:30,Premier League,Matchweek 36,Sat,Away,L,1,5,Manchester City,0.3,3.7,42,52439.0,Max Kilman,,4-2-3-1,Craig Pawson,Match Report,2,1,9.0,0,0,0,Wolverhampton Wanderers,2024,May,36,Late season,False,False,0,0.7
2024-05-11,15:00,Premier League,Matchweek 37,Sat,Home,L,1,3,Crystal Palace,1.6,2.6,62,31424.0,Max Kilman,3-5-1-1,,Thomas Bramall,Match Report,14,8,14.6,0,0,0,Wolverhampton Wanderers,2024,May,37,Late season,False,False,0,-0.6
2024-05-19,16:00,Premier League,Matchweek 38,Sun,Away,L,0,2,Liverpool,0.5,4.5,33,60059.0,Max Kilman,3-5-1-1,,Chris Kavanagh,Match Report,4,2,19.0,1,0,0,Wolverhampton Wanderers,2024,May,38,Late season,False,False,0,-0.5
2024-08-17,15:00,Premier League,Matchweek 1,Sat,Away,L,0,2,Arsenal,0.5,1.2,47,60261.0,Mario Lemina,4-2-3-1,,Jarred Gillett,Match Report,9,3,19.3,1,0,0,Wolverhampton Wanderers,2025,August,1,Early season,False,False,0,-0.5
2024-08-25,14:00,Premier League,Matchweek 2,Sun,Home,L,2,6,Chelsea,1.9,1.6,40,31235.0,Mario Lemina,4-2-3-1,4-2-3-1,Darren England,Match Report,12,4,19.1,1,0,0,Wolverhampton Wanderers,2025,August,2,Early season,False,False,0,0.1
2024-08-31,15:00,Premier League,Matchweek 3,Sat,Away,D,1,1,Nottingham Forest,0.7,1.0,48,29918.0,Mario Lemina,4-4-1-1,4-2-3-1,Simon Hooper,Match Report,11,2,20.7,0,0,0,Wolverhampton Wanderers,2025,August,3,Early season,False,False,1,0.3
2024-09-15,16:30,Premier League,Matchweek 4,Sun,Home,L,1,2,Newcastle United,1.2,1.5,49,30255.0,Mario Lemina,4-4-1-1,,Chris Kavanagh,Match Report,12,5,15.2,0,0,0,Wolverhampton Wanderers,2025,September,4,Early season,False,False,0,-0.2
2024-09-21,15:00,Premier League,Matchweek 5,Sat,Away,L,1,3,Aston Villa,0.5,1.7,47,39978.0,Mario Lemina,4-1-4-1,4-2-3-1,Tim Robinson,Match Report,10,4,14.9,0,0,0,Wolverhampton Wanderers,2025,September,5,Early season,False,False,0,0.5
2024-09-28,17:30,Premier League,Matchweek 6,Sat,Home,L,1,2,Liverpool,0.6,2.5,45,31413.0,Mario Lemina,4-1-4-1,4-2-3-1,Anthony Taylor,Match Report,8,3,22.9,0,0,0,Wolverhampton Wanderers,2025,September,6,Early season,False,False,0,0.4
2024-10-05,15:00,Premier League,Matchweek 7,Sat,Away,L,3,5,Brentford,1.0,4.2,56,16960.0,Mario Lemina,4-1-4-1,4-2-3-1,Andy Madley,Match Report,17,6,20.9,0,0,0,Wolverhampton Wanderers,2025,October,7,Early season,False,False,0,2.0
2024-10-20,14:00,Premier League,Matchweek 8,Sun,Home,L,1,2,Manchester City,0.8,1.6,23,31319.0,Mario Lemina,,4-1-4-1,Chris Kavanagh,Match Report,3,2,17.6,0,0,0,Wolverhampton Wanderers,2025,October,8,Early season,False,False,0,0.2
2024-10-26,15:00,Premier League,Matchweek 9,Sat,Away,D,2,2,Brighton And Hove Albion,1.3,1.3,49,31840.0,Mario Lemina,,,Michael Oliver,Match Report,14,7,11.9,0,0,0,Wolverhampton Wanderers,2025,October,9,Early season,False,False,1,0.7
2024-11-02,17:30,Premier League,Matchweek 10,Sat,Home,D,2,2,Crystal Palace,1.5,2.4,57,31124.0,Nélson Semedo,,,Anthony Taylor,Match Report,11,6,17.6,0,0,0,Wolverhampton Wanderers,2025,November,10,Early season,False,False,1,0.5
2024-11-09,15:00,Premier League,Matchweek 11,Sat,Home,W,2,0,Southampton,1.3,0.6,29,31403.0,Mario Lemina,4-2-3-1,,Thomas Bramall,Match Report,8,4,23.1,0,0,0,Wolverhampton Wanderers,2025,November,11,Early season,False,False,3,0.7
2024-11-23,15:00,Premier League,Matchweek 12,Sat,Away,W,4,1,Fulham,1.3,1.0,41,26685.0,Mario Lemina,,4-2-3-1,Robert Jones,Match Report,10,5,16.5,0,0,0,Wolverhampton Wanderers,2025,November,12,Early season,False,False,3,2.7
2024-11-30,15:00,Premier League,Matchweek 13,Sat,Home,L,2,4,Bournemouth,0.5,3.3,60,26685.0,Mario Lemina,4-2-3-1,4-2-3-1,Peter Bankes,Match Report,10,3,19.9,1,0,0,Wolverhampton Wanderers,2025,November,13,Early season,False,False,0,1.5
2024-12-04,19:30,Premier League,Matchweek 14,Wed,Away,L,0,4,Everton,0.8,1.0,56,38820.0,Mario Lemina,,4-2-3-1,Michael Salisbury,Match Report,6,2,20.7,0,0,0,Wolverhampton Wanderers,2025,December,14,Mid season,False,False,0,-0.8
2024-12-09,20:00,Premier League,Matchweek 15,Mon,Away,L,1,2,West Ham United,1.4,1.0,46,62474.0,Mario Lemina,,4-2-3-1,John Brooks,Match Report,19,5,17.9,0,0,0,Wolverhampton Wanderers,2025,December,15,Mid season,False,False,0,-0.4
2024-12-14,15:00,Premier League,Matchweek 16,Sat,Home,L,1,2,Ipswich Town,1.3,1.1,54,30866.0,Nélson Semedo,,4-2-3-1,Simon Hooper,Match Report,16,6,18.4,0,0,0,Wolverhampton Wanderers,2025,December,16,Mid season,False,False,0,-0.3
2024-12-22,14:00,Premier League,Matchweek 17,Sun,Away,W,3,0,Leicester City,1.1,0.8,46,31818.0,Nélson Semedo,,4-2-3-1,Anthony Taylor,Match Report,8,4,14.6,1,0,0,Wolverhampton Wanderers,2025,December,17,Mid season,False,False,3,1.9
2024-12-26,17:30,Premier League,Matchweek 18,Thu,Home,W,2,0,Manchester United,0.9,0.4,51,31407.0,Nélson Semedo,,,Tony Harrington,Match Report,7,4,24.1,1,0,0,Wolverhampton Wanderers,2025,December,18,Mid season,False,False,3,1.1
2024-12-29,15:00,Premier League,Matchweek 19,Sun,Away,D,2,2,Tottenham Hotspur,0.7,2.2,52,61284.0,Nélson Semedo,,4-2-3-1,Chris Kavanagh,Match Report,11,3,20.0,1,0,0,Wolverhampton Wanderers,2025,December,19,Mid season,False,False,1,1.3
2025-01-06,20:00,Premier League,Matchweek 20,Mon,Home,L,0,3,Nottingham Forest,1.5,2.1,60,29940.0,Matt Doherty,,4-2-3-1,Peter Bankes,Match Report,13,5,15.3,0,0,0,Wolverhampton Wanderers,2025,January,20,Mid season,False,False,0,-1.5
2025-01-15,19:30,Premier League,Matchweek 21,Wed,Away,L,0,3,Newcastle United,1.6,2.1,40,51975.0,Matt Doherty,,,Darren England,Match Report,13,7,17.4,0,0,0,Wolverhampton Wanderers,2025,January,21,Mid season,False,False,0,-1.6
2025-01-20,20:00,Premier League,Matchweek 22,Mon,Away,L,1,3,Chelsea,0.8,3.1,37,39221.0,Nélson Semedo,,4-2-3-1,Simon Hooper,Match Report,9,4,16.7,0,0,0,Wolverhampton Wanderers,2025,January,22,Mid season,False,False,0,0.2
2025-01-25,15:00,Premier League,Matchweek 23,Sat,Home,L,0,1,Arsenal,0.7,1.0,51,31503.0,Nélson Semedo,,,Michael Oliver,Match Report,9,4,22.0,0,0,0,Wolverhampton Wanderers,2025,January,23,Mid season,False,False,0,-0.7
2025-02-01,17:30,Premier League,Matchweek 24,Sat,Home,W,2,0,Aston Villa,1.6,0.4,32,31385.0,Nélson Semedo,,4-2-3-1,Andy Madley,Match Report,8,5,17.2,1,0,0,Wolverhampton Wanderers,2025,February,24,Mid season,False,False,3,0.4
2025-02-16,14:00,Premier League,Matchweek 25,Sun,Away,L,1,2,Liverpool,1.5,1.7,50,60248.0,Nélson Semedo,,4-2-3-1,Simon Hooper,Match Report,16,4,22.0,2,0,0,Wolverhampton Wanderers,2025,February,25,Mid season,False,False,0,-0.5
2025-02-22,15:00,Premier League,Matchweek 26,Sat,Away,W,1,0,Bournemouth,2.0,0.9,54,11206.0,Nélson Semedo,,4-2-3-1,Michael Salisbury,Match Report,13,5,17.5,1,0,0,Wolverhampton Wanderers,2025,February,26,Late season,False,False,3,-1.0
2025-02-25,19:30,Premier League,Matchweek 27,Tue,Home,L,1,2,Fulham,1.3,1.7,60,28708.0,Nélson Semedo,,,Peter Bankes,Match Report,18,5,17.9,3,0,0,Wolverhampton Wanderers,2025,February,27,Late season,False,False,0,-0.3
2025-03-08,20:00,Premier League,Matchweek 28,Sat,Home,D,1,1,Everton,0.8,1.2,66,30738.0,Nélson Semedo,,4-2-3-1,Stuart Attwell,Match Report,11,3,18.3,1,0,0,Wolverhampton Wanderers,2025,March,28,Late season,False,False,1,0.2
2025-03-15,15:00,Premier League,Matchweek 29,Sat,Away,W,2,1,Southampton,0.4,1.3,40,30950.0,Nélson Semedo,,,Robert Jones,Match Report,5,3,18.5,0,0,0,Wolverhampton Wanderers,2025,March,29,Late season,False,False,3,1.6
2025-04-01,19:45,Premier League,Matchweek 30,Tue,Home,W,1,0,West Ham United,1.2,1.3,42,29587.0,Nélson Semedo,,,Tony Harrington,Match Report,9,2,21.5,1,0,0,Wolverhampton Wanderers,2025,April,30,Late season,False,False,3,-0.2
2025-04-05,15:00,Premier League,Matchweek 31,Sat,Away,W,2,1,Ipswich Town,2.6,0.8,55,29549.0,Nélson Semedo,,4-2-3-1,Peter Bankes,Match Report,22,6,13.2,0,0,0,Wolverhampton Wanderers,2025,April,31,Late season,False,False,3,-0.6
2025-04-13,14:00,Premier League,Matchweek 32,Sun,Home,W,4,2,Tottenham Hotspur,2.4,2.0,37,31463.0,Nélson Semedo,,,Anthony Taylor,Match Report,13,5,15.5,1,0,0,Wolverhampton Wanderers,2025,April,32,Late season,False,False,3,1.6
2025-04-20,14:00,Premier League,Matchweek 33,Sun,Away,W,1,0,Manchester United,0.2,1.3,41,73819.0,Nélson Semedo,,,Robert Jones,Match Report,4,2,20.6,1,0,0,Wolverhampton Wanderers,2025,April,33,Late season,False,False,3,0.8
2025-04-26,15:00,Premier League,Matchweek 34,Sat,Home,W,3,0,Leicester City,2.0,1.1,56,31518.0,Nélson Semedo,,4-2-3-1,Samuel Barrott,Match Report,20,5,19.8,1,0,0,Wolverhampton Wanderers,2025,April,34,Late season,False,False,3,1.0
2025-05-02,20:00,Premier League,Matchweek 35,Fri,Away,L,0,1,Manchester City,0.4,0.7,37,53282.0,Nélson Semedo,,4-2-3-1,Peter Bankes,Match Report,6,0,16.3,0,0,0,Wolverhampton Wanderers,2025,May,35,Late season,False,False,0,-0.4
2025-05-10,15:00,Premier League,Matchweek 36,Sat,Home,L,0,2,Brighton And Hove Albion,0.9,1.6,56,31279.0,Nélson Semedo,,4-2-3-1,Michael Oliver,Match Report,10,3,15.5,0,0,0,Wolverhampton Wanderers,2025,May,36,Late season,False,False,0,-0.9
2025-05-20,20:00,Premier League,Matchweek 37,Tue,Away,L,2,4,Crystal Palace,1.4,1.7,69,24766.0,Toti Gomes,,,David Webb,Match Report,12,3,15.1,0,0,0,Wolverhampton Wanderers,2025,May,37,Late season,False,False,0,0.6
2025-05-25,16:00,Premier League,Matchweek 38,Sun,Home,D,1,1,Brentford,1.0,1.4,49,31382.0,Nélson Semedo,,4-2-3-1,Craig Pawson,Match Report,18,6,20.6,0,0,0,Wolverhampton Wanderers,2025,May,38,Late season,False,False,1,0.0
